chercheur_id,article_id,raw_pub_id
fsbm_mohamed_moumou,art_00001,fsbm_mohamed_moumou::oa:W4232524659
fsbm_mohamed_moumou,art_00002,fsbm_mohamed_moumou::oa:W3166894954
fsbm_faouziya_haissen,art_00003,fsbm_faouziya_haissen::oa:W3016677184
fsbm_mohamed_moumou,art_00004,fsbm_mohamed_moumou::oa:W2028881546
fsbm_mohamed_moumou,art_00005,fsbm_mohamed_moumou::oa:W2092789123
fsbm_mohammed_berrada,art_00006,fsbm_mohammed_berrada::oa:W1980421088
fsbm_faouziya_haissen,art_00007,fsbm_faouziya_haissen::oa:W2035061083
fsbm_siham_slassi,art_00008,fsbm_siham_slassi::oa:W4230017513
fsbm_siham_slassi,art_00009,fsbm_siham_slassi::oa:W2766399983
fsbm_samir_chtita,art_00010,fsbm_samir_chtita::oa:W4200512809
fsbm_samir_chtita,art_00011,fsbm_samir_chtita::oa:W4220673652
fsbm_mostafa_oukassou,art_00012,fsbm_mostafa_oukassou::oa:W4380899111
fsbm_mohamed_moumou,art_00013,fsbm_mohamed_moumou::oa:W1997925929
fsbm_mohamed_moumou,art_00014,fsbm_mohamed_moumou::oa:W2066732369
fsbm_abdellatif_slimani,art_00015,fsbm_abdellatif_slimani::PA70UmkAAAAJ:ULOm3_A8WrAC
fsbm_mohamed_moumou,art_00016,fsbm_mohamed_moumou::oa:W74633670
fsbm_mohamed_moumou,art_00017,fsbm_mohamed_moumou::oa:W4252499224
fsbm_mohamed_moumou,art_00018,fsbm_mohamed_moumou::oa:W2034241710
fsbm_mohamed_moumou,art_00019,fsbm_mohamed_moumou::oa:W2272799787
fsbm_bouazza_braikat,art_00020,fsbm_bouazza_braikat::oa:W2598561588
fsbm_abdellah_hamdaoui,art_00021,fsbm_abdellah_hamdaoui::oa:W4407172469
fsbm_abdessamad_belangour,art_00022,fsbm_abdessamad_belangour::oa:W2755491750
fsbm_abdessamad_belangour,art_00023,fsbm_abdessamad_belangour::oa:W2982593707
fsbm_abdessamad_belangour,art_00024,fsbm_abdessamad_belangour::oa:W2981358046
fsbm_imane_agmour,art_00025,fsbm_imane_agmour::oa:W3128700294
fsbm_mohamed_ghazouani,art_00026,fsbm_mohamed_ghazouani::oa:W4388127925
fsbm_elhabib_benlahmar,art_00027,fsbm_elhabib_benlahmar::oa:W3174613144
fsbm_aziz_boutouil,art_00028,fsbm_aziz_boutouil::oa:W3008550002
fsbm_abdessamad_belangour,art_00029,fsbm_abdessamad_belangour::oa:W4400813227
fsbm_allal_labriki,art_00030,fsbm_allal_labriki::oa:W4382394728
fsbm_nawal_sael,art_00031,fsbm_nawal_sael::oa:W2782974879
fsbm_abdessamad_belangour,art_00032,fsbm_abdessamad_belangour::oa:W2783013904
fsbm_elhabib_benlahmar,art_00033,fsbm_elhabib_benlahmar::oa:W3028172775
fsbm_omar_zahour,art_00033,fsbm_omar_zahour::oa:W3028172775
fsbm_abdessamad_belangour,art_00034,fsbm_abdessamad_belangour::oa:W3082042758
fsbm_faouzia_benabbou,art_00035,fsbm_faouzia_benabbou::oa:W2994856814
fsbm_nawal_sael,art_00035,fsbm_nawal_sael::oa:W2994856814
fsbm_abdessamad_belangour,art_00036,fsbm_abdessamad_belangour::oa:W4293758249
fsbm_fouad_damiri,art_00037,fsbm_fouad_damiri::oa:W4295808718
fsbm_khalid_kandali,art_00038,fsbm_khalid_kandali::oa:W4416932325
fsbm_khalid_kandali,art_00039,fsbm_khalid_kandali::oa:W7126446293
fsbm_said_nouh,art_00039,fsbm_said_nouh::oa:W7126446293
fsbm_mohssine_bentaib,art_00040,fsbm_mohssine_bentaib::oa:W4410738345
fsbm_laila_mouakkir,art_00041,fsbm_laila_mouakkir::oa:W4313402629
fsbm_tarik_chafiq,art_00042,fsbm_tarik_chafiq::oa:W7119508904
fsbm_samir_chtita,art_00043,fsbm_samir_chtita::oa:W4296323794
fsbm_abdelmoghit_zaarane,art_00044,fsbm_abdelmoghit_zaarane::WyhosLcAAAAJ:hC7cP41nSMkC
fsbm_issam_atouf,art_00044,fsbm_issam_atouf::oa:W7135194730
fsbm_abdellah_hamdaoui,art_00045,fsbm_abdellah_hamdaoui::oa:W4391684893
fsbm_rachida_moultif,art_00046,fsbm_rachida_moultif::oa:W2807041869
fsbm_faouzia_benabbou,art_00047,fsbm_faouzia_benabbou::oa:W3008252599
fsbm_aziza_elbakali,art_00048,fsbm_aziza_elbakali::ADagKpAAAAAJ:u5HHmVD_uO8C
fsbm_abdellah_hamdaoui,art_00049,fsbm_abdellah_hamdaoui::oa:W4388808721
fsbm_bouazza_braikat,art_00050,fsbm_bouazza_braikat::oa:W3119146804
fsbm_abdellah_hamdaoui,art_00051,fsbm_abdellah_hamdaoui::oa:W4405574931
fsbm_abdellah_hamdaoui,art_00052,fsbm_abdellah_hamdaoui::oa:W4407269397
fsbm_imane_agmour,art_00053,fsbm_imane_agmour::oa:W4413344302
fsbm_mohamed_ghazouani,art_00054,fsbm_mohamed_ghazouani::oa:W4379177019
fsbm_imane_agmour,art_00055,fsbm_imane_agmour::oa:W3118172406
fsbm_khalid_adnaoui,art_00056,fsbm_khalid_adnaoui::oa:W7130348544
fsbm_khalid_adnaoui,art_00057,fsbm_khalid_adnaoui::oa:W4405945883
fsbm_abdellatif_slimani,art_00058,fsbm_abdellatif_slimani::PA70UmkAAAAJ:UeHWp8X0CEIC
fsbm_bouazza_braikat,art_00059,fsbm_bouazza_braikat::oa:W2057398967
fsbm_abdellah_hamdaoui,art_00060,fsbm_abdellah_hamdaoui::oa:W2903220317
fsbm_bouazza_braikat,art_00060,fsbm_bouazza_braikat::oa:W2903220317
fsbm_siham_slassi,art_00061,fsbm_siham_slassi::oa:W2920272025
fsbm_chaouki_sadik,art_00062,fsbm_chaouki_sadik::oa:W3213645516
fsbm_chaouki_sadik,art_00063,fsbm_chaouki_sadik::oa:W4400110029
fsbm_faouzia_benabbou,art_00064,fsbm_faouzia_benabbou::oa:W4400770603
fsbm_halima_lebrazi,art_00065,fsbm_halima_lebrazi::oa:W4416926478
fsbm_karima_mohtadi,art_00065,fsbm_karima_mohtadi::oa:W4416926478
fsbm_elhabib_benlahmar,art_00066,fsbm_elhabib_benlahmar::oa:W3020749318
fsbm_said_nouh,art_00067,fsbm_said_nouh::oa:W2789721421
fsbm_khalid_adnaoui,art_00068,fsbm_khalid_adnaoui::oa:W4353001204
fsbm_omar_zakary,art_00069,fsbm_omar_zakary::oa:W3049717334
fsbm_khalid_kandali,art_00070,fsbm_khalid_kandali::oa:W7167889024
fsbm_said_nouh,art_00071,fsbm_said_nouh::oa:W1590529623
fsbm_abdellatif_slimani,art_00072,fsbm_abdellatif_slimani::PA70UmkAAAAJ:MXK_kJrjxJIC
fsbm_tarik_chafiq,art_00073,fsbm_tarik_chafiq::oa:W4252449316
fsbm_omar_zakary,art_00074,fsbm_omar_zakary::oa:W2607827829
fsbm_omar_zakary,art_00075,fsbm_omar_zakary::oa:W2588929915
fsbm_hassan_laarabi,art_00076,fsbm_hassan_laarabi::oa:W3170633329
fsbm_omar_zakary,art_00077,fsbm_omar_zakary::oa:W2470137482
fsbm_bouazza_braikat,art_00078,fsbm_bouazza_braikat::oa:W2029334696
fsbm_mohamed_talea,art_00079,fsbm_mohamed_talea::oa:W2792669219
fsbm_omar_zakary,art_00080,fsbm_omar_zakary::oa:W2485661712
fsbm_abdellah_hamdaoui,art_00081,fsbm_abdellah_hamdaoui::oa:W2946255924
fsbm_fouad_damiri,art_00082,fsbm_fouad_damiri::oa:W3099086326
fsbm_mohammed_berrada,art_00082,fsbm_mohammed_berrada::oa:W3099086326
fsbm_abderrahmane_daif,art_00083,fsbm_abderrahmane_daif::oa:W2775825833
fsbm_abdelhafid_bassou,art_00084,fsbm_abdelhafid_bassou::oa:W3011113343
fsbm_abdellah_hamdaoui,art_00085,fsbm_abdellah_hamdaoui::oa:W2081235455
fsbm_siham_slassi,art_00086,fsbm_siham_slassi::oa:W4413884033
fsbm_mohamed_ghazouani,art_00087,fsbm_mohamed_ghazouani::oa:W3196425088
fsbm_mohamed_ghazouani,art_00088,fsbm_mohamed_ghazouani::oa:W4315851327
fsbm_othmane_daoudi,art_00089,fsbm_othmane_daoudi::oa:W3086881190
fsbm_said_nouh,art_00090,fsbm_said_nouh::oa:W2923865403
fsbm_omar_zakary,art_00091,fsbm_omar_zakary::oa:W2731562002
fsbm_said_nouh,art_00092,fsbm_said_nouh::oa:W4313249664
fsbm_khalid_kandali,art_00093,fsbm_khalid_kandali::oa:W3139173940
fsbm_aziz_boutouil,art_00094,fsbm_aziz_boutouil::oa:W2971539354
fsbm_faouzia_benabbou,art_00095,fsbm_faouzia_benabbou::oa:W3089874376
fsbm_youssef_naimi,art_00096,fsbm_youssef_naimi::oa:W3020684119
fsbm_abdelhafid_bassou,art_00097,fsbm_abdelhafid_bassou::oa:W3090519756
fsbm_mohamed_ghazouani,art_00098,fsbm_mohamed_ghazouani::oa:W4406263195
fsbm_omar_zakary,art_00099,fsbm_omar_zakary::oa:W3008937579
fsbm_mostafa_oukassou,art_00100,fsbm_mostafa_oukassou::oa:W4393315516
fsbm_said_nouh,art_00101,fsbm_said_nouh::oa:W2907374034
fsbm_mohamed_ghazouani,art_00102,fsbm_mohamed_ghazouani::oa:W4391466869
fsbm_wadi_badri,art_00103,fsbm_wadi_badri::oa:W1979320870
fsbm_abdelhafid_bassou,art_00104,fsbm_abdelhafid_bassou::oa:W3168197520
fsbm_abdelmjid_abourriche,art_00105,fsbm_abdelmjid_abourriche::oa:W4235622899
fsbm_imane_agmour,art_00106,fsbm_imane_agmour::oa:W4390266361
fsbm_mohammed_berrada,art_00107,fsbm_mohammed_berrada::oa:W2068588035
fsbm_siham_slassi,art_00108,fsbm_siham_slassi::oa:W3187615448
fsbm_khalid_kandali,art_00109,fsbm_khalid_kandali::oa:W4318615260
fsbm_mohammed_berrada,art_00110,fsbm_mohammed_berrada::oa:W2130345347
fsbm_fouad_alloun,art_00111,fsbm_fouad_alloun::oa:W4389801994
fsbm_khalid_kandali,art_00112,fsbm_khalid_kandali::oa:W2980043507
fsbm_fouad_damiri,art_00113,fsbm_fouad_damiri::oa:W3216761593
fsbm_mohammed_berrada,art_00113,fsbm_mohammed_berrada::oa:W3216761593
fsbm_bouazza_braikat,art_00114,fsbm_bouazza_braikat::oa:W2625064316
fsbm_bouazza_braikat,art_00115,fsbm_bouazza_braikat::oa:W3101442753
fsbm_soumia_mordane,art_00116,fsbm_soumia_mordane::oa:W2030142603
fsbm_chaouki_sadik,art_00117,fsbm_chaouki_sadik::oa:W3190849851
fsbm_abdelmoghit_zaarane,art_00118,fsbm_abdelmoghit_zaarane::WyhosLcAAAAJ:mVmsd5A6BfQC
fsbm_elhabib_benlahmar,art_00119,fsbm_elhabib_benlahmar::oa:W2917738783
fsbm_abdellah_hamdaoui,art_00120,fsbm_abdellah_hamdaoui::oa:W3092741081
fsbm_mohamed_moumou,art_00121,fsbm_mohamed_moumou::oa:W3027649000
fsbm_abdelhakim_alali,art_00122,fsbm_abdelhakim_alali::OcbnqJIAAAAJ:_FxGoFyzp5QC
fsbm_abdelhakim_alali,art_00123,fsbm_abdelhakim_alali::OcbnqJIAAAAJ:Tyk-4Ss8FVUC
fsbm_fouad_damiri,art_00124,fsbm_fouad_damiri::oa:W4391930644
fsbm_elhabib_benlahmar,art_00125,fsbm_elhabib_benlahmar::oa:W2991072473
fsbm_khalid_kandali,art_00126,fsbm_khalid_kandali::oa:W3088058776
fsbm_abdessamad_belangour,art_00127,fsbm_abdessamad_belangour::oa:W4235731829
fsbm_rhma_adhiri,art_00128,fsbm_rhma_adhiri::oa:W4389426230
fsbm_rhma_adhiri,art_00129,fsbm_rhma_adhiri::oa:W4392382290
fsbm_khalid_adnaoui,art_00130,fsbm_khalid_adnaoui::oa:W4221110987
fsbm_faouziya_haissen,art_00131,fsbm_faouziya_haissen::oa:W4401594005
fsbm_mohammed_berrada,art_00132,fsbm_mohammed_berrada::oa:W1981446701
fsbm_abdessamad_belangour,art_00133,fsbm_abdessamad_belangour::oa:W2922499945
fsbm_elhabib_benlahmar,art_00134,fsbm_elhabib_benlahmar::oa:W3047866954
fsbm_omar_zahour,art_00134,fsbm_omar_zahour::oa:W3047866954
fsbm_fouad_alloun,art_00135,fsbm_fouad_alloun::oa:W7202213389
fsbm_khadija_achtaich,art_00136,fsbm_khadija_achtaich::oa:W7163533497
fsbm_mohammed_aitdaoud,art_00136,fsbm_mohammed_aitdaoud::oa:W7163533497
fsbm_faouzia_benabbou,art_00137,fsbm_faouzia_benabbou::oa:W4367856961
fsbm_nawal_sael,art_00137,fsbm_nawal_sael::oa:W4367856961
fsbm_elhabib_benlahmar,art_00138,fsbm_elhabib_benlahmar::oa:W4293765244
fsbm_sanaa_elfilali,art_00139,fsbm_sanaa_elfilali::oa:W4415903203
fsbm_mohssine_bentaib,art_00140,fsbm_mohssine_bentaib::oa:W7118004201
fsbm_mohammed_berrada,art_00141,fsbm_mohammed_berrada::oa:W1969651345
fsbm_abdelmoghit_zaarane,art_00142,fsbm_abdelmoghit_zaarane::WyhosLcAAAAJ:qxL8FJ1GzNcC
fsbm_issam_atouf,art_00142,fsbm_issam_atouf::oa:W3011153430
fsbm_mohammed_berrada,art_00143,fsbm_mohammed_berrada::oa:W2043168279
fsbm_abdelmoghit_zaarane,art_00144,fsbm_abdelmoghit_zaarane::WyhosLcAAAAJ:Wp0gIr-vW9MC
fsbm_issam_atouf,art_00144,fsbm_issam_atouf::oa:W3136184032
fsbm_wadi_badri,art_00145,fsbm_wadi_badri::oa:W4414664918
fsbm_bouazza_braikat,art_00146,fsbm_bouazza_braikat::oa:W2031946568
fsbm_mohamed_moumou,art_00147,fsbm_mohamed_moumou::oa:W1996155100
fsbm_said_gmouh,art_00148,fsbm_said_gmouh::oa:W2016598460
fsbm_amal_elhamsaselyoubi,art_00149,fsbm_amal_elhamsaselyoubi::oa:W2183458392
fsbm_nadia_iounes,art_00150,fsbm_nadia_iounes::oa:W2345125707
fsbm_mohssine_bentaib,art_00151,fsbm_mohssine_bentaib::oa:W3164953073
fsbm_faouzia_benabbou,art_00152,fsbm_faouzia_benabbou::oa:W3007761083
fsbm_nawal_sael,art_00152,fsbm_nawal_sael::oa:W3007761083
fsbm_mustapha_mouflih,art_00153,fsbm_mustapha_mouflih::oa:W2179650519
fsbm_samia_yousfi,art_00154,fsbm_samia_yousfi::oa:W2889139403
fsbm_rhma_adhiri,art_00155,fsbm_rhma_adhiri::oa:W4399344935
fsbm_youssef_sekhara,art_00156,fsbm_youssef_sekhara::oa:W4213160169
fsbm_soufiane_maimouni,art_00157,fsbm_soufiane_maimouni::oa:W7118167375
fsbm_soumia_belouafa,art_00158,fsbm_soumia_belouafa::oa:W2041096497
fsbm_nadia_barhoun,art_00159,fsbm_nadia_barhoun::oa:W2731550571
fsbm_omar_zahour,art_00160,fsbm_omar_zahour::oa:W7204118643
fsbm_hassan_laarabi,art_00161,fsbm_hassan_laarabi::oa:W7164578667
fsbm_mohamed_ghazouani,art_00162,fsbm_mohamed_ghazouani::oa:W7125584948
fsbm_khadija_achtaich,art_00163,fsbm_khadija_achtaich::oa:W7161018734
fsbm_khalid_kandali,art_00164,fsbm_khalid_kandali::oa:W7127147282
fsbm_khadija_achtaich,art_00165,fsbm_khadija_achtaich::oa:W3198040720
fsbm_chaouki_sadik,art_00166,fsbm_chaouki_sadik::oa:W4281260794
fsbm_omar_tanane,art_00167,fsbm_omar_tanane::oa:W2948758803
fsbm_mohammed_aitdaoud,art_00168,fsbm_mohammed_aitdaoud::oa:W2293497573
fsbm_abdelmjid_abourriche,art_00169,fsbm_abdelmjid_abourriche::oa:W3138531905
fsbm_khalid_kandali,art_00170,fsbm_khalid_kandali::oa:W4210435944
fsbm_abdelmoghit_zaarane,art_00171,fsbm_abdelmoghit_zaarane::WyhosLcAAAAJ:4DMP91E08xMC
fsbm_issam_atouf,art_00171,fsbm_issam_atouf::oa:W3083461963
fsbm_abdelmoghit_zaarane,art_00172,fsbm_abdelmoghit_zaarane::WyhosLcAAAAJ:aqlVkmm33-oC
fsbm_issam_atouf,art_00172,fsbm_issam_atouf::oa:W3011918519
fsbm_abderrahmane_daif,art_00173,fsbm_abderrahmane_daif::oa:W2287165970
fsbm_said_nouh,art_00174,fsbm_said_nouh::oa:W2966325025
fsbm_bouazza_braikat,art_00175,fsbm_bouazza_braikat::oa:W3198744009
fsbm_said_nouh,art_00176,fsbm_said_nouh::oa:W2039633855
fsbm_khalid_kandali,art_00177,fsbm_khalid_kandali::oa:W3097211503
fsbm_omar_tanane,art_00178,fsbm_omar_tanane::oa:W2734008499
fsbm_aziz_boutouil,art_00179,fsbm_aziz_boutouil::oa:W2982807429
fsbm_abderrahim_eladraoui,art_00180,fsbm_abderrahim_eladraoui::oa:W2770268279
fsbm_soumia_mordane,art_00181,fsbm_soumia_mordane::oa:W2015694633
fsbm_abdellah_hamdaoui,art_00182,fsbm_abdellah_hamdaoui::oa:W2974085464
fsbm_samir_chtita,art_00183,fsbm_samir_chtita::oa:W4400079476
fsbm_khalid_kandali,art_00184,fsbm_khalid_kandali::oa:W4285412298
fsbm_tarik_chafiq,art_00185,fsbm_tarik_chafiq::oa:W7160243723
fsbm_mohamed_talea,art_00186,fsbm_mohamed_talea::oa:W2336848886
fsbm_khalid_adnaoui,art_00187,fsbm_khalid_adnaoui::oa:W3014955114
fsbm_karima_mohtadi,art_00188,fsbm_karima_mohtadi::oa:W4393325338
fsbm_abdessamad_belangour,art_00189,fsbm_abdessamad_belangour::oa:W4225315139
fsbm_abdessamad_belangour,art_00190,fsbm_abdessamad_belangour::oa:W4385679693
fsbm_rachid_essamoud,art_00191,fsbm_rachid_essamoud::oa:W4286877452
fsbm_soumia_mordane,art_00192,fsbm_soumia_mordane::oa:W3021457555
fsbm_samir_chtita,art_00193,fsbm_samir_chtita::oa:W3215416016
fsbm_elhabib_benlahmar,art_00194,fsbm_elhabib_benlahmar::oa:W2517860256
fsbm_abdelmottalib_nahli,art_00195,fsbm_abdelmottalib_nahli::oa:W4401197953
fsbm_rhma_adhiri,art_00196,fsbm_rhma_adhiri::oa:W7153330611
fsbm_khalid_adnaoui,art_00197,fsbm_khalid_adnaoui::oa:W4411589909
fsbm_laila_mouakkir,art_00197,fsbm_laila_mouakkir::oa:W4411589909
fsbm_abdellah_hamdaoui,art_00198,fsbm_abdellah_hamdaoui::oa:W4413963625
fsbm_abdellah_hamdaoui,art_00199,fsbm_abdellah_hamdaoui::oa:W4399620762
fsbm_abdelilah_akouibaa,art_00200,fsbm_abdelilah_akouibaa::oa:W4411207834
fsbm_soumia_mordane,art_00200,fsbm_soumia_mordane::oa:W4411207834
fsbm_asmae_guennoun,art_00201,fsbm_asmae_guennoun::5S8wkxEAAAAJ:u-x6o8ySG0sC
fsbm_rachid_essamoud,art_00202,fsbm_rachid_essamoud::oa:W7124301004
fsbm_laila_mouakkir,art_00203,fsbm_laila_mouakkir::oa:W4317211930
fsbm_soumia_mordane,art_00203,fsbm_soumia_mordane::oa:W4317211930
fsbm_abdellah_hamdaoui,art_00204,fsbm_abdellah_hamdaoui::oa:W2982228692
fsbm_bouazza_braikat,art_00204,fsbm_bouazza_braikat::oa:W2982228692
fsbm_aziz_boutouil,art_00205,fsbm_aziz_boutouil::oa:W2946826952
fsbm_amal_elhamsaselyoubi,art_00206,fsbm_amal_elhamsaselyoubi::oa:W2321120543
fsbm_mohammed_berrada,art_00207,fsbm_mohammed_berrada::oa:W2510638765
fsbm_abdelmjid_abourriche,art_00208,fsbm_abdelmjid_abourriche::oa:W3131958881
fsbm_wadi_badri,art_00209,fsbm_wadi_badri::oa:W3038036203
fsbm_amal_elhamsaselyoubi,art_00210,fsbm_amal_elhamsaselyoubi::oa:W3123479378
fsbm_said_gmouh,art_00211,fsbm_said_gmouh::oa:W1550704319
fsbm_abdelmottalib_nahli,art_00212,fsbm_abdelmottalib_nahli::oa:W2950220885
fsbm_omar_zakary,art_00213,fsbm_omar_zakary::oa:W4391935262
fsbm_tarik_chafiq,art_00214,fsbm_tarik_chafiq::oa:W2906378654
fsbm_mohamed_talea,art_00215,fsbm_mohamed_talea::oa:W2588785842
fsbm_rachida_moultif,art_00216,fsbm_rachida_moultif::oa:W2511286401
fsbm_soumia_belouafa,art_00217,fsbm_soumia_belouafa::oa:W3037327952
fsbm_abdelmottalib_nahli,art_00218,fsbm_abdelmottalib_nahli::oa:W4291474157
fsbm_sanaa_elfilali,art_00219,fsbm_sanaa_elfilali::oa:W4399249563
fsbm_omar_zakary,art_00220,fsbm_omar_zakary::oa:W2463513620
fsbm_mohamed_talea,art_00221,fsbm_mohamed_talea::oa:W2578319993
fsbm_wadi_badri,art_00222,fsbm_wadi_badri::oa:W2005067107
fsbm_allal_labriki,art_00223,fsbm_allal_labriki::oa:W2559805569
fsbm_abderrahmane_daif,art_00224,fsbm_abderrahmane_daif::oa:W2966846002
fsbm_omar_tanane,art_00225,fsbm_omar_tanane::oa:W3004061562
fsbm_omar_tanane,art_00226,fsbm_omar_tanane::oa:W4414010058
fsbm_abdelmjid_abourriche,art_00227,fsbm_abdelmjid_abourriche::oa:W4416666812
fsbm_mohamed_talea,art_00228,fsbm_mohamed_talea::oa:W4290928159
fsbm_faouzia_benabbou,art_00229,fsbm_faouzia_benabbou::oa:W4396505980
fsbm_nawal_sael,art_00229,fsbm_nawal_sael::oa:W4396505980
fsbm_mohamed_ghazouani,art_00230,fsbm_mohamed_ghazouani::oa:W4391948998
fsbm_driss_radallah,art_00231,fsbm_driss_radallah::oa:W2912792081
fsbm_tarik_chafiq,art_00232,fsbm_tarik_chafiq::oa:W4390146458
fsbm_tarik_chafiq,art_00233,fsbm_tarik_chafiq::oa:W4410390551
fsbm_anass_kettani,art_00234,fsbm_anass_kettani::oa:W2767109727
fsbm_halima_lebrazi,art_00234,fsbm_halima_lebrazi::oa:W2767109727
fsbm_karima_mohtadi,art_00235,fsbm_karima_mohtadi::oa:W4404571480
fsbm_halima_lebrazi,art_00236,fsbm_halima_lebrazi::oa:W2804999305
fsbm_karima_mohtadi,art_00236,fsbm_karima_mohtadi::oa:W2804999305
fsbm_rachid_saile,art_00236,fsbm_rachid_saile::oa:W2804999305
fsbm_wadi_badri,art_00237,fsbm_wadi_badri::oa:W3175229317
fsbm_abdelmottalib_nahli,art_00238,fsbm_abdelmottalib_nahli::oa:W4412620674
fsbm_abdelmottalib_nahli,art_00239,fsbm_abdelmottalib_nahli::oa:W4391695717
fsbm_soufiane_maimouni,art_00240,fsbm_soufiane_maimouni::oa:W3090824822
fsbm_anass_kettani,art_00241,fsbm_anass_kettani::oa:W4388463059
fsbm_halima_lebrazi,art_00241,fsbm_halima_lebrazi::oa:W4388463059
fsbm_karima_mohtadi,art_00241,fsbm_karima_mohtadi::oa:W4388463059
fsbm_halima_lebrazi,art_00242,fsbm_halima_lebrazi::oa:W1990667487
fsbm_anass_kettani,art_00243,fsbm_anass_kettani::oa:W3200798303
fsbm_halima_lebrazi,art_00243,fsbm_halima_lebrazi::oa:W3200798303
fsbm_halima_lebrazi,art_00244,fsbm_halima_lebrazi::oa:W3088029189
fsbm_rachid_saile,art_00245,fsbm_rachid_saile::oa:W2806707430
fsbm_anass_kettani,art_00246,fsbm_anass_kettani::oa:W3037310558
fsbm_halima_lebrazi,art_00246,fsbm_halima_lebrazi::oa:W3037310558
fsbm_abdellah_hamdaoui,art_00247,fsbm_abdellah_hamdaoui::oa:W4226453204
fsbm_omar_tanane,art_00248,fsbm_omar_tanane::oa:W3006958465
fsbm_khalid_kandali,art_00249,fsbm_khalid_kandali::oa:W4413132997
fsbm_said_nouh,art_00249,fsbm_said_nouh::oa:W4413132997
fsbm_omar_zahour,art_00250,fsbm_omar_zahour::oa:W2987847574
fsbm_abdessamad_belangour,art_00251,fsbm_abdessamad_belangour::oa:W3196367753
fsbm_asmaa_benbiyi,art_00252,fsbm_asmaa_benbiyi::oa:W4399011899
fsbm_mostafa_oukassou,art_00253,fsbm_mostafa_oukassou::oa:W4321113127
fsbm_omar_tanane,art_00254,fsbm_omar_tanane::oa:W2085672923
fsbm_mohamed_talea,art_00255,fsbm_mohamed_talea::oa:W2996654070
fsbm_wadi_badri,art_00256,fsbm_wadi_badri::oa:W2891298801
fsbm_nadia_barhoun,art_00257,fsbm_nadia_barhoun::oa:W7125943767
fsbm_elhabib_benlahmar,art_00258,fsbm_elhabib_benlahmar::oa:W4210588936
fsbm_abdelhafid_bassou,art_00259,fsbm_abdelhafid_bassou::oa:W2947279140
fsbm_abdelhafid_bassou,art_00260,fsbm_abdelhafid_bassou::oa:W3146803498
fsbm_abdelhafid_bassou,art_00261,fsbm_abdelhafid_bassou::oa:W2760297931
fsbm_abdelhafid_bassou,art_00262,fsbm_abdelhafid_bassou::oa:W2805849233
fsbm_faouzia_benabbou,art_00263,fsbm_faouzia_benabbou::oa:W3108368497
fsbm_nawal_sael,art_00263,fsbm_nawal_sael::oa:W3108368497
fsbm_imane_agmour,art_00264,fsbm_imane_agmour::oa:W3206441349
fsbm_bouazza_braikat,art_00265,fsbm_bouazza_braikat::oa:W2913138209
fsbm_bouazza_braikat,art_00266,fsbm_bouazza_braikat::oa:W3080123167
fsbm_abdelmjid_abourriche,art_00267,fsbm_abdelmjid_abourriche::oa:W2520169210
fsbm_abdelmjid_abourriche,art_00268,fsbm_abdelmjid_abourriche::oa:W2894556279
fsbm_soumia_belouafa,art_00268,fsbm_soumia_belouafa::oa:W2894556279
fsbm_imane_agmour,art_00269,fsbm_imane_agmour::oa:W3137890874
fsbm_imane_agmour,art_00270,fsbm_imane_agmour::oa:W2990586701
fsbm_wadi_badri,art_00271,fsbm_wadi_badri::oa:W1993444656
fsbm_soumia_mordane,art_00272,fsbm_soumia_mordane::oa:W2953060618
fsbm_soumia_belouafa,art_00273,fsbm_soumia_belouafa::oa:W2597835475
fsbm_nadia_barhoun,art_00274,fsbm_nadia_barhoun::oa:W4415692387
fsbm_rachid_essamoud,art_00274,fsbm_rachid_essamoud::oa:W4415692387
fsbm_mostafa_oukassou,art_00275,fsbm_mostafa_oukassou::oa:W4416795375
fsbm_omar_tanane,art_00276,fsbm_omar_tanane::oa:W2013796542
fsbm_soumia_belouafa,art_00277,fsbm_soumia_belouafa::oa:W2769087532
fsbm_mohamed_talea,art_00278,fsbm_mohamed_talea::oa:W2898992891
fsbm_mohamed_talea,art_00279,fsbm_mohamed_talea::oa:W3123302495
fsbm_mostafa_oukassou,art_00280,fsbm_mostafa_oukassou::oa:W2896858040
fsbm_tarik_chafiq,art_00281,fsbm_tarik_chafiq::oa:W4391514308
fsbm_mohamed_ghazouani,art_00282,fsbm_mohamed_ghazouani::oa:W2946650225
fsbm_mohamed_ghazouani,art_00283,fsbm_mohamed_ghazouani::oa:W4283694299
fsbm_rachida_moultif,art_00284,fsbm_rachida_moultif::oa:W4220677963
fsbm_elhabib_benlahmar,art_00285,fsbm_elhabib_benlahmar::oa:W3196405387
fsbm_loubna_benidire,art_00286,fsbm_loubna_benidire::oa:W2912576139
fsbm_loubna_benidire,art_00287,fsbm_loubna_benidire::oa:W4281797546
fsbm_fouad_damiri,art_00288,fsbm_fouad_damiri::oa:W4411471057
fsbm_abdelmjid_abourriche,art_00289,fsbm_abdelmjid_abourriche::oa:W2324818066
fsbm_bouchra_aharmim,art_00290,fsbm_bouchra_aharmim::oa:W1972259155
fsbm_abdenbi_khouaja,art_00291,fsbm_abdenbi_khouaja::oa:W4411795939
fsbm_samir_chtita,art_00292,fsbm_samir_chtita::oa:W3159846230
fsbm_samir_chtita,art_00293,fsbm_samir_chtita::oa:W3193896440
fsbm_driss_radallah,art_00294,fsbm_driss_radallah::oa:W4386533557
fsbm_driss_radallah,art_00295,fsbm_driss_radallah::oa:W2350717273
fsbm_rachid_saile,art_00296,fsbm_rachid_saile::oa:W2301701305
fsbm_amal_elhamsaselyoubi,art_00297,fsbm_amal_elhamsaselyoubi::oa:W2523070342
fsbm_abderrahim_eladraoui,art_00298,fsbm_abderrahim_eladraoui::oa:W2955332172
fsbm_omar_zakary,art_00299,fsbm_omar_zakary::oa:W2577103666
fsbm_imane_agmour,art_00300,fsbm_imane_agmour::oa:W2888944328
fsbm_mohammed_aitdaoud,art_00301,fsbm_mohammed_aitdaoud::oa:W3200063346
fsbm_fouad_damiri,art_00302,fsbm_fouad_damiri::oa:W4361269649
fsbm_mohamed_moumou,art_00303,fsbm_mohamed_moumou::oa:W4397589194
fsbm_mohamed_moumou,art_00304,fsbm_mohamed_moumou::oa:W7212861072
fsbm_said_gmouh,art_00305,fsbm_said_gmouh::oa:W2891461465
fsbm_siham_slassi,art_00306,fsbm_siham_slassi::oa:W7203704335
fsbm_soumia_belouafa,art_00307,fsbm_soumia_belouafa::oa:W2066841323
fsbm_rachida_moultif,art_00308,fsbm_rachida_moultif::oa:W3170294673
fsbm_abdessamad_belangour,art_00309,fsbm_abdessamad_belangour::oa:W2923596880
fsbm_nadia_barhoun,art_00310,fsbm_nadia_barhoun::oa:W4214684482
fsbm_soumia_belouafa,art_00311,fsbm_soumia_belouafa::oa:W1982530064
fsbm_samia_yousfi,art_00312,fsbm_samia_yousfi::oa:W2791116732
fsbm_loubna_benidire,art_00313,fsbm_loubna_benidire::oa:W2282634596
fsbm_loubna_benidire,art_00314,fsbm_loubna_benidire::oa:W2955174971
fsbm_anass_kettani,art_00315,fsbm_anass_kettani::oa:W2039124544
fsbm_mounir_sadiq,art_00316,fsbm_mounir_sadiq::oa:W4400722501
fsbm_sanaa_elfilali,art_00317,fsbm_sanaa_elfilali::oa:W4410738526
fsbm_wadi_badri,art_00318,fsbm_wadi_badri::oa:W2985138422
fsbm_soufiane_zerraf,art_00319,fsbm_soufiane_zerraf::oa:W2895584519
fsbm_soufiane_zerraf,art_00320,fsbm_soufiane_zerraf::oa:W4200601056
fsbm_soufiane_zerraf,art_00321,fsbm_soufiane_zerraf::oa:W2985457768
fsbm_soufiane_zerraf,art_00322,fsbm_soufiane_zerraf::oa:W2911561298
fsbm_abdelmjid_abourriche,art_00323,fsbm_abdelmjid_abourriche::oa:W2884913980
fsbm_fouad_damiri,art_00323,fsbm_fouad_damiri::oa:W2884913980
fsbm_fouad_damiri,art_00324,fsbm_fouad_damiri::oa:W4365396265
fsbm_said_bakkali,art_00325,fsbm_said_bakkali::oa:W4407779987
fsbm_omar_zahour,art_00326,fsbm_omar_zahour::oa:W7170149490
fsbm_sanaa_elfilali,art_00327,fsbm_sanaa_elfilali::oa:W4416100535
fsbm_nadia_barhoun,art_00328,fsbm_nadia_barhoun::oa:W7124576098
fsbm_rachid_essamoud,art_00328,fsbm_rachid_essamoud::oa:W7124576098
fsbm_abdelmottalib_nahli,art_00329,fsbm_abdelmottalib_nahli::oa:W7203477341
fsbm_mohamed_ghazouani,art_00330,fsbm_mohamed_ghazouani::oa:W4391612922
fsbm_elhabib_benlahmar,art_00331,fsbm_elhabib_benlahmar::oa:W2174825583
fsbm_elhabib_benlahmar,art_00332,fsbm_elhabib_benlahmar::oa:W2491702421
fsbm_allal_labriki,art_00333,fsbm_allal_labriki::oa:W4412693287
fsbm_rachid_essamoud,art_00334,fsbm_rachid_essamoud::oa:W1997760421
fsbm_elhabib_benlahmar,art_00335,fsbm_elhabib_benlahmar::oa:W4211213003
fsbm_samir_chtita,art_00336,fsbm_samir_chtita::oa:W4310796481
fsbm_samir_chtita,art_00337,fsbm_samir_chtita::oa:W3128253086
fsbm_samir_chtita,art_00338,fsbm_samir_chtita::oa:W3186616114
fsbm_mohamed_ghazouani,art_00339,fsbm_mohamed_ghazouani::oa:W4377261616
fsbm_wadi_badri,art_00340,fsbm_wadi_badri::oa:W4391756218
fsbm_abderrahim_eladraoui,art_00341,fsbm_abderrahim_eladraoui::oa:W3161324478
fsbm_abdelhafid_bassou,art_00342,fsbm_abdelhafid_bassou::oa:W180589723
fsbm_abdelhafid_bassou,art_00343,fsbm_abdelhafid_bassou::oa:W2070667725
fsbm_mohamed_ghazouani,art_00344,fsbm_mohamed_ghazouani::oa:W4366130546
fsbm_abdellatif_slimani,art_00345,fsbm_abdellatif_slimani::PA70UmkAAAAJ:WF5omc3nYNoC
fsbm_soufiane_maimouni,art_00346,fsbm_soufiane_maimouni::oa:W4213311389
fsbm_omar_tanane,art_00347,fsbm_omar_tanane::oa:W4416770769
fsbm_mounir_sadiq,art_00348,fsbm_mounir_sadiq::oa:W4210521864
fsbm_said_nouh,art_00348,fsbm_said_nouh::oa:W4210521864
fsbm_aziz_boutouil,art_00349,fsbm_aziz_boutouil::oa:W2969204072
fsbm_mustapha_mouflih,art_00350,fsbm_mustapha_mouflih::oa:W4389510706
fsbm_laila_mouakkir,art_00351,fsbm_laila_mouakkir::oa:W4392964836
fsbm_driss_radallah,art_00352,fsbm_driss_radallah::oa:W4399307842
fsbm_nawal_sael,art_00353,fsbm_nawal_sael::oa:W2905233402
fsbm_abdelhakim_alali,art_00354,fsbm_abdelhakim_alali::OcbnqJIAAAAJ:u-x6o8ySG0sC
fsbm_abdellatif_slimani,art_00355,fsbm_abdellatif_slimani::PA70UmkAAAAJ:W7OEmFMy1HYC
fsbm_abdellatif_slimani,art_00356,fsbm_abdellatif_slimani::PA70UmkAAAAJ:eQOLeE2rZwMC
fsbm_abdellatif_slimani,art_00357,fsbm_abdellatif_slimani::PA70UmkAAAAJ:2osOgNQ5qMEC
fsbm_othmane_daoudi,art_00358,fsbm_othmane_daoudi::oa:W4376611588
fsbm_issam_atouf,art_00359,fsbm_issam_atouf::oa:W2510022719
fsbm_omar_tanane,art_00360,fsbm_omar_tanane::oa:W1519518033
fsbm_issam_atouf,art_00361,fsbm_issam_atouf::oa:W2563403719
fsbm_chaouki_sadik,art_00362,fsbm_chaouki_sadik::oa:W2735653928
fsbm_mohamed_talea,art_00363,fsbm_mohamed_talea::oa:W4362729072
fsbm_amal_elhamsaselyoubi,art_00364,fsbm_amal_elhamsaselyoubi::oa:W2411526718
fsbm_chaouki_sadik,art_00365,fsbm_chaouki_sadik::oa:W2043695001
fsbm_chaouki_sadik,art_00366,fsbm_chaouki_sadik::oa:W2055445151
fsbm_youssef_naimi,art_00367,fsbm_youssef_naimi::oa:W4411586246
fsbm_nadia_iounes,art_00367,fsbm_nadia_iounes::oa:W4411586246
fsbm_mohamed_idiri,art_00368,fsbm_mohamed_idiri::oa:W4412989780
fsbm_issam_atouf,art_00369,fsbm_issam_atouf::oa:W4411336772
fsbm_fouad_damiri,art_00370,fsbm_fouad_damiri::oa:W4392358663
fsbm_mustapha_mouflih,art_00371,fsbm_mustapha_mouflih::oa:W2006263302
fsbm_rhma_adhiri,art_00372,fsbm_rhma_adhiri::oa:W4391981660
fsbm_rhma_adhiri,art_00373,fsbm_rhma_adhiri::oa:W4385339374
fsbm_soumia_mordane,art_00374,fsbm_soumia_mordane::oa:W2804252405
fsbm_mohamed_talea,art_00375,fsbm_mohamed_talea::oa:W2578331550
fsbm_mohamed_talea,art_00376,fsbm_mohamed_talea::oa:W2963644205
fsbm_anass_kettani,art_00377,fsbm_anass_kettani::oa:W3207029812
fsbm_anass_kettani,art_00378,fsbm_anass_kettani::oa:W4388635212
fsbm_samir_chtita,art_00379,fsbm_samir_chtita::oa:W4412745401
fsbm_mohamed_idiri,art_00380,fsbm_mohamed_idiri::oa:W4391123173
fsbm_abdellatif_slimani,art_00381,fsbm_abdellatif_slimani::PA70UmkAAAAJ:d1gkVwhDpl0C
fsbm_abdellatif_slimani,art_00382,fsbm_abdellatif_slimani::PA70UmkAAAAJ:IjCSPb-OGe4C
fsbm_abdellatif_slimani,art_00383,fsbm_abdellatif_slimani::PA70UmkAAAAJ:roLk4NBRz8UC
fsbm_mounir_sadiq,art_00384,fsbm_mounir_sadiq::oa:W2062595826
fsbm_abdellatif_slimani,art_00385,fsbm_abdellatif_slimani::PA70UmkAAAAJ:UebtZRa9Y70C
fsbm_mounir_sadiq,art_00386,fsbm_mounir_sadiq::oa:W1519707633
fsbm_abderrahmane_daif,art_00387,fsbm_abderrahmane_daif::oa:W2887650216
fsbm_mohamed_talea,art_00388,fsbm_mohamed_talea::oa:W2799551774
fsbm_fouad_damiri,art_00389,fsbm_fouad_damiri::oa:W4367844506
fsbm_said_benkaddour,art_00390,fsbm_said_benkaddour::oa:W2624956461
fsbm_omar_zahour,art_00391,fsbm_omar_zahour::oa:W4410738447
fsbm_sanaa_elfilali,art_00391,fsbm_sanaa_elfilali::oa:W4410738447
fsbm_bouazza_braikat,art_00392,fsbm_bouazza_braikat::oa:W2033289507
fsbm_faouziya_haissen,art_00393,fsbm_faouziya_haissen::oa:W2289797167
fsbm_abdelmottalib_nahli,art_00394,fsbm_abdelmottalib_nahli::oa:W2795172768
fsbm_mostafa_oukassou,art_00395,fsbm_mostafa_oukassou::oa:W4389282375
fsbm_tarik_chafiq,art_00396,fsbm_tarik_chafiq::oa:W7130392506
fsbm_abdellatif_slimani,art_00397,fsbm_abdellatif_slimani::PA70UmkAAAAJ:_FxGoFyzp5QC
fsbm_khalid_adnaoui,art_00398,fsbm_khalid_adnaoui::oa:W3138701082
fsbm_youssef_naimi,art_00399,fsbm_youssef_naimi::oa:W4416510006
fsbm_abdellah_hamdaoui,art_00400,fsbm_abdellah_hamdaoui::oa:W4303418714
fsbm_abdelmoghit_zaarane,art_00401,fsbm_abdelmoghit_zaarane::WyhosLcAAAAJ:u-x6o8ySG0sC
fsbm_faouziya_haissen,art_00402,fsbm_faouziya_haissen::oa:W4388879100
fsbm_chaouki_sadik,art_00403,fsbm_chaouki_sadik::oa:W4224943652
fsbm_laila_mouakkir,art_00404,fsbm_laila_mouakkir::oa:W4313026888
fsbm_abdelmjid_abourriche,art_00405,fsbm_abdelmjid_abourriche::oa:W4410514821
fsbm_abdelilah_akouibaa,art_00406,fsbm_abdelilah_akouibaa::oa:W4416701450
fsbm_abdelilah_akouibaa,art_00407,fsbm_abdelilah_akouibaa::oa:W4409605843
fsbm_abdelmjid_abourriche,art_00408,fsbm_abdelmjid_abourriche::oa:W2519331226
fsbm_aziz_boutouil,art_00409,fsbm_aziz_boutouil::oa:W7132841133
fsbm_younes_abboud,art_00409,fsbm_younes_abboud::oa:W7132841133
fsbm_amal_elhamsaselyoubi,art_00410,fsbm_amal_elhamsaselyoubi::oa:W7166305561
fsbm_driss_radallah,art_00410,fsbm_driss_radallah::oa:W7166305561
fsbm_youssef_naimi,art_00411,fsbm_youssef_naimi::oa:W4385623155
fsbm_omar_tanane,art_00412,fsbm_omar_tanane::oa:W2080839926
fsbm_omar_tanane,art_00413,fsbm_omar_tanane::oa:W2156820207
fsbm_aziz_boutouil,art_00414,fsbm_aziz_boutouil::oa:W3124151943
fsbm_abdelhakim_alali,art_00415,fsbm_abdelhakim_alali::OcbnqJIAAAAJ:zYLM7Y9cAGgC
fsbm_rhma_adhiri,art_00416,fsbm_rhma_adhiri::oa:W4403302371
fsbm_omar_zahour,art_00417,fsbm_omar_zahour::oa:W7166590746
fsbm_amal_elhamsaselyoubi,art_00418,fsbm_amal_elhamsaselyoubi::oa:W2103789647
fsbm_said_gmouh,art_00419,fsbm_said_gmouh::oa:W2038072233
fsbm_mostafa_oukassou,art_00420,fsbm_mostafa_oukassou::oa:W2789889158
fsbm_samia_yousfi,art_00421,fsbm_samia_yousfi::oa:W4413996768
fsbm_elhabib_benlahmar,art_00422,fsbm_elhabib_benlahmar::oa:W2052257316
fsbm_mohammed_berrada,art_00423,fsbm_mohammed_berrada::oa:W2029429326
fsbm_karima_mohtadi,art_00424,fsbm_karima_mohtadi::oa:W4412878692
fsbm_abdenbi_khouaja,art_00425,fsbm_abdenbi_khouaja::oa:W2964026683
fsbm_fouad_alloun,art_00426,fsbm_fouad_alloun::oa:W4214774603
fsbm_fouad_alloun,art_00427,fsbm_fouad_alloun::oa:W4397100755
fsbm_fouad_alloun,art_00428,fsbm_fouad_alloun::oa:W4397062725
fsbm_fouad_alloun,art_00429,fsbm_fouad_alloun::oa:W4397112247
fsbm_karima_mohtadi,art_00430,fsbm_karima_mohtadi::oa:W2805887403
fsbm_halima_lebrazi,art_00431,fsbm_halima_lebrazi::oa:W2788033009
fsbm_karima_mohtadi,art_00431,fsbm_karima_mohtadi::oa:W2788033009
fsbm_abderrahmane_daif,art_00432,fsbm_abderrahmane_daif::oa:W4319935953
fsbm_wadi_badri,art_00433,fsbm_wadi_badri::oa:W2228619344
fsbm_samir_chtita,art_00434,fsbm_samir_chtita::oa:W4317435529
fsbm_abdelmjid_abourriche,art_00435,fsbm_abdelmjid_abourriche::oa:W4409503472
fsbm_said_gmouh,art_00436,fsbm_said_gmouh::oa:W2530257014
fsbm_soufiane_zerraf,art_00437,fsbm_soufiane_zerraf::oa:W2947158246
fsbm_nadia_barhoun,art_00438,fsbm_nadia_barhoun::oa:W2803871643
fsbm_omar_tanane,art_00439,fsbm_omar_tanane::oa:W2896127167
fsbm_soumia_belouafa,art_00440,fsbm_soumia_belouafa::oa:W4414719585
fsbm_elhabib_benlahmar,art_00441,fsbm_elhabib_benlahmar::oa:W4210555767
fsbm_soufiane_maimouni,art_00442,fsbm_soufiane_maimouni::oa:W4411566241
fsbm_said_nouh,art_00443,fsbm_said_nouh::oa:W2133910110
fsbm_faouziya_haissen,art_00444,fsbm_faouziya_haissen::oa:W2135168470
fsbm_abdessamad_belangour,art_00445,fsbm_abdessamad_belangour::oa:W4206693874
fsbm_nawal_sael,art_00446,fsbm_nawal_sael::oa:W4411924254
fsbm_sanaa_elfilali,art_00447,fsbm_sanaa_elfilali::oa:W7116784646
fsbm_said_nouh,art_00448,fsbm_said_nouh::oa:W4313315843
fsbm_rachida_moultif,art_00449,fsbm_rachida_moultif::oa:W4409305656
fsbm_abdellatif_slimani,art_00450,fsbm_abdellatif_slimani::PA70UmkAAAAJ:Se3iqnhoufwC
fsbm_khalid_kandali,art_00451,fsbm_khalid_kandali::oa:W7163710108
fsbm_abdelhakim_alali,art_00452,fsbm_abdelhakim_alali::OcbnqJIAAAAJ:ULOm3_A8WrAC
fsbm_mohamed_ghazouani,art_00453,fsbm_mohamed_ghazouani::oa:W2762796246
fsbm_mohamed_ghazouani,art_00454,fsbm_mohamed_ghazouani::oa:W2890921270
fsbm_abdellatif_slimani,art_00455,fsbm_abdellatif_slimani::PA70UmkAAAAJ:Zph67rFs4hoC
fsbm_mohamed_idiri,art_00456,fsbm_mohamed_idiri::oa:W4409988643
fsbm_anass_kettani,art_00457,fsbm_anass_kettani::oa:W4221062599
fsbm_samir_chtita,art_00458,fsbm_samir_chtita::oa:W4388681904
fsbm_omar_tanane,art_00459,fsbm_omar_tanane::oa:W3004039034
fsbm_omar_tanane,art_00460,fsbm_omar_tanane::oa:W3020100782
fsbm_samir_chtita,art_00461,fsbm_samir_chtita::oa:W4220849450
fsbm_omar_tanane,art_00462,fsbm_omar_tanane::oa:W3003439937
fsbm_samir_chtita,art_00463,fsbm_samir_chtita::oa:W4200081492
fsbm_mohamed_talea,art_00464,fsbm_mohamed_talea::oa:W2995618566
fsbm_tarik_chafiq,art_00465,fsbm_tarik_chafiq::oa:W2905422481
fsbm_tarik_chafiq,art_00466,fsbm_tarik_chafiq::oa:W3113323539
fsbm_allal_labriki,art_00467,fsbm_allal_labriki::oa:W7154748807
fsbm_anass_kettani,art_00468,fsbm_anass_kettani::oa:W4412185038
fsbm_abdelmjid_abourriche,art_00469,fsbm_abdelmjid_abourriche::oa:W2508223804
fsbm_asmaa_benbiyi,art_00470,fsbm_asmaa_benbiyi::oa:W2089439398
fsbm_asmaa_benbiyi,art_00471,fsbm_asmaa_benbiyi::oa:W2034855337
fsbm_elhabib_benlahmar,art_00472,fsbm_elhabib_benlahmar::oa:W4210353045
fsbm_sanaa_elfilali,art_00473,fsbm_sanaa_elfilali::oa:W4412985012
fsbm_abdelhakim_alali,art_00474,fsbm_abdelhakim_alali::OcbnqJIAAAAJ:W7OEmFMy1HYC
fsbm_abdelmjid_abourriche,art_00475,fsbm_abdelmjid_abourriche::oa:W4256308870
fsbm_abdelmjid_abourriche,art_00476,fsbm_abdelmjid_abourriche::oa:W2784108064
fsbm_soumia_belouafa,art_00477,fsbm_soumia_belouafa::oa:W2508157235
fsbm_abdelmjid_abourriche,art_00478,fsbm_abdelmjid_abourriche::oa:W2906869339
fsbm_soumia_belouafa,art_00478,fsbm_soumia_belouafa::oa:W2906869339
fsbm_abdellatif_slimani,art_00479,fsbm_abdellatif_slimani::PA70UmkAAAAJ:5nxA0vEk-isC
fsbm_amal_elhamsaselyoubi,art_00480,fsbm_amal_elhamsaselyoubi::oa:W3004539558
fsbm_youssef_naimi,art_00481,fsbm_youssef_naimi::oa:W2807883661
fsbm_soumia_belouafa,art_00482,fsbm_soumia_belouafa::oa:W2747426076
fsbm_mohamed_idiri,art_00483,fsbm_mohamed_idiri::oa:W4392483810
fsbm_mohamed_idiri,art_00484,fsbm_mohamed_idiri::oa:W4409829392
fsbm_mohamed_idiri,art_00485,fsbm_mohamed_idiri::oa:W4408742042
fsbm_allal_labriki,art_00486,fsbm_allal_labriki::oa:W4395446505
fsbm_karima_mohtadi,art_00487,fsbm_karima_mohtadi::oa:W4408685014
fsbm_abdelmottalib_nahli,art_00488,fsbm_abdelmottalib_nahli::oa:W2289457994
fsbm_abdelmottalib_nahli,art_00489,fsbm_abdelmottalib_nahli::oa:W4403317766
fsbm_samia_yousfi,art_00490,fsbm_samia_yousfi::oa:W2331665703
fsbm_omar_zahour,art_00491,fsbm_omar_zahour::oa:W4415210650
fsbm_mustapha_mouflih,art_00492,fsbm_mustapha_mouflih::oa:W2969612335
fsbm_said_nouh,art_00493,fsbm_said_nouh::oa:W2109344815
fsbm_nadia_barhoun,art_00494,fsbm_nadia_barhoun::oa:W2999196975
fsbm_samir_chtita,art_00495,fsbm_samir_chtita::oa:W3047011861
fsbm_samir_chtita,art_00496,fsbm_samir_chtita::oa:W4292836944
fsbm_hassan_laarabi,art_00497,fsbm_hassan_laarabi::oa:W2765422761
fsbm_bouazza_braikat,art_00498,fsbm_bouazza_braikat::oa:W2076368963
fsbm_abdelmoghit_zaarane,art_00499,fsbm_abdelmoghit_zaarane::WyhosLcAAAAJ:4TOpqqG69KYC
fsbm_issam_atouf,art_00499,fsbm_issam_atouf::oa:W2999817948
fsbm_rachid_essamoud,art_00500,fsbm_rachid_essamoud::oa:W2320934807
fsbm_elhabib_benlahmar,art_00501,fsbm_elhabib_benlahmar::oa:W4221105905
fsbm_faouzia_benabbou,art_00502,fsbm_faouzia_benabbou::oa:W4319663621
fsbm_nawal_sael,art_00502,fsbm_nawal_sael::oa:W4319663621
fsbm_karima_mohtadi,art_00503,fsbm_karima_mohtadi::oa:W4409061263
fsbm_bouazza_braikat,art_00504,fsbm_bouazza_braikat::oa:W2347120457
fsbm_sanaa_elfilali,art_00505,fsbm_sanaa_elfilali::oa:W4366149329
fsbm_said_gmouh,art_00506,fsbm_said_gmouh::oa:W2094527180
fsbm_rachid_essamoud,art_00507,fsbm_rachid_essamoud::oa:W2778573421
fsbm_issam_atouf,art_00508,fsbm_issam_atouf::oa:W2265882005
fsbm_issam_atouf,art_00509,fsbm_issam_atouf::oa:W2483954857
fsbm_imane_agmour,art_00510,fsbm_imane_agmour::oa:W4411463162
fsbm_khadija_achtaich,art_00511,fsbm_khadija_achtaich::oa:W7160995021
fsbm_rachid_essamoud,art_00512,fsbm_rachid_essamoud::oa:W7155540543
fsbm_said_bakkali,art_00513,fsbm_said_bakkali::oa:W3156763701
fsbm_wadi_badri,art_00514,fsbm_wadi_badri::oa:W4380996563
fsbm_chaouki_sadik,art_00515,fsbm_chaouki_sadik::oa:W1997181363
fsbm_omar_zakary,art_00516,fsbm_omar_zakary::oa:W2467097717
fsbm_chaouki_sadik,art_00517,fsbm_chaouki_sadik::oa:W2018773448
fsbm_mohamed_idiri,art_00518,fsbm_mohamed_idiri::oa:W4388776441
fsbm_mohamed_idiri,art_00519,fsbm_mohamed_idiri::oa:W4323664128
fsbm_nadia_iounes,art_00520,fsbm_nadia_iounes::oa:W3205783018
fsbm_abdellatif_slimani,art_00521,fsbm_abdellatif_slimani::PA70UmkAAAAJ:u-x6o8ySG0sC
fsbm_fouad_alloun,art_00522,fsbm_fouad_alloun::oa:W4412651253
fsbm_driss_radallah,art_00523,fsbm_driss_radallah::oa:W3202486121
fsbm_samia_yousfi,art_00524,fsbm_samia_yousfi::oa:W3122612813
fsbm_said_bakkali,art_00525,fsbm_said_bakkali::oa:W4385951935
fsbm_chaouki_sadik,art_00526,fsbm_chaouki_sadik::oa:W2947678840
fsbm_omar_tanane,art_00527,fsbm_omar_tanane::oa:W2765329561
fsbm_mohamed_idiri,art_00528,fsbm_mohamed_idiri::oa:W3194022069
fsbm_chaouki_sadik,art_00529,fsbm_chaouki_sadik::oa:W4399693187
fsbm_chaouki_sadik,art_00530,fsbm_chaouki_sadik::oa:W3111378051
fsbm_youssef_naimi,art_00531,fsbm_youssef_naimi::oa:W4387986127
fsbm_loubna_benidire,art_00532,fsbm_loubna_benidire::oa:W2998903214
fsbm_chaouki_sadik,art_00533,fsbm_chaouki_sadik::oa:W4317355112
fsbm_loubna_benidire,art_00534,fsbm_loubna_benidire::oa:W2188625616
fsbm_amal_elhamsaselyoubi,art_00535,fsbm_amal_elhamsaselyoubi::oa:W1943610552
fsbm_driss_radallah,art_00536,fsbm_driss_radallah::oa:W91004697
fsbm_said_bakkali,art_00537,fsbm_said_bakkali::oa:W7127511609
fsbm_mohamed_moumou,art_00538,fsbm_mohamed_moumou::oa:W4387351380
fsbm_mohamed_ghazouani,art_00539,fsbm_mohamed_ghazouani::oa:W3081936506
fsbm_aziz_boutouil,art_00540,fsbm_aziz_boutouil::oa:W4399982122
fsbm_rhma_adhiri,art_00541,fsbm_rhma_adhiri::oa:W4281850138
fsbm_chaouki_sadik,art_00542,fsbm_chaouki_sadik::oa:W3022546322
fsbm_chaouki_sadik,art_00543,fsbm_chaouki_sadik::oa:W2969255425
fsbm_mohammed_berrada,art_00544,fsbm_mohammed_berrada::oa:W1984335799
fsbm_issam_atouf,art_00545,fsbm_issam_atouf::oa:W7164862547
fsbm_said_gmouh,art_00546,fsbm_said_gmouh::oa:W2080602289
fsbm_youssef_naimi,art_00547,fsbm_youssef_naimi::oa:W4378529853
fsbm_youssef_naimi,art_00548,fsbm_youssef_naimi::oa:W4400054988
fsbm_youssef_naimi,art_00549,fsbm_youssef_naimi::oa:W4403151545
fsbm_youssef_naimi,art_00550,fsbm_youssef_naimi::oa:W4386295440
fsbm_rhma_adhiri,art_00551,fsbm_rhma_adhiri::oa:W4366598413
fsbm_abdelhakim_alali,art_00552,fsbm_abdelhakim_alali::OcbnqJIAAAAJ:kNdYIx-mwKoC
fsbm_elhabib_benlahmar,art_00553,fsbm_elhabib_benlahmar::oa:W3047893342
fsbm_omar_tanane,art_00554,fsbm_omar_tanane::oa:W4381956776
fsbm_mostafa_oukassou,art_00555,fsbm_mostafa_oukassou::oa:W7162654527
fsbm_wadi_badri,art_00556,fsbm_wadi_badri::oa:W302562263
fsbm_youssef_naimi,art_00557,fsbm_youssef_naimi::oa:W2512515887
fsbm_youssef_naimi,art_00558,fsbm_youssef_naimi::oa:W2941431754
fsbm_youssef_naimi,art_00559,fsbm_youssef_naimi::oa:W2969993017
fsbm_abdelmoghit_zaarane,art_00560,fsbm_abdelmoghit_zaarane::WyhosLcAAAAJ:ZeXyd9-uunAC
fsbm_rhma_adhiri,art_00561,fsbm_rhma_adhiri::oa:W4409058895
fsbm_aziz_boutouil,art_00562,fsbm_aziz_boutouil::oa:W4412419942
fsbm_youssef_naimi,art_00563,fsbm_youssef_naimi::oa:W4226091572
fsbm_faouzia_benabbou,art_00564,fsbm_faouzia_benabbou::oa:W3214474602
fsbm_nawal_sael,art_00564,fsbm_nawal_sael::oa:W3214474602
fsbm_khadija_achtaich,art_00565,fsbm_khadija_achtaich::oa:W7161851828
fsbm_said_gmouh,art_00566,fsbm_said_gmouh::oa:W4400142671
fsbm_mohammed_aitdaoud,art_00567,fsbm_mohammed_aitdaoud::oa:W4392175855
fsbm_said_nouh,art_00568,fsbm_said_nouh::oa:W4388679670
fsbm_mostafa_oukassou,art_00569,fsbm_mostafa_oukassou::oa:W4402065169
fsbm_abderrahmane_daif,art_00570,fsbm_abderrahmane_daif::oa:W4391944788
fsbm_mohamed_ghazouani,art_00570,fsbm_mohamed_ghazouani::oa:W4391944788
fsbm_mohamed_ghazouani,art_00571,fsbm_mohamed_ghazouani::oa:W4391935270
fsbm_sanaa_elfilali,art_00572,fsbm_sanaa_elfilali::oa:W4411237826
fsbm_faouzia_benabbou,art_00573,fsbm_faouzia_benabbou::oa:W4405219015
fsbm_chaouki_sadik,art_00574,fsbm_chaouki_sadik::oa:W4411859776
fsbm_mostafa_oukassou,art_00575,fsbm_mostafa_oukassou::oa:W4327700065
fsbm_abdelmjid_abourriche,art_00576,fsbm_abdelmjid_abourriche::oa:W4401586003
fsbm_omar_zahour,art_00577,fsbm_omar_zahour::oa:W7130352854
fsbm_mohssine_bentaib,art_00578,fsbm_mohssine_bentaib::oa:W4417029174
fsbm_samia_yousfi,art_00579,fsbm_samia_yousfi::oa:W4403117868
fsbm_nadia_iounes,art_00580,fsbm_nadia_iounes::oa:W3093463546
fsbm_nadia_barhoun,art_00581,fsbm_nadia_barhoun::oa:W4392666702
fsbm_nadia_barhoun,art_00582,fsbm_nadia_barhoun::oa:W14754136
fsbm_loubna_benidire,art_00583,fsbm_loubna_benidire::oa:W2091988200
fsbm_anass_kettani,art_00584,fsbm_anass_kettani::oa:W2771981310
fsbm_halima_lebrazi,art_00584,fsbm_halima_lebrazi::oa:W2771981310
fsbm_mohssine_bentaib,art_00585,fsbm_mohssine_bentaib::oa:W1191333969
fsbm_asmaa_benbiyi,art_00586,fsbm_asmaa_benbiyi::oa:W4386216230
fsbm_abdelmjid_abourriche,art_00587,fsbm_abdelmjid_abourriche::oa:W4388699262
fsbm_rachid_essamoud,art_00588,fsbm_rachid_essamoud::oa:W3135354603
fsbm_said_nouh,art_00589,fsbm_said_nouh::oa:W4390549888
fsbm_wadi_badri,art_00590,fsbm_wadi_badri::oa:W2782740291
fsbm_karima_mohtadi,art_00591,fsbm_karima_mohtadi::oa:W2921731551
fsbm_karima_mohtadi,art_00592,fsbm_karima_mohtadi::oa:W2595737318
fsbm_asmaa_benbiyi,art_00593,fsbm_asmaa_benbiyi::oa:W4386500852
fsbm_amal_elhamsaselyoubi,art_00594,fsbm_amal_elhamsaselyoubi::oa:W4392812148
fsbm_amal_elhamsaselyoubi,art_00595,fsbm_amal_elhamsaselyoubi::oa:W2980893848
fsbm_mohamed_moumou,art_00596,fsbm_mohamed_moumou::oa:W3045158230
fsbm_wadi_badri,art_00597,fsbm_wadi_badri::oa:W1738997058
fsbm_samia_yousfi,art_00598,fsbm_samia_yousfi::oa:W4296473497
fsbm_soumia_belouafa,art_00599,fsbm_soumia_belouafa::oa:W2045818329
fsbm_allal_labriki,art_00600,fsbm_allal_labriki::oa:W2604871379
fsbm_mostafa_oukassou,art_00601,fsbm_mostafa_oukassou::oa:W3179664765
fsbm_soufiane_maimouni,art_00601,fsbm_soufiane_maimouni::oa:W3179664765
fsbm_anass_kettani,art_00602,fsbm_anass_kettani::oa:W4410392989
fsbm_tarik_chafiq,art_00603,fsbm_tarik_chafiq::oa:W7204091814
fsbm_mustapha_mouflih,art_00604,fsbm_mustapha_mouflih::oa:W4392742648
fsbm_omar_zahour,art_00605,fsbm_omar_zahour::oa:W7130382974
fsbm_chaouki_sadik,art_00606,fsbm_chaouki_sadik::oa:W4394688898
fsbm_karima_mohtadi,art_00607,fsbm_karima_mohtadi::oa:W2424378795
fsbm_halima_lebrazi,art_00608,fsbm_halima_lebrazi::oa:W2536020430
fsbm_nadia_iounes,art_00609,fsbm_nadia_iounes::oa:W3010304625
fsbm_wadi_badri,art_00610,fsbm_wadi_badri::oa:W339839744
fsbm_mounir_sadiq,art_00611,fsbm_mounir_sadiq::oa:W3120578791
fsbm_samia_yousfi,art_00612,fsbm_samia_yousfi::oa:W4411705486
fsbm_asmaa_benbiyi,art_00613,fsbm_asmaa_benbiyi::oa:W3209327533
fsbm_driss_radallah,art_00614,fsbm_driss_radallah::oa:W4213309505
fsbm_nadia_iounes,art_00615,fsbm_nadia_iounes::oa:W3048571435
fsbm_aziz_boutouil,art_00616,fsbm_aziz_boutouil::oa:W4413075303
fsbm_abdelmottalib_nahli,art_00617,fsbm_abdelmottalib_nahli::oa:W4362472712
fsbm_nadia_iounes,art_00618,fsbm_nadia_iounes::oa:W4361284115
fsbm_nadia_barhoun,art_00619,fsbm_nadia_barhoun::oa:W2139621539
fsbm_nadia_iounes,art_00620,fsbm_nadia_iounes::oa:W3092218087
fsbm_nadia_barhoun,art_00621,fsbm_nadia_barhoun::oa:W4286881184
fsbm_said_gmouh,art_00622,fsbm_said_gmouh::oa:W2952688245
fsbm_mohamed_talea,art_00623,fsbm_mohamed_talea::oa:W2762499170
fsbm_mostafa_oukassou,art_00624,fsbm_mostafa_oukassou::oa:W3193688341
fsbm_nadia_barhoun,art_00625,fsbm_nadia_barhoun::oa:W1942290710
fsbm_othmane_daoudi,art_00626,fsbm_othmane_daoudi::oa:W3159884954
fsbm_asmaa_benbiyi,art_00627,fsbm_asmaa_benbiyi::oa:W4399142614
fsbm_mohamed_idiri,art_00628,fsbm_mohamed_idiri::oa:W3104491506
fsbm_mustapha_mouflih,art_00629,fsbm_mustapha_mouflih::oa:W4409212332
fsbm_soumia_mordane,art_00630,fsbm_soumia_mordane::oa:W4360878130
fsbm_omar_tanane,art_00631,fsbm_omar_tanane::oa:W4390275434
fsbm_soufiane_maimouni,art_00632,fsbm_soufiane_maimouni::oa:W7165728229
fsbm_samir_chtita,art_00633,fsbm_samir_chtita::oa:W4379745467
fsbm_abdelhakim_alali,art_00634,fsbm_abdelhakim_alali::OcbnqJIAAAAJ:Se3iqnhoufwC
fsbm_omar_tanane,art_00635,fsbm_omar_tanane::oa:W4414299117
fsbm_mounir_sadiq,art_00636,fsbm_mounir_sadiq::oa:W4400722518
fsbm_youssef_naimi,art_00637,fsbm_youssef_naimi::oa:W4392603135
fsbm_tarik_chafiq,art_00638,fsbm_tarik_chafiq::oa:W4412182578
fsbm_mohammed_aitdaoud,art_00639,fsbm_mohammed_aitdaoud::oa:W4392175846
fsbm_abdelilah_akouibaa,art_00640,fsbm_abdelilah_akouibaa::oa:W4410976665
fsbm_soumia_mordane,art_00640,fsbm_soumia_mordane::oa:W4410976665
fsbm_bouchra_aharmim,art_00641,fsbm_bouchra_aharmim::oa:W4401578335
fsbm_abderrahim_eladraoui,art_00642,fsbm_abderrahim_eladraoui::oa:W2786839770
fsbm_abderrahim_eladraoui,art_00643,fsbm_abderrahim_eladraoui::oa:W3022829372
fsbm_driss_bouggar,art_00644,fsbm_driss_bouggar::oa:W4319792552
fsbm_rachid_essamoud,art_00645,fsbm_rachid_essamoud::oa:W3183572314
fsbm_rachid_essamoud,art_00646,fsbm_rachid_essamoud::oa:W4389915555
fsbm_rachid_essamoud,art_00647,fsbm_rachid_essamoud::oa:W4294190238
fsbm_rachid_essamoud,art_00648,fsbm_rachid_essamoud::oa:W7202213426
fsbm_driss_radallah,art_00649,fsbm_driss_radallah::oa:W3007903600
fsbm_driss_radallah,art_00650,fsbm_driss_radallah::oa:W2384587120
fsbm_driss_radallah,art_00651,fsbm_driss_radallah::oa:W4386533536
fsbm_faouzia_benabbou,art_00652,fsbm_faouzia_benabbou::oa:W4221065535
fsbm_nawal_sael,art_00652,fsbm_nawal_sael::oa:W4221065535
fsbm_anass_kettani,art_00653,fsbm_anass_kettani::oa:W1980412430
fsbm_rachida_moultif,art_00654,fsbm_rachida_moultif::oa:W4402081636
fsbm_driss_radallah,art_00655,fsbm_driss_radallah::oa:W2978683646
fsbm_mustapha_mouflih,art_00656,fsbm_mustapha_mouflih::oa:W2092317632
fsbm_faouziya_haissen,art_00657,fsbm_faouziya_haissen::oa:W1124713089
fsbm_mostafa_oukassou,art_00658,fsbm_mostafa_oukassou::oa:W2266320774
fsbm_youssef_naimi,art_00659,fsbm_youssef_naimi::oa:W2897972388
fsbm_mohamed_idiri,art_00660,fsbm_mohamed_idiri::oa:W4309081076
fsbm_mohamed_idiri,art_00661,fsbm_mohamed_idiri::oa:W4385697158
fsbm_mohamed_idiri,art_00662,fsbm_mohamed_idiri::oa:W4410019052
fsbm_mohamed_idiri,art_00663,fsbm_mohamed_idiri::oa:W7159637124
fsbm_rhma_adhiri,art_00664,fsbm_rhma_adhiri::oa:W7165659215
fsbm_rhma_adhiri,art_00665,fsbm_rhma_adhiri::oa:W4413238333
fsbm_mohamed_idiri,art_00666,fsbm_mohamed_idiri::oa:W4410452576
fsbm_abdelilah_akouibaa,art_00667,fsbm_abdelilah_akouibaa::oa:W4414413914
fsbm_soumia_mordane,art_00667,fsbm_soumia_mordane::oa:W4414413914
fsbm_mostafa_oukassou,art_00668,fsbm_mostafa_oukassou::oa:W4322504515
fsbm_abderrahim_eladraoui,art_00669,fsbm_abderrahim_eladraoui::oa:W3011215336
fsbm_abdelhafid_bassou,art_00670,fsbm_abdelhafid_bassou::oa:W3153165030
fsbm_said_gmouh,art_00671,fsbm_said_gmouh::oa:W3000674459
fsbm_said_gmouh,art_00672,fsbm_said_gmouh::oa:W2907588464
fsbm_faouziya_haissen,art_00673,fsbm_faouziya_haissen::oa:W4396849376
fsbm_said_gmouh,art_00674,fsbm_said_gmouh::oa:W2090154084
fsbm_khadija_achtaich,art_00675,fsbm_khadija_achtaich::oa:W7130393372
fsbm_mohammed_aitdaoud,art_00675,fsbm_mohammed_aitdaoud::oa:W7130393372
fsbm_mounir_sadiq,art_00676,fsbm_mounir_sadiq::oa:W2953485155
fsbm_soumia_mordane,art_00677,fsbm_soumia_mordane::oa:W2513724594
fsbm_mostafa_oukassou,art_00678,fsbm_mostafa_oukassou::oa:W2594672655
fsbm_soufiane_maimouni,art_00678,fsbm_soufiane_maimouni::oa:W2594672655
fsbm_faouzia_benabbou,art_00679,fsbm_faouzia_benabbou::oa:W3006910127
fsbm_nawal_sael,art_00679,fsbm_nawal_sael::oa:W3006910127
fsbm_faouzia_benabbou,art_00680,fsbm_faouzia_benabbou::oa:W2995220885
fsbm_nawal_sael,art_00680,fsbm_nawal_sael::oa:W2995220885
fsbm_mohamed_ghazouani,art_00681,fsbm_mohamed_ghazouani::oa:W7130518975
fsbm_abdelmoghit_zaarane,art_00682,fsbm_abdelmoghit_zaarane::WyhosLcAAAAJ:-f6ydRqryjwC
fsbm_issam_atouf,art_00682,fsbm_issam_atouf::oa:W7163907863
fsbm_mohamed_ghazouani,art_00683,fsbm_mohamed_ghazouani::oa:W4410902706
fsbm_hassan_laarabi,art_00684,fsbm_hassan_laarabi::oa:W7165780763
fsbm_laila_mouakkir,art_00684,fsbm_laila_mouakkir::oa:W7165780763
fsbm_mohammed_aitdaoud,art_00685,fsbm_mohammed_aitdaoud::oa:W4391044454
fsbm_fouad_damiri,art_00686,fsbm_fouad_damiri::oa:W4289203941
fsbm_mohammed_berrada,art_00686,fsbm_mohammed_berrada::oa:W4289203941
fsbm_abderrahim_eladraoui,art_00687,fsbm_abderrahim_eladraoui::oa:W3035198835
fsbm_said_gmouh,art_00688,fsbm_said_gmouh::oa:W4379515699
fsbm_mohamed_talea,art_00689,fsbm_mohamed_talea::oa:W4288078078
fsbm_abdellatif_slimani,art_00690,fsbm_abdellatif_slimani::PA70UmkAAAAJ:Y0pCki6q_DkC
fsbm_khadija_achtaich,art_00691,fsbm_khadija_achtaich::oa:W7166123947
fsbm_tarik_chafiq,art_00692,fsbm_tarik_chafiq::oa:W7204800777
fsbm_wadi_badri,art_00693,fsbm_wadi_badri::oa:W2948055582
fsbm_khadija_achtaich,art_00694,fsbm_khadija_achtaich::oa:W4413377476
fsbm_chaouki_sadik,art_00695,fsbm_chaouki_sadik::oa:W4319864171
fsbm_said_nouh,art_00696,fsbm_said_nouh::oa:W1486467127
fsbm_tarik_chafiq,art_00697,fsbm_tarik_chafiq::oa:W4236169135
fsbm_amal_elhamsaselyoubi,art_00698,fsbm_amal_elhamsaselyoubi::oa:W4387464942
fsbm_amal_elhamsaselyoubi,art_00699,fsbm_amal_elhamsaselyoubi::oa:W4390858602
fsbm_halima_lebrazi,art_00700,fsbm_halima_lebrazi::oa:W3024492517
fsbm_allal_labriki,art_00701,fsbm_allal_labriki::oa:W4400052108
fsbm_mustapha_mouflih,art_00702,fsbm_mustapha_mouflih::oa:W3171307913
fsbm_mustapha_mouflih,art_00703,fsbm_mustapha_mouflih::oa:W2010177795
fsbm_faouziya_haissen,art_00704,fsbm_faouziya_haissen::oa:W3186872862
fsbm_allal_labriki,art_00705,fsbm_allal_labriki::oa:W4387459498
fsbm_tarik_chafiq,art_00705,fsbm_tarik_chafiq::oa:W4387459498
fsbm_wadi_badri,art_00706,fsbm_wadi_badri::oa:W2022040400
fsbm_allal_labriki,art_00707,fsbm_allal_labriki::oa:W4415233854
fsbm_chaouki_sadik,art_00708,fsbm_chaouki_sadik::oa:W2507744274
fsbm_omar_tanane,art_00709,fsbm_omar_tanane::oa:W4376137426
fsbm_allal_labriki,art_00710,fsbm_allal_labriki::oa:W4407263841
fsbm_soufiane_maimouni,art_00711,fsbm_soufiane_maimouni::oa:W3126205519
fsbm_soufiane_maimouni,art_00712,fsbm_soufiane_maimouni::oa:W4400113300
fsbm_soumia_mordane,art_00713,fsbm_soumia_mordane::oa:W2892804921
fsbm_abdelhafid_bassou,art_00714,fsbm_abdelhafid_bassou::oa:W7120132231
fsbm_said_nouh,art_00715,fsbm_said_nouh::oa:W2529341915
fsbm_mustapha_mouflih,art_00716,fsbm_mustapha_mouflih::oa:W2184573142
fsbm_tarik_chafiq,art_00717,fsbm_tarik_chafiq::oa:W7140045486
fsbm_elhabib_benlahmar,art_00718,fsbm_elhabib_benlahmar::oa:W4283755852
fsbm_said_bakkali,art_00719,fsbm_said_bakkali::oa:W2277160671
fsbm_allal_labriki,art_00720,fsbm_allal_labriki::oa:W7172133707
fsbm_loubna_benidire,art_00721,fsbm_loubna_benidire::oa:W3011123593
fsbm_loubna_benidire,art_00722,fsbm_loubna_benidire::oa:W4409668037
fsbm_driss_radallah,art_00723,fsbm_driss_radallah::oa:W3033039104
fsbm_halima_lebrazi,art_00724,fsbm_halima_lebrazi::oa:W4400427595
fsbm_abderrahmane_daif,art_00725,fsbm_abderrahmane_daif::oa:W4210898654
fsbm_issam_atouf,art_00726,fsbm_issam_atouf::oa:W3032905625
fsbm_sanaa_elfilali,art_00727,fsbm_sanaa_elfilali::oa:W4412472582
fsbm_mohamed_moumou,art_00728,fsbm_mohamed_moumou::oa:W7204214087
fsbm_abdellatif_slimani,art_00729,fsbm_abdellatif_slimani::PA70UmkAAAAJ:kNdYIx-mwKoC
fsbm_asmaa_benbiyi,art_00730,fsbm_asmaa_benbiyi::oa:W4394944744
fsbm_bouazza_braikat,art_00731,fsbm_bouazza_braikat::oa:W2810042453
fsbm_faouziya_haissen,art_00732,fsbm_faouziya_haissen::oa:W2881973710
fsbm_said_nouh,art_00733,fsbm_said_nouh::oa:W3176705000
fsbm_said_nouh,art_00734,fsbm_said_nouh::oa:W2905700787
fsbm_faouziya_haissen,art_00735,fsbm_faouziya_haissen::oa:W2129511931
fsbm_soufiane_zerraf,art_00736,fsbm_soufiane_zerraf::oa:W4392092700
fsbm_omar_tanane,art_00737,fsbm_omar_tanane::oa:W4400093468
fsbm_amal_elhamsaselyoubi,art_00738,fsbm_amal_elhamsaselyoubi::oa:W4408678263
fsbm_driss_radallah,art_00738,fsbm_driss_radallah::oa:W4408678263
fsbm_driss_radallah,art_00739,fsbm_driss_radallah::oa:W2976397125
fsbm_omar_zakary,art_00740,fsbm_omar_zakary::oa:W4308355264
fsbm_anass_kettani,art_00741,fsbm_anass_kettani::oa:W4387434298
fsbm_karima_mohtadi,art_00741,fsbm_karima_mohtadi::oa:W4387434298
fsbm_faouzia_benabbou,art_00742,fsbm_faouzia_benabbou::oa:W3156264952
fsbm_nawal_sael,art_00742,fsbm_nawal_sael::oa:W3156264952
fsbm_driss_radallah,art_00743,fsbm_driss_radallah::oa:W3204923025
fsbm_samia_yousfi,art_00744,fsbm_samia_yousfi::oa:W2885776817
fsbm_abdelmottalib_nahli,art_00745,fsbm_abdelmottalib_nahli::oa:W7202363930
fsbm_youssef_naimi,art_00746,fsbm_youssef_naimi::oa:W2888686209
fsbm_youssef_naimi,art_00747,fsbm_youssef_naimi::oa:W7138378837
fsbm_youssef_naimi,art_00748,fsbm_youssef_naimi::oa:W4387411760
fsbm_asmaa_benbiyi,art_00749,fsbm_asmaa_benbiyi::oa:W2008329364
fsbm_abdelmjid_abourriche,art_00750,fsbm_abdelmjid_abourriche::oa:W2594134464
fsbm_samir_chtita,art_00751,fsbm_samir_chtita::oa:W3036953642
fsbm_anass_kettani,art_00752,fsbm_anass_kettani::oa:W4381887580
fsbm_samir_chtita,art_00753,fsbm_samir_chtita::oa:W4224145764
fsbm_rachid_saile,art_00754,fsbm_rachid_saile::oa:W7162800957
fsbm_omar_zakary,art_00755,fsbm_omar_zakary::oa:W3081524555
fsbm_siham_slassi,art_00756,fsbm_siham_slassi::oa:W2907470908
fsbm_said_gmouh,art_00757,fsbm_said_gmouh::oa:W2892301580
fsbm_anass_kettani,art_00758,fsbm_anass_kettani::oa:W3048481819
fsbm_allal_labriki,art_00759,fsbm_allal_labriki::oa:W4401727251
fsbm_mounir_sadiq,art_00760,fsbm_mounir_sadiq::oa:W4414894024
fsbm_othmane_daoudi,art_00761,fsbm_othmane_daoudi::oa:W4401342914
fsbm_soumia_mordane,art_00762,fsbm_soumia_mordane::oa:W4287958757
fsbm_loubna_benidire,art_00763,fsbm_loubna_benidire::oa:W2970692077
fsbm_elhabib_benlahmar,art_00764,fsbm_elhabib_benlahmar::oa:W3196578608
fsbm_khadija_achtaich,art_00764,fsbm_khadija_achtaich::oa:W3196578608
fsbm_mohamed_idiri,art_00765,fsbm_mohamed_idiri::oa:W4408738101
fsbm_rachida_moultif,art_00766,fsbm_rachida_moultif::oa:W2972740337
fsbm_soumia_mordane,art_00767,fsbm_soumia_mordane::oa:W2998676289
fsbm_laila_mouakkir,art_00768,fsbm_laila_mouakkir::oa:W7166054649
fsbm_imane_agmour,art_00769,fsbm_imane_agmour::oa:W3011828046
fsbm_abdelhakim_alali,art_00770,fsbm_abdelhakim_alali::OcbnqJIAAAAJ:UeHWp8X0CEIC
fsbm_loubna_benidire,art_00771,fsbm_loubna_benidire::oa:W3129454636
fsbm_mohssine_bentaib,art_00772,fsbm_mohssine_bentaib::oa:W2040808121
fsbm_faouzia_benabbou,art_00773,fsbm_faouzia_benabbou::oa:W2966324982
fsbm_nawal_sael,art_00773,fsbm_nawal_sael::oa:W2966324982
fsbm_omar_tanane,art_00774,fsbm_omar_tanane::oa:W2903324857
fsbm_soumia_mordane,art_00775,fsbm_soumia_mordane::oa:W2996388794
fsbm_khadija_achtaich,art_00776,fsbm_khadija_achtaich::oa:W4411972399
fsbm_anass_kettani,art_00777,fsbm_anass_kettani::oa:W3156641666
fsbm_samir_chtita,art_00778,fsbm_samir_chtita::oa:W4213325914
fsbm_samir_chtita,art_00779,fsbm_samir_chtita::oa:W4225117244
fsbm_samir_chtita,art_00780,fsbm_samir_chtita::oa:W4388802426
fsbm_amal_elhamsaselyoubi,art_00781,fsbm_amal_elhamsaselyoubi::oa:W2111451571
fsbm_amal_elhamsaselyoubi,art_00782,fsbm_amal_elhamsaselyoubi::oa:W2289940126
fsbm_tarik_chafiq,art_00783,fsbm_tarik_chafiq::oa:W4391548937
fsbm_khadija_achtaich,art_00784,fsbm_khadija_achtaich::oa:W4403048438
fsbm_soufiane_maimouni,art_00785,fsbm_soufiane_maimouni::oa:W3126256388
fsbm_mohammed_berrada,art_00786,fsbm_mohammed_berrada::oa:W2113198252
fsbm_halima_lebrazi,art_00787,fsbm_halima_lebrazi::oa:W2402685139
fsbm_chaouki_sadik,art_00788,fsbm_chaouki_sadik::oa:W2041484103
fsbm_driss_radallah,art_00789,fsbm_driss_radallah::oa:W3009214383
fsbm_said_bakkali,art_00790,fsbm_said_bakkali::oa:W2031167281
fsbm_said_bakkali,art_00791,fsbm_said_bakkali::oa:W2022006975
fsbm_soumia_mordane,art_00792,fsbm_soumia_mordane::oa:W4323530138
fsbm_mohamed_ghazouani,art_00793,fsbm_mohamed_ghazouani::oa:W2101989918
fsbm_omar_tanane,art_00794,fsbm_omar_tanane::oa:W4416723558
fsbm_soufiane_zerraf,art_00795,fsbm_soufiane_zerraf::oa:W4408327682
fsbm_mohammed_berrada,art_00796,fsbm_mohammed_berrada::oa:W2026841916
fsbm_asmaa_benbiyi,art_00797,fsbm_asmaa_benbiyi::oa:W4400620410
fsbm_mostafa_oukassou,art_00798,fsbm_mostafa_oukassou::oa:W4309079644
fsbm_allal_labriki,art_00799,fsbm_allal_labriki::oa:W7134983406
fsbm_soumia_belouafa,art_00800,fsbm_soumia_belouafa::oa:W7155089727
fsbm_issam_atouf,art_00801,fsbm_issam_atouf::oa:W7125689348
fsbm_mohamed_ghazouani,art_00802,fsbm_mohamed_ghazouani::oa:W4404227279
fsbm_mohssine_bentaib,art_00803,fsbm_mohssine_bentaib::oa:W2914304128
fsbm_mohamed_talea,art_00804,fsbm_mohamed_talea::oa:W3010178525
fsbm_omar_zahour,art_00805,fsbm_omar_zahour::oa:W7130337477
fsbm_driss_radallah,art_00806,fsbm_driss_radallah::oa:W3036201904
fsbm_imane_agmour,art_00807,fsbm_imane_agmour::oa:W3134096345
fsbm_mohamed_talea,art_00808,fsbm_mohamed_talea::oa:W2253366167
fsbm_imane_agmour,art_00809,fsbm_imane_agmour::oa:W2990386818
fsbm_khadija_achtaich,art_00810,fsbm_khadija_achtaich::oa:W4414301845
fsbm_said_gmouh,art_00811,fsbm_said_gmouh::oa:W4213452809
fsbm_said_gmouh,art_00812,fsbm_said_gmouh::oa:W2307831364
fsbm_allal_labriki,art_00813,fsbm_allal_labriki::oa:W4390937508
fsbm_abdellatif_slimani,art_00814,fsbm_abdellatif_slimani::PA70UmkAAAAJ:YsMSGLbcyi4C
fsbm_mohamed_idiri,art_00815,fsbm_mohamed_idiri::oa:W7148928164
fsbm_imane_agmour,art_00816,fsbm_imane_agmour::oa:W4390638407
fsbm_tarik_chafiq,art_00817,fsbm_tarik_chafiq::oa:W4402629527
fsbm_abdellah_hamdaoui,art_00818,fsbm_abdellah_hamdaoui::oa:W4393188712
fsbm_mohamed_idiri,art_00819,fsbm_mohamed_idiri::oa:W4413002079
fsbm_mohamed_idiri,art_00820,fsbm_mohamed_idiri::oa:W4390198276
fsbm_rhma_adhiri,art_00821,fsbm_rhma_adhiri::oa:W7127185271
fsbm_samia_yousfi,art_00822,fsbm_samia_yousfi::oa:W4399632678
fsbm_said_bakkali,art_00823,fsbm_said_bakkali::oa:W3202428368
fsbm_said_gmouh,art_00824,fsbm_said_gmouh::oa:W2054068098
fsbm_khadija_achtaich,art_00825,fsbm_khadija_achtaich::oa:W4309637340
fsbm_tarik_chafiq,art_00826,fsbm_tarik_chafiq::oa:W4385980983
fsbm_sanaa_elfilali,art_00827,fsbm_sanaa_elfilali::oa:W3208993586
fsbm_issam_atouf,art_00828,fsbm_issam_atouf::oa:W4399620911
fsbm_nawal_sael,art_00829,fsbm_nawal_sael::oa:W3048059353
fsbm_abdelilah_akouibaa,art_00830,fsbm_abdelilah_akouibaa::oa:W4404214797
fsbm_elhabib_benlahmar,art_00831,fsbm_elhabib_benlahmar::oa:W3048290301
fsbm_khadija_achtaich,art_00831,fsbm_khadija_achtaich::oa:W3048290301
fsbm_khadija_achtaich,art_00832,fsbm_khadija_achtaich::oa:W3127806026
fsbm_mohamed_talea,art_00833,fsbm_mohamed_talea::oa:W2346004391
fsbm_mohammed_aitdaoud,art_00834,fsbm_mohammed_aitdaoud::oa:W2995179567
fsbm_faouziya_haissen,art_00835,fsbm_faouziya_haissen::oa:W2153384441
fsbm_abderrahim_eladraoui,art_00836,fsbm_abderrahim_eladraoui::oa:W2922369274
fsbm_soumia_belouafa,art_00837,fsbm_soumia_belouafa::oa:W4411887727
fsbm_driss_radallah,art_00838,fsbm_driss_radallah::oa:W2968584017
fsbm_elhabib_benlahmar,art_00839,fsbm_elhabib_benlahmar::oa:W4285281193
fsbm_khalid_adnaoui,art_00840,fsbm_khalid_adnaoui::oa:W2329003983
fsbm_mustapha_mouflih,art_00841,fsbm_mustapha_mouflih::oa:W1503170627
fsbm_wadi_badri,art_00842,fsbm_wadi_badri::oa:W2081126074
fsbm_nadia_barhoun,art_00843,fsbm_nadia_barhoun::oa:W1978162843
fsbm_nadia_barhoun,art_00844,fsbm_nadia_barhoun::oa:W2086276912
fsbm_nadia_barhoun,art_00845,fsbm_nadia_barhoun::oa:W2048558003
fsbm_rachid_essamoud,art_00846,fsbm_rachid_essamoud::oa:W3083289679
fsbm_mustapha_mouflih,art_00847,fsbm_mustapha_mouflih::oa:W3138400291
fsbm_nadia_barhoun,art_00848,fsbm_nadia_barhoun::oa:W4385465358
fsbm_rachid_essamoud,art_00848,fsbm_rachid_essamoud::oa:W4385465358
fsbm_nadia_barhoun,art_00849,fsbm_nadia_barhoun::oa:W4281961167
fsbm_nadia_barhoun,art_00850,fsbm_nadia_barhoun::oa:W4385247428
fsbm_nadia_barhoun,art_00851,fsbm_nadia_barhoun::oa:W4309580485
fsbm_wadi_badri,art_00852,fsbm_wadi_badri::oa:W7167012046
fsbm_said_bakkali,art_00853,fsbm_said_bakkali::oa:W3083369498
fsbm_khalid_adnaoui,art_00854,fsbm_khalid_adnaoui::oa:W7125932520
fsbm_nadia_barhoun,art_00855,fsbm_nadia_barhoun::oa:W2318416280
fsbm_nadia_barhoun,art_00856,fsbm_nadia_barhoun::oa:W4286862329
fsbm_driss_radallah,art_00857,fsbm_driss_radallah::oa:W2052812479
fsbm_khadija_achtaich,art_00858,fsbm_khadija_achtaich::oa:W4417169911
fsbm_omar_zahour,art_00859,fsbm_omar_zahour::oa:W7130437926
fsbm_amal_elhamsaselyoubi,art_00860,fsbm_amal_elhamsaselyoubi::oa:W2050555875
fsbm_driss_radallah,art_00861,fsbm_driss_radallah::oa:W2975608101
fsbm_siham_slassi,art_00862,fsbm_siham_slassi::oa:W7160637673
fsbm_faouziya_haissen,art_00863,fsbm_faouziya_haissen::oa:W4285260590
fsbm_said_gmouh,art_00864,fsbm_said_gmouh::oa:W2065224446
fsbm_halima_lebrazi,art_00865,fsbm_halima_lebrazi::oa:W2041176106
fsbm_issam_atouf,art_00866,fsbm_issam_atouf::oa:W7135241696
fsbm_loubna_benidire,art_00866,fsbm_loubna_benidire::oa:W7128808550
fsbm_mustapha_mouflih,art_00867,fsbm_mustapha_mouflih::oa:W3132172778
fsbm_mustapha_mouflih,art_00868,fsbm_mustapha_mouflih::oa:W4206273295
fsbm_faouzia_benabbou,art_00869,fsbm_faouzia_benabbou::oa:W2264247447
fsbm_bouazza_braikat,art_00870,fsbm_bouazza_braikat::oa:W2063348811
fsbm_chaouki_sadik,art_00871,fsbm_chaouki_sadik::oa:W4408943523
fsbm_othmane_daoudi,art_00872,fsbm_othmane_daoudi::oa:W4408499623
fsbm_elhabib_benlahmar,art_00873,fsbm_elhabib_benlahmar::oa:W3197078391
fsbm_abdessamad_belangour,art_00874,fsbm_abdessamad_belangour::oa:W4383751735
fsbm_mounir_sadiq,art_00875,fsbm_mounir_sadiq::oa:W4323528893
fsbm_said_nouh,art_00876,fsbm_said_nouh::oa:W3198074810
fsbm_nawal_sael,art_00877,fsbm_nawal_sael::oa:W4313313328
fsbm_abdessamad_belangour,art_00878,fsbm_abdessamad_belangour::oa:W4320802133
fsbm_faouzia_benabbou,art_00879,fsbm_faouzia_benabbou::oa:W4379165398
fsbm_nawal_sael,art_00879,fsbm_nawal_sael::oa:W4379165398
fsbm_halima_lebrazi,art_00880,fsbm_halima_lebrazi::oa:W4386100648
fsbm_karima_mohtadi,art_00880,fsbm_karima_mohtadi::oa:W4386100648
fsbm_omar_zakary,art_00881,fsbm_omar_zakary::oa:W7202228269
fsbm_said_nouh,art_00882,fsbm_said_nouh::oa:W2030234146
fsbm_abderrahmane_daif,art_00883,fsbm_abderrahmane_daif::oa:W3099693320
fsbm_wadi_badri,art_00884,fsbm_wadi_badri::oa:W2582063946
fsbm_soufiane_maimouni,art_00885,fsbm_soufiane_maimouni::oa:W4386354963
fsbm_soufiane_maimouni,art_00886,fsbm_soufiane_maimouni::oa:W4390674747
fsbm_bouchra_aharmim,art_00887,fsbm_bouchra_aharmim::oa:W4413900461
fsbm_bouchra_aharmim,art_00888,fsbm_bouchra_aharmim::oa:W4378375696
fsbm_bouchra_aharmim,art_00889,fsbm_bouchra_aharmim::oa:W7204266753
fsbm_allal_labriki,art_00890,fsbm_allal_labriki::oa:W142839329
fsbm_abdelmjid_abourriche,art_00891,fsbm_abdelmjid_abourriche::oa:W4378229189
fsbm_karima_mohtadi,art_00892,fsbm_karima_mohtadi::oa:W7164518046
fsbm_omar_zakary,art_00893,fsbm_omar_zakary::oa:W3092094844
fsbm_hassan_laarabi,art_00894,fsbm_hassan_laarabi::oa:W4394808701
fsbm_imane_agmour,art_00895,fsbm_imane_agmour::oa:W3010169837
fsbm_omar_zakary,art_00896,fsbm_omar_zakary::oa:W3040679371
fsbm_laila_mouakkir,art_00897,fsbm_laila_mouakkir::oa:W4311299784
fsbm_imane_agmour,art_00898,fsbm_imane_agmour::oa:W3157849947
fsbm_driss_bouggar,art_00899,fsbm_driss_bouggar::oa:W7152610232
fsbm_mohammed_aitdaoud,art_00900,fsbm_mohammed_aitdaoud::oa:W2767673799
fsbm_halima_lebrazi,art_00901,fsbm_halima_lebrazi::oa:W2080640948
fsbm_said_gmouh,art_00902,fsbm_said_gmouh::oa:W3170128316
fsbm_omar_tanane,art_00903,fsbm_omar_tanane::oa:W2791849004
fsbm_mohamed_moumou,art_00904,fsbm_mohamed_moumou::oa:W4401559344
fsbm_mounir_sadiq,art_00905,fsbm_mounir_sadiq::oa:W4294768508
fsbm_wadi_badri,art_00906,fsbm_wadi_badri::oa:W2438868494
fsbm_soufiane_zerraf,art_00907,fsbm_soufiane_zerraf::oa:W4416296866
fsbm_siham_slassi,art_00908,fsbm_siham_slassi::oa:W4401315234
fsbm_mohamed_ghazouani,art_00909,fsbm_mohamed_ghazouani::oa:W4377261645
fsbm_bouazza_braikat,art_00910,fsbm_bouazza_braikat::oa:W4229058283
fsbm_faouziya_haissen,art_00911,fsbm_faouziya_haissen::oa:W4306692598
fsbm_nadia_barhoun,art_00912,fsbm_nadia_barhoun::oa:W2155885329
fsbm_abdenbi_khouaja,art_00913,fsbm_abdenbi_khouaja::oa:W3162846103
fsbm_abdessamad_belangour,art_00914,fsbm_abdessamad_belangour::oa:W2912448845
fsbm_abdessamad_belangour,art_00915,fsbm_abdessamad_belangour::oa:W2909235188
fsbm_abdelmoghit_zaarane,art_00916,fsbm_abdelmoghit_zaarane::WyhosLcAAAAJ:7PzlFSSx8tAC
fsbm_bouazza_braikat,art_00917,fsbm_bouazza_braikat::oa:W3087438314
fsbm_bouazza_braikat,art_00918,fsbm_bouazza_braikat::oa:W2793679412
fsbm_soumia_belouafa,art_00919,fsbm_soumia_belouafa::oa:W2510534842
fsbm_khalid_adnaoui,art_00920,fsbm_khalid_adnaoui::oa:W2315509445
fsbm_bouazza_braikat,art_00921,fsbm_bouazza_braikat::oa:W2530950994
fsbm_abderrahmane_daif,art_00922,fsbm_abderrahmane_daif::oa:W4383558063
fsbm_abdelmjid_abourriche,art_00923,fsbm_abdelmjid_abourriche::oa:W2024866586
fsbm_mohammed_berrada,art_00923,fsbm_mohammed_berrada::oa:W2024866586
fsbm_issam_atouf,art_00924,fsbm_issam_atouf::oa:W3011186609
fsbm_youssef_naimi,art_00925,fsbm_youssef_naimi::oa:W4308092600
fsbm_loubna_benidire,art_00926,fsbm_loubna_benidire::oa:W2259586489
fsbm_fouad_damiri,art_00927,fsbm_fouad_damiri::oa:W4210745324
fsbm_mohammed_berrada,art_00927,fsbm_mohammed_berrada::oa:W4210745324
fsbm_siham_slassi,art_00928,fsbm_siham_slassi::oa:W3154226857
fsbm_siham_slassi,art_00929,fsbm_siham_slassi::oa:W4400839859
fsbm_nadia_iounes,art_00930,fsbm_nadia_iounes::oa:W2991640369
fsbm_mostafa_oukassou,art_00931,fsbm_mostafa_oukassou::oa:W2585053639
fsbm_mounir_sadiq,art_00932,fsbm_mounir_sadiq::oa:W4405435898
fsbm_chaouki_sadik,art_00933,fsbm_chaouki_sadik::oa:W4229015651
fsbm_mustapha_mouflih,art_00934,fsbm_mustapha_mouflih::oa:W7117713225
fsbm_mustapha_mouflih,art_00935,fsbm_mustapha_mouflih::oa:W4205534590
fsbm_soufiane_maimouni,art_00936,fsbm_soufiane_maimouni::oa:W2174031606
fsbm_khalid_adnaoui,art_00937,fsbm_khalid_adnaoui::oa:W7160254364
fsbm_laila_mouakkir,art_00937,fsbm_laila_mouakkir::oa:W7160254364
fsbm_omar_zakary,art_00938,fsbm_omar_zakary::oa:W3095476916
fsbm_soumia_belouafa,art_00939,fsbm_soumia_belouafa::oa:W4391787500
fsbm_rhma_adhiri,art_00940,fsbm_rhma_adhiri::oa:W7117464799
fsbm_abdelhakim_alali,art_00941,fsbm_abdelhakim_alali::OcbnqJIAAAAJ:eQOLeE2rZwMC
fsbm_abdellah_hamdaoui,art_00942,fsbm_abdellah_hamdaoui::oa:W4389150785
fsbm_tarik_chafiq,art_00943,fsbm_tarik_chafiq::oa:W7204169861
fsbm_mohamed_moumou,art_00944,fsbm_mohamed_moumou::oa:W4396886668
fsbm_abdellah_hamdaoui,art_00945,fsbm_abdellah_hamdaoui::oa:W4406426167
fsbm_laila_mouakkir,art_00946,fsbm_laila_mouakkir::oa:W3142857646
fsbm_wadi_badri,art_00947,fsbm_wadi_badri::oa:W4310797222
fsbm_laila_mouakkir,art_00948,fsbm_laila_mouakkir::oa:W4372292039
fsbm_omar_tanane,art_00949,fsbm_omar_tanane::oa:W4412620128
fsbm_mohammed_aitdaoud,art_00950,fsbm_mohammed_aitdaoud::oa:W2993078772
fsbm_sanaa_elfilali,art_00950,fsbm_sanaa_elfilali::oa:W2993078772
fsbm_omar_zakary,art_00951,fsbm_omar_zakary::oa:W4220777577
fsbm_rachida_moultif,art_00952,fsbm_rachida_moultif::oa:W4409329813
fsbm_laila_mouakkir,art_00953,fsbm_laila_mouakkir::oa:W3141032304
fsbm_mounir_sadiq,art_00954,fsbm_mounir_sadiq::oa:W139447331
fsbm_laila_mouakkir,art_00955,fsbm_laila_mouakkir::oa:W2119229286
fsbm_soumia_belouafa,art_00956,fsbm_soumia_belouafa::oa:W4281687128
fsbm_tarik_chafiq,art_00957,fsbm_tarik_chafiq::oa:W4387099773
fsbm_youssef_naimi,art_00958,fsbm_youssef_naimi::oa:W2946079081
fsbm_laila_mouakkir,art_00959,fsbm_laila_mouakkir::oa:W2503973425
fsbm_aziza_elbakali,art_00960,fsbm_aziza_elbakali::ADagKpAAAAAJ:u-x6o8ySG0sC
fsbm_loubna_benidire,art_00961,fsbm_loubna_benidire::oa:W2252828475
fsbm_anass_kettani,art_00962,fsbm_anass_kettani::oa:W3043344570
fsbm_halima_lebrazi,art_00962,fsbm_halima_lebrazi::oa:W3043344570
fsbm_anass_kettani,art_00963,fsbm_anass_kettani::oa:W1867446190
fsbm_asmaa_benbiyi,art_00964,fsbm_asmaa_benbiyi::oa:W3122185747
fsbm_mohamed_idiri,art_00965,fsbm_mohamed_idiri::oa:W2789774673
fsbm_abdelmottalib_nahli,art_00966,fsbm_abdelmottalib_nahli::oa:W4297184129
fsbm_abdelmottalib_nahli,art_00967,fsbm_abdelmottalib_nahli::oa:W4312067267
fsbm_asmae_guennoun,art_00968,fsbm_asmae_guennoun::5S8wkxEAAAAJ:u5HHmVD_uO8C
fsbm_rachida_moultif,art_00969,fsbm_rachida_moultif::oa:W2809587725
fsbm_rachida_moultif,art_00970,fsbm_rachida_moultif::oa:W2989963748
fsbm_asmae_guennoun,art_00971,fsbm_asmae_guennoun::5S8wkxEAAAAJ:d1gkVwhDpl0C
fsbm_rachida_moultif,art_00971,fsbm_rachida_moultif::oa:W3183565658
fsbm_rachida_moultif,art_00972,fsbm_rachida_moultif::oa:W1982237104
fsbm_abdessamad_belangour,art_00973,fsbm_abdessamad_belangour::oa:W3198713278
fsbm_halima_lebrazi,art_00974,fsbm_halima_lebrazi::oa:W2894731587
fsbm_karima_mohtadi,art_00974,fsbm_karima_mohtadi::oa:W2894731587
fsbm_allal_labriki,art_00975,fsbm_allal_labriki::oa:W4406949489
fsbm_tarik_chafiq,art_00975,fsbm_tarik_chafiq::oa:W4406949489
fsbm_allal_labriki,art_00976,fsbm_allal_labriki::oa:W3203599261
fsbm_mostafa_oukassou,art_00977,fsbm_mostafa_oukassou::oa:W3136663587
fsbm_youssef_sekhara,art_00978,fsbm_youssef_sekhara::oa:W2171118055
fsbm_hassan_laarabi,art_00979,fsbm_hassan_laarabi::oa:W4403630526
fsbm_abdessamad_belangour,art_00980,fsbm_abdessamad_belangour::oa:W3177353309
fsbm_abdellah_hamdaoui,art_00981,fsbm_abdellah_hamdaoui::oa:W4402526971
fsbm_aziz_boutouil,art_00982,fsbm_aziz_boutouil::oa:W3175528862
fsbm_abdelhakim_alali,art_00983,fsbm_abdelhakim_alali::OcbnqJIAAAAJ:2osOgNQ5qMEC
fsbm_abdelhakim_alali,art_00984,fsbm_abdelhakim_alali::OcbnqJIAAAAJ:IjCSPb-OGe4C
fsbm_mohamed_ghazouani,art_00985,fsbm_mohamed_ghazouani::oa:W4396886873
fsbm_bouchra_aharmim,art_00986,fsbm_bouchra_aharmim::oa:W2997155871
fsbm_abdellah_hamdaoui,art_00987,fsbm_abdellah_hamdaoui::oa:W3015277808
fsbm_karima_mohtadi,art_00988,fsbm_karima_mohtadi::oa:W4410868737
fsbm_anass_kettani,art_00989,fsbm_anass_kettani::oa:W2045233572
fsbm_abdellatif_slimani,art_00990,fsbm_abdellatif_slimani::PA70UmkAAAAJ:hqOjcs7Dif8C
fsbm_laila_mouakkir,art_00991,fsbm_laila_mouakkir::oa:W4292513321
fsbm_fouad_damiri,art_00992,fsbm_fouad_damiri::oa:W4213420616
fsbm_mohammed_berrada,art_00992,fsbm_mohammed_berrada::oa:W4213420616
fsbm_rhma_adhiri,art_00993,fsbm_rhma_adhiri::oa:W4413626380
fsbm_karima_mohtadi,art_00994,fsbm_karima_mohtadi::oa:W2008529602
fsbm_asmaa_benbiyi,art_00995,fsbm_asmaa_benbiyi::oa:W4408543198
fsbm_fouad_damiri,art_00996,fsbm_fouad_damiri::oa:W4392930505
fsbm_mohammed_berrada,art_00996,fsbm_mohammed_berrada::oa:W4392930505
fsbm_mohamed_idiri,art_00997,fsbm_mohamed_idiri::oa:W2795816015
fsbm_driss_bouggar,art_00998,fsbm_driss_bouggar::oa:W4308478322
fsbm_khalid_adnaoui,art_00999,fsbm_khalid_adnaoui::oa:W4416578036
fsbm_mohamed_idiri,art_01000,fsbm_mohamed_idiri::oa:W4412777957
fsbm_siham_slassi,art_01001,fsbm_siham_slassi::oa:W4214728955
fsbm_aziz_boutouil,art_01002,fsbm_aziz_boutouil::oa:W4206557300
fsbm_aziz_boutouil,art_01003,fsbm_aziz_boutouil::oa:W4285155774
fsbm_malika_izid,art_01004,fsbm_malika_izid::oa:W2553953040
fsbm_soumia_mordane,art_01005,fsbm_soumia_mordane::oa:W2609543346
fsbm_siham_slassi,art_01006,fsbm_siham_slassi::oa:W3002789856
fsbm_mostafa_oukassou,art_01007,fsbm_mostafa_oukassou::oa:W4400360311
fsbm_said_nouh,art_01008,fsbm_said_nouh::oa:W2559221390
fsbm_mostafa_oukassou,art_01009,fsbm_mostafa_oukassou::oa:W2903156764
fsbm_chaouki_sadik,art_01010,fsbm_chaouki_sadik::oa:W3014839583
fsbm_soumia_mordane,art_01011,fsbm_soumia_mordane::oa:W2803365286
fsbm_bouchra_aharmim,art_01012,fsbm_bouchra_aharmim::oa:W2800008870
fsbm_youssef_sekhara,art_01013,fsbm_youssef_sekhara::oa:W3198983406
fsbm_mohammed_aitdaoud,art_01014,fsbm_mohammed_aitdaoud::oa:W4362617717
fsbm_mohamed_ghazouani,art_01015,fsbm_mohamed_ghazouani::oa:W2985634960
fsbm_mounir_sadiq,art_01016,fsbm_mounir_sadiq::oa:W4206585232
fsbm_soufiane_zerraf,art_01017,fsbm_soufiane_zerraf::oa:W7128001784
fsbm_asmae_guennoun,art_01018,fsbm_asmae_guennoun::5S8wkxEAAAAJ:2osOgNQ5qMEC
fsbm_soumia_belouafa,art_01019,fsbm_soumia_belouafa::oa:W2024904635
fsbm_mohamed_idiri,art_01020,fsbm_mohamed_idiri::oa:W4414882769
fsbm_mohamed_talea,art_01021,fsbm_mohamed_talea::oa:W2969580590
fsbm_sanaa_elfilali,art_01022,fsbm_sanaa_elfilali::oa:W4400315543
fsbm_issam_atouf,art_01023,fsbm_issam_atouf::oa:W7128540685
fsbm_siham_slassi,art_01024,fsbm_siham_slassi::oa:W2970375321
fsbm_fouad_damiri,art_01025,fsbm_fouad_damiri::oa:W4289205203
fsbm_mohamed_talea,art_01026,fsbm_mohamed_talea::oa:W2799550386
fsbm_siham_slassi,art_01027,fsbm_siham_slassi::oa:W2970923193
fsbm_siham_slassi,art_01028,fsbm_siham_slassi::oa:W3049156029
fsbm_siham_slassi,art_01029,fsbm_siham_slassi::oa:W4312156323
fsbm_asmae_guennoun,art_01030,fsbm_asmae_guennoun::5S8wkxEAAAAJ:9yKSN-GCB0IC
fsbm_soumia_mordane,art_01031,fsbm_soumia_mordane::oa:W2981844720
fsbm_abdellah_hamdaoui,art_01032,fsbm_abdellah_hamdaoui::oa:W3001355756
fsbm_abdelilah_akouibaa,art_01033,fsbm_abdelilah_akouibaa::oa:W4410335380
fsbm_soumia_mordane,art_01033,fsbm_soumia_mordane::oa:W4410335380
fsbm_abdellah_hamdaoui,art_01034,fsbm_abdellah_hamdaoui::oa:W4367724199
fsbm_abdelilah_akouibaa,art_01035,fsbm_abdelilah_akouibaa::oa:W3208823032
fsbm_mohamed_moumou,art_01036,fsbm_mohamed_moumou::oa:W7161842435
fsbm_laila_mouakkir,art_01037,fsbm_laila_mouakkir::oa:W2612516536
fsbm_laila_mouakkir,art_01038,fsbm_laila_mouakkir::oa:W4200596993
fsbm_soumia_mordane,art_01038,fsbm_soumia_mordane::oa:W4200596993
fsbm_laila_mouakkir,art_01039,fsbm_laila_mouakkir::oa:W3112854527
fsbm_khalid_adnaoui,art_01040,fsbm_khalid_adnaoui::oa:W2282145370
fsbm_laila_mouakkir,art_01041,fsbm_laila_mouakkir::oa:W3185898400
fsbm_abdelilah_akouibaa,art_01042,fsbm_abdelilah_akouibaa::oa:W4401288372
fsbm_abdelilah_akouibaa,art_01043,fsbm_abdelilah_akouibaa::oa:W4386572084
fsbm_laila_mouakkir,art_01044,fsbm_laila_mouakkir::oa:W4415393816
fsbm_mohamed_idiri,art_01045,fsbm_mohamed_idiri::oa:W3033546167
fsbm_rachida_moultif,art_01046,fsbm_rachida_moultif::oa:W4317889306
fsbm_abdelilah_akouibaa,art_01047,fsbm_abdelilah_akouibaa::oa:W2088583946
fsbm_abdelilah_akouibaa,art_01048,fsbm_abdelilah_akouibaa::oa:W2328611296
fsbm_abdessamad_belangour,art_01049,fsbm_abdessamad_belangour::oa:W3175788820
fsbm_abdessamad_belangour,art_01050,fsbm_abdessamad_belangour::oa:W3198014864
fsbm_hassan_laarabi,art_01051,fsbm_hassan_laarabi::oa:W2182001628
fsbm_hassan_laarabi,art_01052,fsbm_hassan_laarabi::oa:W2740529839
fsbm_hassan_laarabi,art_01053,fsbm_hassan_laarabi::oa:W7212248393
fsbm_laila_mouakkir,art_01053,fsbm_laila_mouakkir::oa:W7212248393
fsbm_soumia_mordane,art_01054,fsbm_soumia_mordane::oa:W3117052886
fsbm_omar_zakary,art_01055,fsbm_omar_zakary::oa:W2192686144
fsbm_omar_zakary,art_01056,fsbm_omar_zakary::oa:W2294218275
fsbm_said_nouh,art_01057,fsbm_said_nouh::oa:W4210319683
fsbm_said_nouh,art_01058,fsbm_said_nouh::oa:W4280590448
fsbm_said_nouh,art_01059,fsbm_said_nouh::oa:W2151512810
fsbm_omar_zakary,art_01060,fsbm_omar_zakary::oa:W2276154331
fsbm_said_gmouh,art_01061,fsbm_said_gmouh::oa:W1993061166
fsbm_soumia_mordane,art_01062,fsbm_soumia_mordane::oa:W1984539428
fsbm_malika_izid,art_01063,fsbm_malika_izid::oa:W4413919509
fsbm_bouazza_braikat,art_01064,fsbm_bouazza_braikat::oa:W4313460337
fsbm_abdellah_hamdaoui,art_01065,fsbm_abdellah_hamdaoui::oa:W2755268628
fsbm_bouazza_braikat,art_01066,fsbm_bouazza_braikat::oa:W2982695721
fsbm_sanaa_elfilali,art_01067,fsbm_sanaa_elfilali::oa:W7168410732
fsbm_abdelhakim_alali,art_01068,fsbm_abdelhakim_alali::OcbnqJIAAAAJ:roLk4NBRz8UC
fsbm_abdellah_hamdaoui,art_01069,fsbm_abdellah_hamdaoui::oa:W7163881900
fsbm_abdelilah_akouibaa,art_01070,fsbm_abdelilah_akouibaa::oa:W3187919884
fsbm_abdelilah_akouibaa,art_01071,fsbm_abdelilah_akouibaa::oa:W4392975443
fsbm_soumia_mordane,art_01071,fsbm_soumia_mordane::oa:W4392975443
fsbm_abdelilah_akouibaa,art_01072,fsbm_abdelilah_akouibaa::oa:W4402546671
fsbm_soumia_mordane,art_01072,fsbm_soumia_mordane::oa:W4402546671
fsbm_fouad_alloun,art_01073,fsbm_fouad_alloun::oa:W4410769574
fsbm_mohammed_berrada,art_01074,fsbm_mohammed_berrada::oa:W2003338557
fsbm_abdelilah_akouibaa,art_01075,fsbm_abdelilah_akouibaa::oa:W4289550461
fsbm_hassan_laarabi,art_01076,fsbm_hassan_laarabi::oa:W2045441613
fsbm_omar_zakary,art_01077,fsbm_omar_zakary::oa:W3097089850
fsbm_hassan_laarabi,art_01078,fsbm_hassan_laarabi::oa:W3161931952
fsbm_hassan_laarabi,art_01079,fsbm_hassan_laarabi::oa:W3080571072
fsbm_hassan_laarabi,art_01080,fsbm_hassan_laarabi::oa:W2059119472
fsbm_imane_agmour,art_01081,fsbm_imane_agmour::oa:W4225738781
fsbm_hassan_laarabi,art_01082,fsbm_hassan_laarabi::oa:W2970866782
fsbm_elhabib_benlahmar,art_01083,fsbm_elhabib_benlahmar::oa:W2098173332
fsbm_hassan_laarabi,art_01084,fsbm_hassan_laarabi::oa:W4410876903
fsbm_khalid_adnaoui,art_01085,fsbm_khalid_adnaoui::oa:W4393091272
fsbm_khalid_adnaoui,art_01086,fsbm_khalid_adnaoui::oa:W4415024876
fsbm_hassan_laarabi,art_01087,fsbm_hassan_laarabi::oa:W2125975705
fsbm_omar_zakary,art_01088,fsbm_omar_zakary::oa:W3107618777
fsbm_hassan_laarabi,art_01089,fsbm_hassan_laarabi::oa:W3160920064
fsbm_mohamed_ghazouani,art_01090,fsbm_mohamed_ghazouani::oa:W4398209462
fsbm_hassan_laarabi,art_01091,fsbm_hassan_laarabi::oa:W2110714132
fsbm_soumia_belouafa,art_01092,fsbm_soumia_belouafa::oa:W2100623664
fsbm_abdellatif_slimani,art_01093,fsbm_abdellatif_slimani::PA70UmkAAAAJ:LkGwnXOMwfcC
fsbm_abdellatif_slimani,art_01094,fsbm_abdellatif_slimani::PA70UmkAAAAJ:ufrVoPGSRksC
fsbm_imane_agmour,art_01095,fsbm_imane_agmour::oa:W2781341504
fsbm_abdellatif_slimani,art_01096,fsbm_abdellatif_slimani::PA70UmkAAAAJ:u5HHmVD_uO8C
fsbm_soumia_belouafa,art_01097,fsbm_soumia_belouafa::oa:W3044928487
fsbm_asmaa_benbiyi,art_01098,fsbm_asmaa_benbiyi::oa:W4396730830
fsbm_said_nouh,art_01099,fsbm_said_nouh::oa:W4402999402
fsbm_rachida_moultif,art_01100,fsbm_rachida_moultif::oa:W4405846248
fsbm_laila_mouakkir,art_01100,fsbm_laila_mouakkir::oa:W4405846248
fsbm_rachida_moultif,art_01101,fsbm_rachida_moultif::oa:W4401252401
fsbm_laila_mouakkir,art_01101,fsbm_laila_mouakkir::oa:W4401252401
fsbm_omar_zakary,art_01102,fsbm_omar_zakary::oa:W4401856046
fsbm_said_nouh,art_01103,fsbm_said_nouh::oa:W4403474452
fsbm_abdelhakim_alali,art_01104,fsbm_abdelhakim_alali::OcbnqJIAAAAJ:MXK_kJrjxJIC
fsbm_aziza_elbakali,art_01104,fsbm_aziza_elbakali::ADagKpAAAAAJ:d1gkVwhDpl0C
fsbm_youssef_naimi,art_01105,fsbm_youssef_naimi::oa:W4401994518
fsbm_mustapha_mouflih,art_01106,fsbm_mustapha_mouflih::oa:W4390923505
fsbm_tarik_chafiq,art_01107,fsbm_tarik_chafiq::oa:W3138467220
fsbm_mohamed_talea,art_01108,fsbm_mohamed_talea::oa:W4210274385
fsbm_said_gmouh,art_01109,fsbm_said_gmouh::oa:W1995037931
fsbm_youssef_naimi,art_01110,fsbm_youssef_naimi::oa:W2049033177
fsbm_soumia_belouafa,art_01111,fsbm_soumia_belouafa::oa:W7162662922
fsbm_halima_lebrazi,art_01112,fsbm_halima_lebrazi::oa:W4385309447
fsbm_karima_mohtadi,art_01112,fsbm_karima_mohtadi::oa:W4385309447
fsbm_halima_lebrazi,art_01113,fsbm_halima_lebrazi::oa:W4385303493
fsbm_karima_mohtadi,art_01113,fsbm_karima_mohtadi::oa:W4385303493
fsbm_nadia_barhoun,art_01114,fsbm_nadia_barhoun::oa:W2793351792
fsbm_nadia_barhoun,art_01115,fsbm_nadia_barhoun::oa:W4385256014
fsbm_rachid_essamoud,art_01115,fsbm_rachid_essamoud::oa:W4385256014
fsbm_nadia_barhoun,art_01116,fsbm_nadia_barhoun::oa:W7117292913
fsbm_issam_atouf,art_01117,fsbm_issam_atouf::oa:W3120712536
fsbm_malika_izid,art_01118,fsbm_malika_izid::oa:W2976577908
fsbm_anass_kettani,art_01119,fsbm_anass_kettani::oa:W1837989773
fsbm_soufiane_zerraf,art_01120,fsbm_soufiane_zerraf::oa:W2998426959
fsbm_mounir_sadiq,art_01121,fsbm_mounir_sadiq::oa:W7131620417
fsbm_mounir_sadiq,art_01122,fsbm_mounir_sadiq::oa:W7138914738
fsbm_mounir_sadiq,art_01123,fsbm_mounir_sadiq::oa:W7164687269
fsbm_mounir_sadiq,art_01124,fsbm_mounir_sadiq::oa:W7212905245
fsbm_soufiane_maimouni,art_01125,fsbm_soufiane_maimouni::oa:W3130544551
fsbm_elhabib_benlahmar,art_01126,fsbm_elhabib_benlahmar::oa:W3048264349
fsbm_elhabib_benlahmar,art_01127,fsbm_elhabib_benlahmar::oa:W2547959087
fsbm_khalid_kandali,art_01128,fsbm_khalid_kandali::oa:W2922016040
fsbm_mohammed_aitdaoud,art_01129,fsbm_mohammed_aitdaoud::oa:W4414055920
fsbm_issam_atouf,art_01130,fsbm_issam_atouf::oa:W3197501823
fsbm_faouzia_benabbou,art_01131,fsbm_faouzia_benabbou::oa:W2917802572
fsbm_nawal_sael,art_01131,fsbm_nawal_sael::oa:W2917802572
fsbm_youssef_naimi,art_01132,fsbm_youssef_naimi::oa:W4210684752
fsbm_anass_kettani,art_01133,fsbm_anass_kettani::oa:W4403806371
fsbm_halima_lebrazi,art_01133,fsbm_halima_lebrazi::oa:W4403806371
fsbm_rachida_moultif,art_01134,fsbm_rachida_moultif::oa:W3098304430
fsbm_faouziya_haissen,art_01135,fsbm_faouziya_haissen::oa:W2886748024
fsbm_abdelmjid_abourriche,art_01136,fsbm_abdelmjid_abourriche::oa:W4412856144
fsbm_amal_elhamsaselyoubi,art_01137,fsbm_amal_elhamsaselyoubi::oa:W3044214235
fsbm_abdellatif_slimani,art_01138,fsbm_abdellatif_slimani::PA70UmkAAAAJ:0EnyYjriUFMC
fsbm_wadi_badri,art_01139,fsbm_wadi_badri::oa:W4382044969
fsbm_loubna_benidire,art_01140,fsbm_loubna_benidire::oa:W2765137765
fsbm_loubna_benidire,art_01141,fsbm_loubna_benidire::oa:W4399814402
fsbm_abdelilah_akouibaa,art_01142,fsbm_abdelilah_akouibaa::oa:W4401993030
fsbm_nadia_iounes,art_01143,fsbm_nadia_iounes::oa:W3138028905
fsbm_nadia_iounes,art_01144,fsbm_nadia_iounes::oa:W4210469156
fsbm_abdelmottalib_nahli,art_01145,fsbm_abdelmottalib_nahli::oa:W4307713693
fsbm_nadia_iounes,art_01145,fsbm_nadia_iounes::oa:W4307713693
fsbm_abdelmottalib_nahli,art_01146,fsbm_abdelmottalib_nahli::oa:W4388617952
fsbm_loubna_benidire,art_01147,fsbm_loubna_benidire::oa:W3017520640
fsbm_karima_mohtadi,art_01148,fsbm_karima_mohtadi::oa:W7165481575
fsbm_rachid_saile,art_01148,fsbm_rachid_saile::oa:W7165481575
fsbm_amal_elhamsaselyoubi,art_01149,fsbm_amal_elhamsaselyoubi::oa:W4401548562
fsbm_driss_radallah,art_01149,fsbm_driss_radallah::oa:W4401548562
fsbm_loubna_benidire,art_01150,fsbm_loubna_benidire::oa:W4385727438
fsbm_mohamed_ghazouani,art_01151,fsbm_mohamed_ghazouani::oa:W4391946200
fsbm_abdelilah_akouibaa,art_01152,fsbm_abdelilah_akouibaa::oa:W4410707963
fsbm_faouziya_haissen,art_01153,fsbm_faouziya_haissen::oa:W4312522395
fsbm_faouzia_benabbou,art_01154,fsbm_faouzia_benabbou::oa:W4399107234
fsbm_fouad_damiri,art_01155,fsbm_fouad_damiri::oa:W4282928267
fsbm_mohammed_berrada,art_01155,fsbm_mohammed_berrada::oa:W4282928267
fsbm_fouad_damiri,art_01156,fsbm_fouad_damiri::oa:W4392189607
fsbm_anass_kettani,art_01157,fsbm_anass_kettani::oa:W1837487677
fsbm_mostafa_oukassou,art_01158,fsbm_mostafa_oukassou::oa:W2980759916
fsbm_fouad_damiri,art_01159,fsbm_fouad_damiri::oa:W4364355448
fsbm_driss_bouggar,art_01160,fsbm_driss_bouggar::oa:W4413090220
fsbm_malika_izid,art_01161,fsbm_malika_izid::oa:W3127870563
fsbm_mohamed_idiri,art_01162,fsbm_mohamed_idiri::oa:W4410130179
fsbm_loubna_benidire,art_01163,fsbm_loubna_benidire::oa:W7118077231
fsbm_mostafa_oukassou,art_01164,fsbm_mostafa_oukassou::oa:W2026384151
fsbm_karima_mohtadi,art_01165,fsbm_karima_mohtadi::oa:W7132817651
fsbm_fouad_alloun,art_01166,fsbm_fouad_alloun::oa:W7127633460
fsbm_chaouki_sadik,art_01167,fsbm_chaouki_sadik::oa:W3083804262
fsbm_soufiane_maimouni,art_01168,fsbm_soufiane_maimouni::oa:W1991588408
fsbm_abdelhakim_alali,art_01169,fsbm_abdelhakim_alali::OcbnqJIAAAAJ:WF5omc3nYNoC
fsbm_nadia_barhoun,art_01170,fsbm_nadia_barhoun::oa:W3125136744
fsbm_said_nouh,art_01171,fsbm_said_nouh::oa:W4404490603
fsbm_faouzia_benabbou,art_01172,fsbm_faouzia_benabbou::oa:W4210730200
fsbm_nawal_sael,art_01172,fsbm_nawal_sael::oa:W4210730200
fsbm_rachida_moultif,art_01173,fsbm_rachida_moultif::oa:W7129499876
fsbm_abderrahmane_daif,art_01174,fsbm_abderrahmane_daif::oa:W4401047942
fsbm_abdelmjid_abourriche,art_01175,fsbm_abdelmjid_abourriche::oa:W7163999178
fsbm_anass_kettani,art_01176,fsbm_anass_kettani::oa:W2947172881
fsbm_halima_lebrazi,art_01176,fsbm_halima_lebrazi::oa:W2947172881
fsbm_karima_mohtadi,art_01176,fsbm_karima_mohtadi::oa:W2947172881
fsbm_abdelmottalib_nahli,art_01177,fsbm_abdelmottalib_nahli::oa:W2235854264
fsbm_rachid_essamoud,art_01178,fsbm_rachid_essamoud::oa:W2064811658
fsbm_chaouki_sadik,art_01179,fsbm_chaouki_sadik::oa:W2889171474
fsbm_nawal_sael,art_01180,fsbm_nawal_sael::oa:W3081156602
fsbm_mounir_sadiq,art_01181,fsbm_mounir_sadiq::oa:W3208425900
fsbm_mohamed_idiri,art_01182,fsbm_mohamed_idiri::oa:W4402496112
fsbm_imane_agmour,art_01183,fsbm_imane_agmour::oa:W4366699639
fsbm_allal_labriki,art_01184,fsbm_allal_labriki::oa:W7129265103
fsbm_faouzia_benabbou,art_01185,fsbm_faouzia_benabbou::oa:W2594554409
fsbm_driss_bouggar,art_01186,fsbm_driss_bouggar::oa:W4321780123
fsbm_chaouki_sadik,art_01187,fsbm_chaouki_sadik::oa:W2041480356
fsbm_abdelmjid_abourriche,art_01188,fsbm_abdelmjid_abourriche::oa:W7160636589
fsbm_driss_radallah,art_01189,fsbm_driss_radallah::oa:W2129202804
fsbm_said_gmouh,art_01190,fsbm_said_gmouh::oa:W2807216982
fsbm_driss_radallah,art_01191,fsbm_driss_radallah::oa:W2238956722
fsbm_soufiane_zerraf,art_01192,fsbm_soufiane_zerraf::oa:W4245812647
fsbm_bouazza_braikat,art_01193,fsbm_bouazza_braikat::oa:W2000992609
fsbm_sanaa_elfilali,art_01194,fsbm_sanaa_elfilali::oa:W4390423435
fsbm_fouad_damiri,art_01195,fsbm_fouad_damiri::oa:W4388910963
fsbm_said_bakkali,art_01196,fsbm_said_bakkali::oa:W2016120941
fsbm_loubna_benidire,art_01197,fsbm_loubna_benidire::oa:W3127650890
fsbm_omar_tanane,art_01198,fsbm_omar_tanane::oa:W2019045663
fsbm_samir_chtita,art_01199,fsbm_samir_chtita::oa:W3179640052
fsbm_samir_chtita,art_01200,fsbm_samir_chtita::oa:W3126163513
fsbm_siham_slassi,art_01201,fsbm_siham_slassi::oa:W4280548042
fsbm_soumia_mordane,art_01202,fsbm_soumia_mordane::oa:W2945832056
fsbm_bouazza_braikat,art_01203,fsbm_bouazza_braikat::oa:W3111080064
fsbm_wadi_badri,art_01204,fsbm_wadi_badri::oa:W7168151416
fsbm_imane_agmour,art_01205,fsbm_imane_agmour::oa:W4403189760
fsbm_imane_agmour,art_01206,fsbm_imane_agmour::oa:W4403489876
fsbm_bouchra_aharmim,art_01207,fsbm_bouchra_aharmim::oa:W3138998313
fsbm_bouchra_aharmim,art_01208,fsbm_bouchra_aharmim::oa:W3130459613
fsbm_issam_atouf,art_01209,fsbm_issam_atouf::oa:W2269387402
fsbm_sanaa_elfilali,art_01210,fsbm_sanaa_elfilali::oa:W4414010147
fsbm_issam_atouf,art_01211,fsbm_issam_atouf::oa:W3015372806
fsbm_issam_atouf,art_01212,fsbm_issam_atouf::oa:W2947398476
fsbm_abdelmoghit_zaarane,art_01213,fsbm_abdelmoghit_zaarane::WyhosLcAAAAJ:IjCSPb-OGe4C
fsbm_issam_atouf,art_01213,fsbm_issam_atouf::oa:W2909682455
fsbm_fouad_damiri,art_01214,fsbm_fouad_damiri::oa:W4281251874
fsbm_mohammed_berrada,art_01214,fsbm_mohammed_berrada::oa:W4281251874
fsbm_fouad_damiri,art_01215,fsbm_fouad_damiri::oa:W4403455734
fsbm_fouad_damiri,art_01216,fsbm_fouad_damiri::oa:W4290517858
fsbm_mohammed_berrada,art_01216,fsbm_mohammed_berrada::oa:W4290517858
fsbm_chaouki_sadik,art_01217,fsbm_chaouki_sadik::oa:W2025326631
fsbm_said_bakkali,art_01218,fsbm_said_bakkali::oa:W4417045381
fsbm_mustapha_mouflih,art_01219,fsbm_mustapha_mouflih::oa:W4200612597
fsbm_abdelhakim_alali,art_01220,fsbm_abdelhakim_alali::OcbnqJIAAAAJ:d1gkVwhDpl0C
fsbm_mostafa_oukassou,art_01221,fsbm_mostafa_oukassou::oa:W3165870741
fsbm_soufiane_zerraf,art_01222,fsbm_soufiane_zerraf::oa:W2619505668
fsbm_driss_radallah,art_01223,fsbm_driss_radallah::oa:W2973152550
fsbm_rachid_essamoud,art_01224,fsbm_rachid_essamoud::oa:W4404799326
fsbm_mustapha_mouflih,art_01225,fsbm_mustapha_mouflih::oa:W2072777528
fsbm_mustapha_mouflih,art_01226,fsbm_mustapha_mouflih::oa:W1985196942
fsbm_mustapha_mouflih,art_01227,fsbm_mustapha_mouflih::oa:W2006605514
fsbm_mustapha_mouflih,art_01228,fsbm_mustapha_mouflih::oa:W2118148135
fsbm_mustapha_mouflih,art_01229,fsbm_mustapha_mouflih::oa:W2729921313
fsbm_rachid_essamoud,art_01229,fsbm_rachid_essamoud::oa:W2729921313
fsbm_faouziya_haissen,art_01230,fsbm_faouziya_haissen::oa:W3011416248
fsbm_abdelmottalib_nahli,art_01231,fsbm_abdelmottalib_nahli::oa:W4378222830
fsbm_abdessamad_belangour,art_01232,fsbm_abdessamad_belangour::oa:W4312306931
fsbm_asmaa_benbiyi,art_01233,fsbm_asmaa_benbiyi::oa:W4313576356
fsbm_fouad_damiri,art_01234,fsbm_fouad_damiri::oa:W4280562431
fsbm_mohammed_berrada,art_01234,fsbm_mohammed_berrada::oa:W4280562431
fsbm_soufiane_zerraf,art_01235,fsbm_soufiane_zerraf::oa:W4387536974
fsbm_soufiane_zerraf,art_01236,fsbm_soufiane_zerraf::oa:W4411961780
fsbm_anass_kettani,art_01237,fsbm_anass_kettani::oa:W4280592135
fsbm_abderrahmane_daif,art_01238,fsbm_abderrahmane_daif::oa:W2248428536
fsbm_abdelilah_akouibaa,art_01239,fsbm_abdelilah_akouibaa::oa:W4412459999
fsbm_imane_agmour,art_01240,fsbm_imane_agmour::oa:W4386326098
fsbm_karima_mohtadi,art_01241,fsbm_karima_mohtadi::oa:W4386510228
fsbm_abdelhafid_bassou,art_01242,fsbm_abdelhafid_bassou::oa:W4391718865
fsbm_mohamed_moumou,art_01243,fsbm_mohamed_moumou::oa:W4389303628
fsbm_chaouki_sadik,art_01244,fsbm_chaouki_sadik::oa:W2463243471
fsbm_mounir_sadiq,art_01245,fsbm_mounir_sadiq::oa:W4400722479
fsbm_mohamed_ghazouani,art_01246,fsbm_mohamed_ghazouani::oa:W4379165444
fsbm_abderrahmane_daif,art_01247,fsbm_abderrahmane_daif::oa:W4379177071
fsbm_faouzia_benabbou,art_01248,fsbm_faouzia_benabbou::oa:W4404370976
fsbm_nawal_sael,art_01248,fsbm_nawal_sael::oa:W4404370976
fsbm_karima_mohtadi,art_01249,fsbm_karima_mohtadi::oa:W2743562365
fsbm_loubna_benidire,art_01250,fsbm_loubna_benidire::oa:W7128819187
fsbm_soumia_belouafa,art_01251,fsbm_soumia_belouafa::oa:W4414662932
fsbm_abdessamad_belangour,art_01252,fsbm_abdessamad_belangour::oa:W4320802113
fsbm_abdessamad_belangour,art_01253,fsbm_abdessamad_belangour::oa:W4206071325
fsbm_abdelilah_akouibaa,art_01254,fsbm_abdelilah_akouibaa::oa:W4416086978
fsbm_samia_yousfi,art_01255,fsbm_samia_yousfi::oa:W4403786197
fsbm_samia_yousfi,art_01256,fsbm_samia_yousfi::oa:W4412546589
fsbm_samia_yousfi,art_01257,fsbm_samia_yousfi::oa:W4408816466
fsbm_abdellatif_slimani,art_01258,fsbm_abdellatif_slimani::PA70UmkAAAAJ:8k81kl-MbHgC
fsbm_rachid_essamoud,art_01259,fsbm_rachid_essamoud::oa:W3111533072
fsbm_rachid_essamoud,art_01260,fsbm_rachid_essamoud::oa:W2660611084
fsbm_rachid_essamoud,art_01261,fsbm_rachid_essamoud::oa:W4390923611
fsbm_mustapha_mouflih,art_01262,fsbm_mustapha_mouflih::oa:W4205966083
fsbm_aziz_boutouil,art_01263,fsbm_aziz_boutouil::oa:W3031606687
fsbm_sanaa_elfilali,art_01264,fsbm_sanaa_elfilali::oa:W4404941451
fsbm_faouzia_benabbou,art_01265,fsbm_faouzia_benabbou::oa:W3212186781
fsbm_nawal_sael,art_01265,fsbm_nawal_sael::oa:W3212186781
fsbm_elhabib_benlahmar,art_01266,fsbm_elhabib_benlahmar::oa:W3008931745
fsbm_rachid_essamoud,art_01267,fsbm_rachid_essamoud::oa:W1479781728
fsbm_rachid_essamoud,art_01268,fsbm_rachid_essamoud::oa:W2086385676
fsbm_anass_kettani,art_01269,fsbm_anass_kettani::oa:W2037617776
fsbm_abdelmjid_abourriche,art_01270,fsbm_abdelmjid_abourriche::oa:W7202367587
fsbm_wadi_badri,art_01271,fsbm_wadi_badri::oa:W1980660651
fsbm_mohamed_talea,art_01272,fsbm_mohamed_talea::oa:W2925782432
fsbm_mohamed_talea,art_01273,fsbm_mohamed_talea::oa:W2766076982
fsbm_mohamed_talea,art_01274,fsbm_mohamed_talea::oa:W2557659449
fsbm_mohamed_talea,art_01275,fsbm_mohamed_talea::oa:W2574533596
fsbm_mohamed_talea,art_01276,fsbm_mohamed_talea::oa:W2932532270
fsbm_faouziya_haissen,art_01277,fsbm_faouziya_haissen::oa:W2896378983
fsbm_othmane_daoudi,art_01278,fsbm_othmane_daoudi::oa:W4396706887
fsbm_mustapha_mouflih,art_01279,fsbm_mustapha_mouflih::oa:W7143418829
fsbm_mustapha_mouflih,art_01280,fsbm_mustapha_mouflih::oa:W2014798116
fsbm_rachida_moultif,art_01281,fsbm_rachida_moultif::oa:W4412075750
fsbm_abdellah_hamdaoui,art_01282,fsbm_abdellah_hamdaoui::oa:W4226356173
fsbm_abdelilah_akouibaa,art_01283,fsbm_abdelilah_akouibaa::oa:W2340075142
fsbm_mohamed_talea,art_01284,fsbm_mohamed_talea::oa:W2529512585
fsbm_allal_labriki,art_01285,fsbm_allal_labriki::oa:W4410340720
fsbm_fouad_damiri,art_01286,fsbm_fouad_damiri::oa:W4281691103
fsbm_bouchra_aharmim,art_01287,fsbm_bouchra_aharmim::oa:W4411094876
fsbm_driss_bouggar,art_01288,fsbm_driss_bouggar::oa:W7165056033
fsbm_sanaa_elfilali,art_01289,fsbm_sanaa_elfilali::oa:W4289636001
fsbm_fouad_damiri,art_01290,fsbm_fouad_damiri::oa:W4388130833
fsbm_mohammed_berrada,art_01290,fsbm_mohammed_berrada::oa:W4388130833
fsbm_abdelmottalib_nahli,art_01291,fsbm_abdelmottalib_nahli::oa:W4391695890
fsbm_abdelhakim_alali,art_01292,fsbm_abdelhakim_alali::OcbnqJIAAAAJ:Zph67rFs4hoC
fsbm_anass_kettani,art_01293,fsbm_anass_kettani::oa:W3012763183
fsbm_halima_lebrazi,art_01293,fsbm_halima_lebrazi::oa:W3012763183
fsbm_karima_mohtadi,art_01293,fsbm_karima_mohtadi::oa:W3012763183
fsbm_youssef_naimi,art_01294,fsbm_youssef_naimi::oa:W7119469871
fsbm_said_gmouh,art_01295,fsbm_said_gmouh::oa:W2059854571
fsbm_asmaa_benbiyi,art_01296,fsbm_asmaa_benbiyi::oa:W4282936361
fsbm_abdellah_hamdaoui,art_01297,fsbm_abdellah_hamdaoui::oa:W2327021157
fsbm_bouazza_braikat,art_01298,fsbm_bouazza_braikat::oa:W2983469861
fsbm_rachid_essamoud,art_01299,fsbm_rachid_essamoud::oa:W3118577549
fsbm_said_benkaddour,art_01300,fsbm_said_benkaddour::oa:W3093846777
fsbm_abderrahim_eladraoui,art_01301,fsbm_abderrahim_eladraoui::oa:W2934874604
fsbm_abdessamad_belangour,art_01302,fsbm_abdessamad_belangour::oa:W2981439309
fsbm_samia_yousfi,art_01303,fsbm_samia_yousfi::oa:W4411862732
fsbm_tarik_chafiq,art_01304,fsbm_tarik_chafiq::oa:W2562128244
fsbm_abdessamad_belangour,art_01305,fsbm_abdessamad_belangour::oa:W4320801976
fsbm_allal_labriki,art_01306,fsbm_allal_labriki::oa:W7167045289
fsbm_soufiane_zerraf,art_01307,fsbm_soufiane_zerraf::oa:W4402949208
fsbm_soufiane_zerraf,art_01308,fsbm_soufiane_zerraf::oa:W4403360265
fsbm_soufiane_maimouni,art_01309,fsbm_soufiane_maimouni::oa:W4229448368
fsbm_said_gmouh,art_01310,fsbm_said_gmouh::oa:W2054924172
fsbm_bouazza_braikat,art_01311,fsbm_bouazza_braikat::oa:W4293223430
fsbm_soufiane_maimouni,art_01312,fsbm_soufiane_maimouni::oa:W2734326099
fsbm_mohammed_berrada,art_01313,fsbm_mohammed_berrada::oa:W2051634587
fsbm_rachida_moultif,art_01314,fsbm_rachida_moultif::oa:W2891603357
fsbm_hassan_laarabi,art_01315,fsbm_hassan_laarabi::oa:W2188013943
fsbm_imane_agmour,art_01316,fsbm_imane_agmour::oa:W2753881454
fsbm_hassan_laarabi,art_01317,fsbm_hassan_laarabi::oa:W913951021
fsbm_hassan_laarabi,art_01318,fsbm_hassan_laarabi::oa:W3036611379
fsbm_bouazza_braikat,art_01319,fsbm_bouazza_braikat::oa:W2339590195
fsbm_omar_zakary,art_01320,fsbm_omar_zakary::oa:W3014632686
fsbm_laila_mouakkir,art_01321,fsbm_laila_mouakkir::oa:W3141188171
fsbm_laila_mouakkir,art_01322,fsbm_laila_mouakkir::oa:W3112157218
fsbm_anass_kettani,art_01323,fsbm_anass_kettani::oa:W2132592018
fsbm_mohammed_aitdaoud,art_01324,fsbm_mohammed_aitdaoud::oa:W2532480808
fsbm_mohammed_aitdaoud,art_01325,fsbm_mohammed_aitdaoud::oa:W2773392679
fsbm_abdelmjid_abourriche,art_01326,fsbm_abdelmjid_abourriche::oa:W2592215564
fsbm_soumia_belouafa,art_01326,fsbm_soumia_belouafa::oa:W2592215564
fsbm_mohamed_moumou,art_01327,fsbm_mohamed_moumou::oa:W7204153619
fsbm_mohamed_moumou,art_01328,fsbm_mohamed_moumou::oa:W4414408080
fsbm_driss_bouggar,art_01329,fsbm_driss_bouggar::oa:W7125607082
fsbm_khalid_adnaoui,art_01330,fsbm_khalid_adnaoui::oa:W7125634132
fsbm_driss_bouggar,art_01331,fsbm_driss_bouggar::oa:W7169758125
fsbm_driss_bouggar,art_01332,fsbm_driss_bouggar::oa:W3133169402
fsbm_driss_bouggar,art_01333,fsbm_driss_bouggar::oa:W4392693946
fsbm_hassan_laarabi,art_01334,fsbm_hassan_laarabi::oa:W4402047829
fsbm_abdessamad_belangour,art_01335,fsbm_abdessamad_belangour::oa:W2801852380
fsbm_mohamed_idiri,art_01336,fsbm_mohamed_idiri::oa:W2283623234
fsbm_halima_lebrazi,art_01337,fsbm_halima_lebrazi::oa:W1989310067
fsbm_abderrahmane_daif,art_01338,fsbm_abderrahmane_daif::oa:W4391934897
fsbm_mohamed_ghazouani,art_01338,fsbm_mohamed_ghazouani::oa:W4391934897
fsbm_said_gmouh,art_01339,fsbm_said_gmouh::oa:W2049089158
fsbm_rhma_adhiri,art_01340,fsbm_rhma_adhiri::oa:W4388089606
fsbm_fouad_alloun,art_01341,fsbm_fouad_alloun::oa:W4401432850
fsbm_tarik_chafiq,art_01342,fsbm_tarik_chafiq::oa:W4413123047
fsbm_soufiane_zerraf,art_01343,fsbm_soufiane_zerraf::oa:W2791787573
fsbm_youssef_naimi,art_01344,fsbm_youssef_naimi::oa:W2990482733
fsbm_soufiane_zerraf,art_01344,fsbm_soufiane_zerraf::oa:W2990482733
fsbm_abdelmottalib_nahli,art_01345,fsbm_abdelmottalib_nahli::oa:W4306702051
fsbm_wadi_badri,art_01346,fsbm_wadi_badri::oa:W4401934395
fsbm_samir_chtita,art_01347,fsbm_samir_chtita::oa:W4383878152
fsbm_mounir_sadiq,art_01348,fsbm_mounir_sadiq::oa:W4411082279
fsbm_faouzia_benabbou,art_01349,fsbm_faouzia_benabbou::oa:W4200595237
fsbm_nawal_sael,art_01349,fsbm_nawal_sael::oa:W4200595237
fsbm_nawal_sael,art_01350,fsbm_nawal_sael::oa:W4413118590
fsbm_mohamed_talea,art_01351,fsbm_mohamed_talea::oa:W2532942715
fsbm_asmaa_benbiyi,art_01352,fsbm_asmaa_benbiyi::oa:W4400227176
fsbm_asmaa_benbiyi,art_01353,fsbm_asmaa_benbiyi::oa:W1253041714
fsbm_rhma_adhiri,art_01354,fsbm_rhma_adhiri::oa:W4285726022
fsbm_omar_tanane,art_01355,fsbm_omar_tanane::oa:W4320486866
fsbm_imane_agmour,art_01356,fsbm_imane_agmour::oa:W4313700716
fsbm_rachida_moultif,art_01357,fsbm_rachida_moultif::oa:W4404487703
fsbm_abdelilah_akouibaa,art_01358,fsbm_abdelilah_akouibaa::oa:W4412461300
fsbm_abdelilah_akouibaa,art_01359,fsbm_abdelilah_akouibaa::oa:W3173461256
fsbm_amal_elhamsaselyoubi,art_01360,fsbm_amal_elhamsaselyoubi::oa:W7160293966
fsbm_driss_radallah,art_01360,fsbm_driss_radallah::oa:W7160293966
fsbm_laila_mouakkir,art_01361,fsbm_laila_mouakkir::oa:W7117960458
fsbm_abdelilah_akouibaa,art_01362,fsbm_abdelilah_akouibaa::oa:W4213424834
fsbm_othmane_daoudi,art_01363,fsbm_othmane_daoudi::oa:W2790129778
fsbm_mounir_sadiq,art_01364,fsbm_mounir_sadiq::oa:W3011096001
fsbm_abdelilah_akouibaa,art_01365,fsbm_abdelilah_akouibaa::oa:W4310235753
fsbm_abdelilah_akouibaa,art_01366,fsbm_abdelilah_akouibaa::oa:W4412981566
fsbm_soumia_mordane,art_01367,fsbm_soumia_mordane::oa:W3217426497
fsbm_abdelilah_akouibaa,art_01368,fsbm_abdelilah_akouibaa::oa:W7117535751
fsbm_rachida_moultif,art_01369,fsbm_rachida_moultif::oa:W4413304276
fsbm_khalid_kandali,art_01370,fsbm_khalid_kandali::oa:W4296079389
fsbm_wadi_badri,art_01371,fsbm_wadi_badri::oa:W2587777465
fsbm_othmane_daoudi,art_01372,fsbm_othmane_daoudi::oa:W4322766091
fsbm_said_gmouh,art_01373,fsbm_said_gmouh::oa:W2144501417
fsbm_mohamed_ghazouani,art_01374,fsbm_mohamed_ghazouani::oa:W7212962629
fsbm_imane_agmour,art_01375,fsbm_imane_agmour::oa:W3189734834
fsbm_faouzia_benabbou,art_01376,fsbm_faouzia_benabbou::oa:W3133954749
fsbm_nawal_sael,art_01376,fsbm_nawal_sael::oa:W3133954749
fsbm_elhabib_benlahmar,art_01377,fsbm_elhabib_benlahmar::oa:W2739757812
fsbm_nadia_iounes,art_01378,fsbm_nadia_iounes::oa:W2565198672
fsbm_omar_zahour,art_01379,fsbm_omar_zahour::oa:W7130443502
fsbm_laila_mouakkir,art_01380,fsbm_laila_mouakkir::oa:W4293723470
fsbm_loubna_benidire,art_01381,fsbm_loubna_benidire::oa:W2324738143
fsbm_soumia_belouafa,art_01382,fsbm_soumia_belouafa::oa:W1966463515
fsbm_fouad_alloun,art_01383,fsbm_fouad_alloun::oa:W7165729552
fsbm_mohamed_moumou,art_01384,fsbm_mohamed_moumou::oa:W4220935443
fsbm_mohamed_moumou,art_01385,fsbm_mohamed_moumou::oa:W2054661558
fsbm_siham_slassi,art_01386,fsbm_siham_slassi::oa:W3110121349
fsbm_fouad_damiri,art_01387,fsbm_fouad_damiri::oa:W4226437314
fsbm_fouad_damiri,art_01388,fsbm_fouad_damiri::oa:W3026629017
fsbm_mohammed_berrada,art_01388,fsbm_mohammed_berrada::oa:W3026629017
fsbm_rhma_adhiri,art_01389,fsbm_rhma_adhiri::oa:W4327803057
fsbm_siham_slassi,art_01390,fsbm_siham_slassi::oa:W3162780119
fsbm_siham_slassi,art_01391,fsbm_siham_slassi::oa:W3010428418
fsbm_siham_slassi,art_01392,fsbm_siham_slassi::oa:W3033390251
fsbm_siham_slassi,art_01393,fsbm_siham_slassi::oa:W3126742347
fsbm_siham_slassi,art_01394,fsbm_siham_slassi::oa:W4412585545
fsbm_fouad_damiri,art_01395,fsbm_fouad_damiri::oa:W4306840194
fsbm_mohammed_berrada,art_01395,fsbm_mohammed_berrada::oa:W4306840194
fsbm_soumia_belouafa,art_01396,fsbm_soumia_belouafa::oa:W2242525915
fsbm_samir_chtita,art_01397,fsbm_samir_chtita::oa:W4312082473
fsbm_soufiane_zerraf,art_01398,fsbm_soufiane_zerraf::oa:W4415617977
fsbm_siham_slassi,art_01399,fsbm_siham_slassi::oa:W2958339841
fsbm_fouad_alloun,art_01400,fsbm_fouad_alloun::oa:W4360838266
fsbm_soufiane_zerraf,art_01401,fsbm_soufiane_zerraf::oa:W3164033073
fsbm_siham_slassi,art_01402,fsbm_siham_slassi::oa:W4316498779
fsbm_siham_slassi,art_01403,fsbm_siham_slassi::oa:W4292324251
fsbm_mohamed_moumou,art_01404,fsbm_mohamed_moumou::oa:W3081720153
fsbm_mohammed_berrada,art_01405,fsbm_mohammed_berrada::oa:W4214945982
fsbm_siham_slassi,art_01406,fsbm_siham_slassi::oa:W3120391300
fsbm_siham_slassi,art_01407,fsbm_siham_slassi::oa:W4207053793
fsbm_fouad_alloun,art_01408,fsbm_fouad_alloun::oa:W4411864084
fsbm_fouad_alloun,art_01409,fsbm_fouad_alloun::oa:W4361224680
fsbm_mohamed_moumou,art_01410,fsbm_mohamed_moumou::oa:W4403019464
fsbm_faouzia_benabbou,art_01411,fsbm_faouzia_benabbou::oa:W4365458124
fsbm_abdelmjid_abourriche,art_01412,fsbm_abdelmjid_abourriche::oa:W4413801370
fsbm_soufiane_zerraf,art_01413,fsbm_soufiane_zerraf::oa:W4230879322
fsbm_soufiane_zerraf,art_01414,fsbm_soufiane_zerraf::oa:W4237567296
fsbm_omar_zahour,art_01415,fsbm_omar_zahour::oa:W7130420812
fsbm_soumia_belouafa,art_01416,fsbm_soumia_belouafa::oa:W7170034210
fsbm_mustapha_mouflih,art_01417,fsbm_mustapha_mouflih::oa:W3020834540
fsbm_mostafa_oukassou,art_01418,fsbm_mostafa_oukassou::oa:W7123343342
fsbm_samir_chtita,art_01419,fsbm_samir_chtita::oa:W4380355118
fsbm_driss_radallah,art_01420,fsbm_driss_radallah::oa:W4389937227
fsbm_faouziya_haissen,art_01421,fsbm_faouziya_haissen::oa:W2512761591
fsbm_faouziya_haissen,art_01422,fsbm_faouziya_haissen::oa:W3042993346
fsbm_anass_kettani,art_01423,fsbm_anass_kettani::oa:W4283213069
fsbm_halima_lebrazi,art_01423,fsbm_halima_lebrazi::oa:W4283213069
fsbm_karima_mohtadi,art_01423,fsbm_karima_mohtadi::oa:W4283213069
fsbm_samia_yousfi,art_01424,fsbm_samia_yousfi::oa:W4313349372
fsbm_omar_zakary,art_01425,fsbm_omar_zakary::oa:W2261556519
fsbm_halima_lebrazi,art_01426,fsbm_halima_lebrazi::oa:W4392560067
fsbm_karima_mohtadi,art_01426,fsbm_karima_mohtadi::oa:W4392560067
fsbm_faouziya_haissen,art_01427,fsbm_faouziya_haissen::oa:W3153193365
fsbm_youssef_naimi,art_01428,fsbm_youssef_naimi::oa:W7127636491
fsbm_samia_yousfi,art_01429,fsbm_samia_yousfi::oa:W2964803250
fsbm_rachid_essamoud,art_01430,fsbm_rachid_essamoud::oa:W4206051448
fsbm_soufiane_maimouni,art_01431,fsbm_soufiane_maimouni::oa:W3204661174
fsbm_omar_tanane,art_01432,fsbm_omar_tanane::oa:W2611370098
fsbm_mustapha_mouflih,art_01433,fsbm_mustapha_mouflih::oa:W3136836500
fsbm_anass_kettani,art_01434,fsbm_anass_kettani::oa:W4229367194
fsbm_halima_lebrazi,art_01434,fsbm_halima_lebrazi::oa:W4229367194
fsbm_hassan_laarabi,art_01435,fsbm_hassan_laarabi::oa:W2023176379
fsbm_imane_agmour,art_01436,fsbm_imane_agmour::oa:W2807520982
fsbm_mounir_sadiq,art_01437,fsbm_mounir_sadiq::oa:W4411082586
fsbm_tarik_chafiq,art_01438,fsbm_tarik_chafiq::oa:W7116631014
fsbm_mounir_sadiq,art_01439,fsbm_mounir_sadiq::oa:W4417488103
fsbm_rhma_adhiri,art_01440,fsbm_rhma_adhiri::oa:W7117314277
fsbm_imane_agmour,art_01441,fsbm_imane_agmour::oa:W2781575427
fsbm_omar_zakary,art_01442,fsbm_omar_zakary::oa:W3095307680
fsbm_rachida_moultif,art_01443,fsbm_rachida_moultif::oa:W2516520370
fsbm_othmane_daoudi,art_01444,fsbm_othmane_daoudi::oa:W2972211771
fsbm_faouziya_haissen,art_01445,fsbm_faouziya_haissen::oa:W4365137492
fsbm_mohammed_berrada,art_01446,fsbm_mohammed_berrada::oa:W1971222611
fsbm_tarik_chafiq,art_01447,fsbm_tarik_chafiq::oa:W2616879721
fsbm_rachida_aitabdelouahid,art_01448,fsbm_rachida_aitabdelouahid::oa:W4290928372
fsbm_mostafa_oukassou,art_01449,fsbm_mostafa_oukassou::oa:W2972211097
fsbm_faouziya_haissen,art_01450,fsbm_faouziya_haissen::oa:W2961706564
fsbm_khalid_adnaoui,art_01451,fsbm_khalid_adnaoui::oa:W2508511401
fsbm_khalid_adnaoui,art_01452,fsbm_khalid_adnaoui::oa:W2025323786
fsbm_mohamed_idiri,art_01453,fsbm_mohamed_idiri::oa:W4400381837
fsbm_othmane_daoudi,art_01453,fsbm_othmane_daoudi::oa:W4400381837
fsbm_abderrahmane_daif,art_01454,fsbm_abderrahmane_daif::oa:W1495033600
fsbm_abdelhakim_alali,art_01455,fsbm_abdelhakim_alali::OcbnqJIAAAAJ:9yKSN-GCB0IC
fsbm_mohammed_aitdaoud,art_01456,fsbm_mohammed_aitdaoud::oa:W2955860733
fsbm_mohamed_talea,art_01457,fsbm_mohamed_talea::oa:W2917669586
fsbm_faouziya_haissen,art_01458,fsbm_faouziya_haissen::oa:W3022806062
fsbm_asmaa_benbiyi,art_01459,fsbm_asmaa_benbiyi::oa:W2094861248
fsbm_mostafa_oukassou,art_01460,fsbm_mostafa_oukassou::oa:W2792561588
fsbm_imane_agmour,art_01461,fsbm_imane_agmour::oa:W3166986833
fsbm_nadia_barhoun,art_01462,fsbm_nadia_barhoun::oa:W4415222227
fsbm_mustapha_mouflih,art_01463,fsbm_mustapha_mouflih::oa:W4214625133
fsbm_soufiane_zerraf,art_01464,fsbm_soufiane_zerraf::oa:W4234460961
fsbm_soufiane_maimouni,art_01465,fsbm_soufiane_maimouni::oa:W2020509575
fsbm_aziz_boutouil,art_01466,fsbm_aziz_boutouil::oa:W3007530455
fsbm_said_bakkali,art_01466,fsbm_said_bakkali::oa:W3007530455
fsbm_youssef_naimi,art_01467,fsbm_youssef_naimi::oa:W4413413882
fsbm_soufiane_zerraf,art_01468,fsbm_soufiane_zerraf::oa:W4412633518
fsbm_samir_chtita,art_01469,fsbm_samir_chtita::oa:W4210521065
fsbm_fouad_damiri,art_01470,fsbm_fouad_damiri::oa:W4225133086
fsbm_youssef_naimi,art_01471,fsbm_youssef_naimi::oa:W4402093270
fsbm_abdelilah_akouibaa,art_01472,fsbm_abdelilah_akouibaa::oa:W4385163691
fsbm_youssef_naimi,art_01473,fsbm_youssef_naimi::oa:W4390918027
fsbm_asmaa_benbiyi,art_01474,fsbm_asmaa_benbiyi::oa:W1993516970
fsbm_asmaa_benbiyi,art_01475,fsbm_asmaa_benbiyi::oa:W2026836481
fsbm_asmaa_benbiyi,art_01476,fsbm_asmaa_benbiyi::oa:W2039945425
fsbm_asmaa_benbiyi,art_01477,fsbm_asmaa_benbiyi::oa:W2092670494
fsbm_asmaa_benbiyi,art_01478,fsbm_asmaa_benbiyi::oa:W2084175679
fsbm_asmaa_benbiyi,art_01479,fsbm_asmaa_benbiyi::oa:W4361268957
fsbm_abdelilah_akouibaa,art_01480,fsbm_abdelilah_akouibaa::oa:W4306787044
fsbm_mostafa_oukassou,art_01481,fsbm_mostafa_oukassou::oa:W4220773572
fsbm_mostafa_oukassou,art_01482,fsbm_mostafa_oukassou::oa:W3183655130
fsbm_bouazza_braikat,art_01483,fsbm_bouazza_braikat::oa:W2904377094
fsbm_faouziya_haissen,art_01484,fsbm_faouziya_haissen::oa:W3126276630
fsbm_mohamed_moumou,art_01485,fsbm_mohamed_moumou::oa:W7161787115
fsbm_abdellatif_slimani,art_01486,fsbm_abdellatif_slimani::PA70UmkAAAAJ:9yKSN-GCB0IC
fsbm_abdellatif_slimani,art_01487,fsbm_abdellatif_slimani::PA70UmkAAAAJ:zYLM7Y9cAGgC
fsbm_faouziya_haissen,art_01488,fsbm_faouziya_haissen::oa:W2088884103
fsbm_said_bakkali,art_01489,fsbm_said_bakkali::oa:W2555828187
fsbm_khadija_achtaich,art_01490,fsbm_khadija_achtaich::oa:W4411765646
fsbm_said_gmouh,art_01491,fsbm_said_gmouh::oa:W2560702099
fsbm_faouzia_benabbou,art_01492,fsbm_faouzia_benabbou::oa:W4407127906
fsbm_nawal_sael,art_01492,fsbm_nawal_sael::oa:W4407127906
fsbm_fouad_damiri,art_01493,fsbm_fouad_damiri::oa:W4388954814
fsbm_mohammed_berrada,art_01493,fsbm_mohammed_berrada::oa:W4388954814
fsbm_mounir_sadiq,art_01494,fsbm_mounir_sadiq::oa:W4392883669
fsbm_sanaa_elfilali,art_01495,fsbm_sanaa_elfilali::oa:W3123403224
fsbm_soumia_mordane,art_01496,fsbm_soumia_mordane::oa:W2950856124
fsbm_soumia_belouafa,art_01497,fsbm_soumia_belouafa::oa:W4405571249
fsbm_omar_zahour,art_01498,fsbm_omar_zahour::oa:W3021117286
fsbm_aziz_boutouil,art_01499,fsbm_aziz_boutouil::oa:W2988329093
fsbm_mohammed_aitdaoud,art_01500,fsbm_mohammed_aitdaoud::oa:W2203574489
fsbm_abdessamad_belangour,art_01501,fsbm_abdessamad_belangour::oa:W3002514069
fsbm_omar_zahour,art_01502,fsbm_omar_zahour::oa:W3010579782
fsbm_omar_zahour,art_01503,fsbm_omar_zahour::oa:W4391944574
fsbm_mohamed_talea,art_01504,fsbm_mohamed_talea::oa:W2889546357
fsbm_abdessamad_belangour,art_01505,fsbm_abdessamad_belangour::oa:W3048705806
fsbm_sanaa_elfilali,art_01506,fsbm_sanaa_elfilali::oa:W7160897220
fsbm_tarik_chafiq,art_01507,fsbm_tarik_chafiq::oa:W2911235174
fsbm_imane_agmour,art_01508,fsbm_imane_agmour::oa:W4389346900
fsbm_amal_elhamsaselyoubi,art_01509,fsbm_amal_elhamsaselyoubi::oa:W7164500326
fsbm_driss_radallah,art_01509,fsbm_driss_radallah::oa:W7164500326
fsbm_amal_elhamsaselyoubi,art_01510,fsbm_amal_elhamsaselyoubi::oa:W4392883379
fsbm_driss_radallah,art_01510,fsbm_driss_radallah::oa:W4392883379
fsbm_abderrahmane_daif,art_01511,fsbm_abderrahmane_daif::oa:W4379982473
fsbm_abdelmoghit_zaarane,art_01512,fsbm_abdelmoghit_zaarane::WyhosLcAAAAJ:QIV2ME_5wuYC
fsbm_issam_atouf,art_01512,fsbm_issam_atouf::oa:W4381094278
fsbm_nawal_sael,art_01513,fsbm_nawal_sael::oa:W4394565349
fsbm_abdelmoghit_zaarane,art_01514,fsbm_abdelmoghit_zaarane::WyhosLcAAAAJ:Zph67rFs4hoC
fsbm_bouazza_braikat,art_01515,fsbm_bouazza_braikat::oa:W2061970454
fsbm_abdelmottalib_nahli,art_01516,fsbm_abdelmottalib_nahli::oa:W2997201672
fsbm_halima_lebrazi,art_01517,fsbm_halima_lebrazi::oa:W2026398562
fsbm_sanaa_elfilali,art_01518,fsbm_sanaa_elfilali::oa:W4313854618
fsbm_siham_slassi,art_01519,fsbm_siham_slassi::oa:W4413992063
fsbm_malika_izid,art_01520,fsbm_malika_izid::oa:W4407134860
fsbm_omar_zakary,art_01521,fsbm_omar_zakary::oa:W2991193060
fsbm_said_gmouh,art_01522,fsbm_said_gmouh::oa:W2493432946
fsbm_nadia_iounes,art_01523,fsbm_nadia_iounes::oa:W3217728959
fsbm_rachid_essamoud,art_01524,fsbm_rachid_essamoud::oa:W4221079643
fsbm_rachid_essamoud,art_01525,fsbm_rachid_essamoud::oa:W2087623377
fsbm_mohssine_bentaib,art_01526,fsbm_mohssine_bentaib::oa:W7125645059
fsbm_omar_zahour,art_01527,fsbm_omar_zahour::oa:W4415170814
fsbm_said_nouh,art_01528,fsbm_said_nouh::oa:W2804740971
fsbm_abdellatif_slimani,art_01529,fsbm_abdellatif_slimani::PA70UmkAAAAJ:KlAtU1dfN6UC
fsbm_tarik_chafiq,art_01530,fsbm_tarik_chafiq::oa:W3177464336
fsbm_soufiane_zerraf,art_01530,fsbm_soufiane_zerraf::oa:W3177464336
fsbm_abdellatif_slimani,art_01531,fsbm_abdellatif_slimani::PA70UmkAAAAJ:Tyk-4Ss8FVUC
fsbm_abdelhakim_alali,art_01532,fsbm_abdelhakim_alali::OcbnqJIAAAAJ:Y0pCki6q_DkC
fsbm_abdelilah_akouibaa,art_01533,fsbm_abdelilah_akouibaa::oa:W4396849627
fsbm_said_gmouh,art_01534,fsbm_said_gmouh::oa:W2060012948
fsbm_aziz_boutouil,art_01535,fsbm_aziz_boutouil::oa:W2981098881
fsbm_omar_zahour,art_01536,fsbm_omar_zahour::oa:W7204077912
fsbm_abdelmjid_abourriche,art_01537,fsbm_abdelmjid_abourriche::oa:W4406479807
fsbm_othmane_daoudi,art_01538,fsbm_othmane_daoudi::oa:W4309522651
fsbm_othmane_daoudi,art_01539,fsbm_othmane_daoudi::oa:W4360874995
fsbm_samir_chtita,art_01540,fsbm_samir_chtita::oa:W4286250246
fsbm_sanaa_elfilali,art_01541,fsbm_sanaa_elfilali::oa:W7166843773
fsbm_allal_labriki,art_01542,fsbm_allal_labriki::oa:W4413805813
fsbm_allal_labriki,art_01543,fsbm_allal_labriki::oa:W7117898675
fsbm_halima_lebrazi,art_01544,fsbm_halima_lebrazi::oa:W2408225721
fsbm_elhabib_benlahmar,art_01545,fsbm_elhabib_benlahmar::oa:W2911121863
fsbm_elhabib_benlahmar,art_01546,fsbm_elhabib_benlahmar::oa:W2887210005
fsbm_faouziya_haissen,art_01547,fsbm_faouziya_haissen::oa:W4408174365
fsbm_mohammed_aitdaoud,art_01548,fsbm_mohammed_aitdaoud::oa:W3005492759
fsbm_mohammed_aitdaoud,art_01549,fsbm_mohammed_aitdaoud::oa:W2987440919
fsbm_mohssine_bentaib,art_01549,fsbm_mohssine_bentaib::oa:W2987440919
fsbm_soufiane_maimouni,art_01550,fsbm_soufiane_maimouni::oa:W4392720592
fsbm_soufiane_maimouni,art_01551,fsbm_soufiane_maimouni::oa:W2617787505
fsbm_soumia_belouafa,art_01552,fsbm_soumia_belouafa::oa:W2107088640
fsbm_abdelhakim_alali,art_01553,fsbm_abdelhakim_alali::OcbnqJIAAAAJ:qjMakFHDy7sC
fsbm_faouziya_haissen,art_01554,fsbm_faouziya_haissen::oa:W3060821255
fsbm_driss_radallah,art_01555,fsbm_driss_radallah::oa:W2609213487
fsbm_omar_tanane,art_01556,fsbm_omar_tanane::oa:W3004264204
fsbm_abdelmjid_abourriche,art_01557,fsbm_abdelmjid_abourriche::oa:W7153834541
fsbm_soumia_belouafa,art_01557,fsbm_soumia_belouafa::oa:W7153834541
fsbm_soufiane_zerraf,art_01558,fsbm_soufiane_zerraf::oa:W4389117668
fsbm_chaouki_sadik,art_01559,fsbm_chaouki_sadik::oa:W2931942845
fsbm_omar_tanane,art_01560,fsbm_omar_tanane::oa:W4417452556
fsbm_asmaa_benbiyi,art_01561,fsbm_asmaa_benbiyi::oa:W4388211061
fsbm_nadia_barhoun,art_01562,fsbm_nadia_barhoun::oa:W4385253400
fsbm_rachid_essamoud,art_01562,fsbm_rachid_essamoud::oa:W4385253400
fsbm_nadia_barhoun,art_01563,fsbm_nadia_barhoun::oa:W4200370842
fsbm_nadia_barhoun,art_01564,fsbm_nadia_barhoun::oa:W4415692422
fsbm_rachid_essamoud,art_01564,fsbm_rachid_essamoud::oa:W4415692422
fsbm_abdelmoghit_zaarane,art_01565,fsbm_abdelmoghit_zaarane::WyhosLcAAAAJ:YOwf2qJgpHMC
fsbm_issam_atouf,art_01565,fsbm_issam_atouf::oa:W2972100516
fsbm_abdelmoghit_zaarane,art_01566,fsbm_abdelmoghit_zaarane::WyhosLcAAAAJ:_kc_bZDykSQC
fsbm_issam_atouf,art_01566,fsbm_issam_atouf::oa:W2971423407
fsbm_abdelmoghit_zaarane,art_01567,fsbm_abdelmoghit_zaarane::WyhosLcAAAAJ:ULOm3_A8WrAC
fsbm_issam_atouf,art_01567,fsbm_issam_atouf::oa:W3037305202
fsbm_soufiane_zerraf,art_01568,fsbm_soufiane_zerraf::oa:W2947069204
fsbm_soufiane_zerraf,art_01569,fsbm_soufiane_zerraf::oa:W4205916538
fsbm_abdelhakim_alali,art_01570,fsbm_abdelhakim_alali::OcbnqJIAAAAJ:YsMSGLbcyi4C
fsbm_anass_kettani,art_01571,fsbm_anass_kettani::oa:W2788287070
fsbm_faouziya_haissen,art_01572,fsbm_faouziya_haissen::oa:W4404521869
fsbm_abdelmoghit_zaarane,art_01573,fsbm_abdelmoghit_zaarane::WyhosLcAAAAJ:L8Ckcad2t8MC
fsbm_abdelmoghit_zaarane,art_01574,fsbm_abdelmoghit_zaarane::WyhosLcAAAAJ:dhFuZR0502QC
fsbm_soumia_belouafa,art_01575,fsbm_soumia_belouafa::oa:W4386496267
fsbm_asmaa_benbiyi,art_01576,fsbm_asmaa_benbiyi::oa:W2078873827
fsbm_soufiane_maimouni,art_01577,fsbm_soufiane_maimouni::oa:W2022335641
fsbm_said_gmouh,art_01578,fsbm_said_gmouh::oa:W2103435739
fsbm_laila_mouakkir,art_01579,fsbm_laila_mouakkir::oa:W4293180676
fsbm_soumia_mordane,art_01579,fsbm_soumia_mordane::oa:W4293180676
fsbm_soumia_mordane,art_01580,fsbm_soumia_mordane::oa:W4388468533
fsbm_nawal_sael,art_01581,fsbm_nawal_sael::oa:W2097579903
fsbm_faouzia_benabbou,art_01582,fsbm_faouzia_benabbou::oa:W4200624181
fsbm_nawal_sael,art_01582,fsbm_nawal_sael::oa:W4200624181
fsbm_faouzia_benabbou,art_01583,fsbm_faouzia_benabbou::oa:W2347041429
fsbm_mohamed_moumou,art_01584,fsbm_mohamed_moumou::oa:W4280640878
fsbm_soufiane_zerraf,art_01585,fsbm_soufiane_zerraf::oa:W4223909867
fsbm_mohamed_idiri,art_01586,fsbm_mohamed_idiri::oa:W4401628757
fsbm_tarik_chafiq,art_01587,fsbm_tarik_chafiq::oa:W4393294788
fsbm_mustapha_mouflih,art_01588,fsbm_mustapha_mouflih::oa:W7172414548
fsbm_mohamed_moumou,art_01589,fsbm_mohamed_moumou::oa:W1992804206
fsbm_faouziya_haissen,art_01590,fsbm_faouziya_haissen::oa:W4327596347
fsbm_karima_mohtadi,art_01591,fsbm_karima_mohtadi::oa:W7170971281
