article_id,titre,annee,x,y,cluster,cluster_label,chercheurs,laboratoire
art_00001,"10α-Hydroxy-13-{[4-(2-hydroxyphenyl)piperazin-1-yl]methyl}-4,9-dimethyl-3,8,15-trioxatetracyclo[10.3.0.02,4.07,9]pentadecan-14-one",2012,5.1116266,-2.0826375,5,"C5 · molecular, corrosion, experimental",Mohamed Moumou,Laboratoire de Chimie Analytique et Moléculaire
art_00002,"10α-Hydroxy-4,9-dimethyl-13-(morpholin-4-ylmethyl)-3,8,15-trioxatetracyclo[10.3.0.02,4.07,9]pentadecan-14-one",2011,5.229936,-2.1054077,5,"C5 · molecular, corrosion, experimental",Mohamed Moumou,Laboratoire de Chimie Analytique et Moléculaire
art_00003,100 myr cycles of oceanic lithosphere generation in peri-Gondwana: Neoproterozoic–Devonian ophiolites from the NW African–Iberian margin of Gondwana and the Variscan Orogen,2020,-0.3320639,2.8096633,7,"C7 · phosphate, properties, po4",Faouziya Haissen,"Géosciences, Géomatique et Environnement"
art_00004,"12-Anilinomethyl-9α-hydroxy-4,8-dimethyl-3,14-dioxatricyclo[9.3.0.02,4]tetradec-7-en-13-one",2011,5.2409344,-2.0954046,5,"C5 · molecular, corrosion, experimental",Mohamed Moumou,Laboratoire de Chimie Analytique et Moléculaire
art_00005,"(1S,2R,3R,8R,10S)-3-Chloro-2,8-dihydroxy-3,7-dimethyl-11-methylidene-13-oxabicyclo[8.3.0]tridec-6-en-12-one",2011,5.251503,-2.072158,5,"C5 · molecular, corrosion, experimental",Mohamed Moumou,Laboratoire de Chimie Analytique et Moléculaire
art_00006,"2,3-Quinoxalinedione as a novel corrosion inhibitor for mild steel in 1M HCl",2007,3.654886,-2.2087638,4,"C4 · properties, synthesis, numerical",Mohammed Berrada,Laboratoire Biologie et Santé
art_00007,"2.46Ga kalsilite and nepheline syenites from the Awsard pluton, Reguibat Rise of the West African Craton, Morocco. Generation of extremely K-rich magmas at the Archean–Proterozoic transition",2012,-0.5259253,2.4430134,0,"C0 · morocco, atlas, basin",Faouziya Haissen,"Géosciences, Géomatique et Environnement"
art_00008,2-((E)-{[3-(1H-Imidazol-1-yl)propyl]imino}methyl)-4-[(E)-(2-methylphenyl)diazenyl]phenol,2017,4.5106335,-2.0058663,5,"C5 · molecular, corrosion, experimental",Siham Slassi,Laboratoire d’Ingénierie et de Matériaux
art_00009,2-((E)-{[3-(1H-Imidazol-1-yl)propyl]imino}methyl)-4-[(E)-(4-methylphenyl)diazenyl]phenol,2019,5.0320134,-2.1195936,2,"C2 · model, control, data",Siham Slassi,Laboratoire d’Ingénierie et de Matériaux
art_00010,2D‐QSAR and molecular docking studies of carbamate derivatives to discover novel potent anti‐butyrylcholinesterase agents for Alzheimer's disease treatment,2021,4.3853755,-2.5415611,5,"C5 · molecular, corrosion, experimental",Samir Chtita,Laboratoire de Chimie Analytique et Moléculaire
art_00011,"3D-QSAR, ADME-Tox, and molecular docking of semisynthetic triterpene derivatives as antibacterial and insecticide agents",2022,-0.5716523,1.0666536,7,"C7 · phosphate, properties, po4",Samir Chtita,Laboratoire de Chimie Analytique et Moléculaire
art_00012,"3D Virtual Visit of the Paleontological Site of Anchrif (Middle Atlas, Morocco): A New Perspective for the Enhancement of Geoheritage",2023,-0.7848989,1.042154,7,"C7 · phosphate, properties, po4",Mostafa Oukassou,"Géosciences, Géomatique et Environnement"
art_00013,"5,8-Dimethyl-3-methylene-2-oxo-3,3a,4,5,5a,6,8a,8b-octahydro-2H-1-oxa-s-indacene-5-carbaldehyde",2011,4.6784406,-2.1011286,5,"C5 · molecular, corrosion, experimental",Mohamed Moumou,Laboratoire de Chimie Analytique et Moléculaire
art_00014,"5,9-Dihydroxy-9-methyl-3,6-dimethylene-3a,4,5,6,6a,7,8,9,9a,9b-decahydroazuleno[4,5-b]furan-2(3H)-one",2011,5.2416897,-2.090242,5,"C5 · molecular, corrosion, experimental",Mohamed Moumou,Laboratoire de Chimie Analytique et Moléculaire
art_00015,77 GHz mm-Wave Linear Array Antenna Shape for Automotive Radars Domain,2025,-0.22502565,-2.9213364,4,"C4 · properties, synthesis, numerical",Abdellatif Slimani,Laboratoire de Traitement de l'Information
art_00016,"9β-Hydroxy-1β,10α-epoxyparthenolide",2010,5.2684307,-2.0574193,5,"C5 · molecular, corrosion, experimental",Mohamed Moumou,Laboratoire de Chimie Analytique et Moléculaire
art_00017,"9α-Hydroxy-12-{[4-(4-methoxyphenyl)piperazin-1-yl]methyl}-4,8-dimethyl-3,14-dioxatricyclo[9.3.0.02,4]tetradec-7-en-13-one",2012,5.1825523,-2.1014664,5,"C5 · molecular, corrosion, experimental",Mohamed Moumou,Laboratoire de Chimie Analytique et Moléculaire
art_00018,"9-Hydroxy-4,8-dimethyl-12-(piperidin-1-ylmethyl)-3,14-dioxatricyclo[9.3.0.02,4]tetradec-7-en-13-one",2011,5.163607,-2.0987554,5,"C5 · molecular, corrosion, experimental",Mohamed Moumou,Laboratoire de Chimie Analytique et Moléculaire
art_00019,"9β-Hydroxy-6,9-dimethyl-3-methylene-3a,4,8,9,9a,9b-hexahydroazuleno[4,5-b]furan-2(3H)-one",2012,5.2195773,-2.0705924,5,"C5 · molecular, corrosion, experimental",Mohamed Moumou,Laboratoire de Chimie Analytique et Moléculaire
art_00020,A 2D mechanical–thermal coupled model to simulate material mixing observed in friction stir welding process,2017,2.2942832,-1.9116681,4,"C4 · properties, synthesis, numerical",Bouazza Braikat,Laboratoire de Physique de la Matière Condensée
art_00021,A 3D micromechanical model for hyperelastic rubber-like materials and its numerical resolution by the Asymptotic Numerical Method (ANM),2025,1.7135074,-4.6900487,2,"C2 · model, control, data",Abdellah Hamdaoui,Laboratoire de Physique de la Matière Condensée
art_00022,A Big Data Hadoop building blocks comparative study,2017,-1.6360974,-3.813719,7,"C7 · phosphate, properties, po4",Abdessamad Belangour,Laboratoire d’Intelligence Artificielle et Systèmes
art_00023,A Big Data Security Layer Meta-Model Proposition,2019,-2.3507516,-2.414567,2,"C2 · model, control, data",Abdessamad Belangour,Laboratoire d’Intelligence Artificielle et Systèmes
art_00024,A Big Data visualization layer meta-model proposition,2019,-2.4198933,-2.5472803,2,"C2 · model, control, data",Abdessamad Belangour,Laboratoire d’Intelligence Artificielle et Systèmes
art_00025,A bioeconomic model applied to a small pelagic species along the Moroccan coast,2021,1.1925567,-3.5118234,2,"C2 · model, control, data",Imane Agmour,"Laboratoire d'Analyse, Modélisation et Simulation"
art_00026,A Blockchain-based Method Ensuring Integrity of Shared Data in a Distributed-Control Intersection Network,2023,-2.5047777,-2.7582407,3,"C3 · learning, data, detection",Mohamed Ghazouani,Technologie de l'Information et Modélisation
art_00027,A Brief Survey on Internet of Things (IoT),2021,0.29582193,-2.255512,4,"C4 · properties, synthesis, numerical",Elhabib Benlahmar,Technologie de l'Information et Modélisation
art_00028,"A combined computational and experimental study on the mild steel corrosion inhibition in hydrochloric acid by new multifunctional phosphonic acid containing 1,2,3-triazoles",2020,4.147359,-3.164746,5,"C5 · molecular, corrosion, experimental",Aziz Boutouil,Laboratoire de Chimie Physique des Matériaux Appliqués
art_00029,A comparative analysis of activation functions in neural networks: unveiling categories,2024,-1.2408141,-3.3209858,3,"C3 · learning, data, detection",Abdessamad Belangour,Laboratoire d’Intelligence Artificielle et Systèmes
art_00030,"A Comparative Analysis of Analytical Hierarchy Process and Fuzzy Logic Modeling in Flood Susceptibility Mapping in the Assaka Watershed, Morocco",2023,0.03928057,-1.7062619,3,"C3 · learning, data, detection",Allal Labriki,"Géosciences, Géomatique et Environnement"
art_00031,A Comparative Study of Agile Methods: Towards a New Model-based Method.,2017,-2.256086,-2.6152854,3,"C3 · learning, data, detection",Nawal Sael,Laboratoire d’Intelligence Artificielle et Systèmes
art_00032,A Comparative Study of Hadoop-based Big Data Architectures.,2017,-1.7887926,-3.5418925,2,"C2 · model, control, data",Abdessamad Belangour,Laboratoire d’Intelligence Artificielle et Systèmes
art_00033,A Comparative Study of Machine Learning Methods for Automatic Classification of Academic and Vocational Guidance Questions,2020,-2.4629116,-3.0004258,3,"C3 · learning, data, detection",Elhabib Benlahmar; Omar Zahour,Technologie de l'Information et Modélisation
art_00034,A Comparative Study of Microservices-based IoT Platforms,2020,-1.3366029,-3.5515153,3,"C3 · learning, data, detection",Abdessamad Belangour,Laboratoire d’Intelligence Artificielle et Systèmes
art_00035,A comparative study of sentiment analysis approaches,2019,-1.5333529,-2.7588224,3,"C3 · learning, data, detection",Faouzia Benabbou; Nawal Sael,Laboratoire d’Intelligence Artificielle et Systèmes
art_00036,A Comparative Study on Pixel-based Classification and Object-Oriented Classification of Satellite Image,2022,-0.5798512,-0.33301798,4,"C4 · properties, synthesis, numerical",Abdessamad Belangour,Laboratoire d’Intelligence Artificielle et Systèmes
art_00037,A comprehensive review on green perspectives of electrocoagulation integrated with advanced processes for effective pollutants removal from water environment,2022,1.0641831,-1.3082464,1,"C1 · properties, water, mg",Fouad Damiri,Laboratoire Biologie et Santé
art_00038,A Comprehensive Survey on VANET–IoT Integration Toward the Internet of Vehicles,2025,-1.3855944,-2.5583482,3,"C3 · learning, data, detection",Khalid Kandali,Technologie de l'Information et Modélisation
art_00039,"A Comprehensive Survey on VANET–IoT Integration Toward the Internet of Vehicles: Architectures, Communications, and System Challenges",2026,-1.4062897,-2.5219724,3,"C3 · learning, data, detection",Khalid Kandali; Said Nouh,Technologie de l'Information et Modélisation
art_00040,A Comprehensive Systematic Review of Deep Learning Techniques for Anomaly Detection in Urban Video Surveillance,2025,-1.3714753,-2.5458765,3,"C3 · learning, data, detection",Mohssine Bentaib,Technologie de l'Information et Modélisation
art_00041,A Computational Approach to Calculate the Hydrographic Zero Along the Moroccan Atlantic Coast (Port of Mohammedia) Using Matlab,2023,1.0177438,-4.4757624,7,"C7 · phosphate, properties, po4",Laila Mouakkir,Laboratoire d’Ingénierie et de Matériaux
art_00042,A computational framework for analyzing urban data usage patterns in African cities: a 25-year data-driven review using natural language processing and machine learning,2026,-0.7432476,-2.2879348,3,"C3 · learning, data, detection",Tarik Chafiq,Laboratoire de Traitement de l'Information
art_00043,"A computer-aided drug design approach to explore novel type II inhibitors of c-Met receptor tyrosine kinase for cancer therapy: QSAR, molecular docking, ADMET and molecular dynamics simulations",2022,1.1599813,0.80103964,1,"C1 · properties, water, mg",Samir Chtita,Laboratoire de Chimie Analytique et Moléculaire
art_00044,A concise survey on ADAS: advances in vehicle and pedestrian detection with a focus on the AUTOSAR automotive standard,2026,-0.9140202,0.29687852,7,"C7 · phosphate, properties, po4",Abdelmoghit Zaarane; Issam Atouf,Laboratoire de Traitement de l'Information
art_00045,A Coupled SFM-ASCRIBE Model To Investigate the Influence of Emotions and Collective Behavior in Homogeneous and Heterogeneous Crowds,2024,-0.10385405,-2.649495,3,"C3 · learning, data, detection",Abdellah Hamdaoui,Laboratoire de Physique de la Matière Condensée
art_00046,A Critical Review of Heat Transfer Characteristic Using Nanofluid Flow Around a Set of 2D Cylinder Arrangements?,2018,2.143031,-2.9258525,2,"C2 · model, control, data",Rachida Moultif,Laboratoire de Physique de la Matière Condensée
art_00047,A deep learning based technique for plagiarism detection: a comparative study,2020,-1.6067406,-3.0167203,3,"C3 · learning, data, detection",Faouzia Benabbou,Laboratoire d’Intelligence Artificielle et Systèmes
art_00048,A deep neural network for detecting the severity level of diabetic retinopathy from retinography images,2022,-1.8915609,-2.1291378,3,"C3 · learning, data, detection",Aziza Elbakali,Laboratoire de Traitement de l'Information
art_00049,A dimensionless analytical analysis for buckling and lateral buckling interaction of thin-walled beams with open cross sections,2023,1.8866105,-2.503989,4,"C4 · properties, synthesis, numerical",Abdellah Hamdaoui,Laboratoire de Physique de la Matière Condensée
art_00050,A dimensionless numerical mesh-free model for the compressible fluid flows,2021,-1.1352466,-4.795937,2,"C2 · model, control, data",Bouazza Braikat,Laboratoire de Physique de la Matière Condensée
art_00051,A Dimensionless Study of Fgm Membranes Wrinkling Using the Anm Algorithm,2024,1.5298103,-4.8157306,4,"C4 · properties, synthesis, numerical",Abdellah Hamdaoui,Laboratoire de Physique de la Matière Condensée
art_00052,A dimensionless study of Functionally Graded Material membranes wrinkling using the Asymptotic Numerical Method,2025,1.6093571,-4.769812,4,"C4 · properties, synthesis, numerical",Abdellah Hamdaoui,Laboratoire de Physique de la Matière Condensée
art_00053,A double step size method for linear complementarity problem,2025,0.19924337,-4.9143014,2,"C2 · model, control, data",Imane Agmour,"Laboratoire d'Analyse, Modélisation et Simulation"
art_00054,A drip irrigation prediction system in a greenhouse based on long short-term memory and connected objects,2023,-2.4839013,-3.9294727,2,"C2 · model, control, data",Mohamed Ghazouani,Technologie de l'Information et Modélisation
art_00055,A Fast Algorithm for Solving a Class of the Linear Complementarity Problem in a Finite Number of Steps,2020,0.08847502,-5.502913,2,"C2 · model, control, data",Imane Agmour,"Laboratoire d'Analyse, Modélisation et Simulation"
art_00056,A fractional order model for Malaria control using optimal strategies and numerical simulations,2026,0.17737897,-3.8318255,3,"C3 · learning, data, detection",Khalid Adnaoui,"Laboratoire d'Analyse, Modélisation et Simulation"
art_00057,A General Stochastic Model for Tumor Growth: Simulating Cardiac Tumor (Myxoma) Development,2024,1.0584784,-2.8742254,2,"C2 · model, control, data",Khalid Adnaoui,"Laboratoire d'Analyse, Modélisation et Simulation"
art_00058,A high gain 1* 2 array RFID reader MPA for indoor localization applications,2017,1.6536734,-3.0035896,2,"C2 · model, control, data",Abdellatif Slimani,Laboratoire de Traitement de l'Information
art_00059,A high order implicit algorithm for solving instationary non-linear problems,2002,1.7301112,-4.7519984,4,"C4 · properties, synthesis, numerical",Bouazza Braikat,Laboratoire de Physique de la Matière Condensée
art_00060,A high order mesh-free method for buckling and post-buckling analysis of shells,2018,1.6043869,-3.8465466,2,"C2 · model, control, data",Abdellah Hamdaoui; Bouazza Braikat,Laboratoire de Physique de la Matière Condensée
art_00061,A highly turn-on fluorescent CHEF-type chemosensor for selective detection of Cu2+ in aqueous media,2019,1.3549939,-0.629873,1,"C1 · properties, water, mg",Siham Slassi,Laboratoire d’Ingénierie et de Matériaux
art_00062,A holistic approach towards characterizing the El-Oued siliceous sand (eastern Algeria) for potential industrial applications,2021,2.4740603,-0.90679926,7,"C7 · phosphate, properties, po4",Chaouki Sadik,Laboratoire de Chimie Physique des Matériaux Appliqués
art_00063,A hybrid biomass-natural kaolinite for refractory ceramic manufacturing,2024,2.100239,-1.2652686,1,"C1 · properties, water, mg",Chaouki Sadik,Laboratoire de Chimie Physique des Matériaux Appliqués
art_00064,A Hybrid Deep Learning Architecture for Social Media Bots Detection Based on BiGRU-LSTM and GloVe Word Embedding,2024,-2.1815085,-3.3471475,3,"C3 · learning, data, detection",Faouzia Benabbou,Laboratoire d’Intelligence Artificielle et Systèmes
art_00065,"A large prospective study of group B Streptococcus carriage in pregnant women in Morocco: prevalence, serotype distribution, antimicrobial resistance and virulence determinants",2025,0.13675001,-0.5712751,2,"C2 · model, control, data",Halima Lebrazi; Karima Mohtadi,Laboratoire Biologie et Santé
art_00066,A Load-Balancing Approach Using an Improved Simulated Annealing Algorithm,2020,-1.0945777,-4.875832,2,"C2 · model, control, data",Elhabib Benlahmar,Technologie de l'Information et Modélisation
art_00067,A low complexity soft decision decoder for linear block codes,2018,-0.64546704,-4.956172,2,"C2 · model, control, data",Said Nouh,Technologie de l'Information et Modélisation
art_00068,A mathematical model and optimal control analysis for scholar Drop out,2022,0.49829325,-4.1567693,2,"C2 · model, control, data",Khalid Adnaoui,"Laboratoire d'Analyse, Modélisation et Simulation"
art_00069,A Mathematical Overview of the Monogamous Marriage in a Multiregion Framework: Modelling and Control,2020,0.6234652,-4.3453355,2,"C2 · model, control, data",Omar Zakary,"Laboratoire d'Analyse, Modélisation et Simulation"
art_00070,A-MCAC: An Adaptive Mobility- and Connectivity-Aware Clustering Framework for Stable and Efficient Internet of Vehicles Communications,2026,-1.3591627,-4.4886503,3,"C3 · learning, data, detection",Khalid Kandali,Technologie de l'Information et Modélisation
art_00071,A Method to determine Partial Weight Enumerator for Linear Block Codes,2012,-0.75498873,-4.8671727,2,"C2 · model, control, data",Said Nouh,Technologie de l'Information et Modélisation
art_00072,A miniaturized high isolation printed diplexer model based on band pass filter technique for 4G-LTE/5G-Sub 6 GHz applications,2022,2.0998073,-3.5670147,5,"C5 · molecular, corrosion, experimental",Abdellatif Slimani,Laboratoire de Traitement de l'Information
art_00073,A Modified and Enhanced Normalized built-up Index using Multispectral and Thermal Bands,2016,-0.54610014,-0.3718843,4,"C4 · properties, synthesis, numerical",Tarik Chafiq,Laboratoire de Traitement de l'Information
art_00074,A multi-regions discrete-time epidemic model with a travel-blocking vicinity optimal control approach on patches,2017,0.35118294,-3.9020448,2,"C2 · model, control, data",Omar Zakary,"Laboratoire d'Analyse, Modélisation et Simulation"
art_00075,A Multi-regions SIS Discrete Influenza Pandemic Model with a Travel-blocking Vicinity Optimal Control Approach on Cells,2017,0.5701175,-3.8153532,2,"C2 · model, control, data",Omar Zakary,"Laboratoire d'Analyse, Modélisation et Simulation"
art_00076,A Multiregion Discrete-Time Epidemic Model of Mycobacterium tuberculosis Infections: An Optimal Control Approach,2021,1.0991998,-4.835671,2,"C2 · model, control, data",Hassan Laarabi,"Laboratoire d'Analyse, Modélisation et Simulation"
art_00077,"A multi‐regional epidemic model for controlling the spread of Ebola: awareness, treatment, and travel‐blocking optimal control approaches",2016,0.21227199,-3.3868482,2,"C2 · model, control, data",Omar Zakary,"Laboratoire d'Analyse, Modélisation et Simulation"
art_00078,A new algorithm based on Moving Least Square method to simulate material mixing in friction stir welding,2014,2.4477637,-1.9688065,4,"C4 · properties, synthesis, numerical",Bouazza Braikat,Laboratoire de Physique de la Matière Condensée
art_00079,A new algorithm for finding minimum spanning trees with undirected neutrosophic graphs,2018,-0.37982237,-5.614975,2,"C2 · model, control, data",Mohamed Talea,Laboratoire de Traitement de l'Information
art_00080,A new analysis of infection dynamics: multi-regions discrete epidemic model with an extended optimal control approach,2016,0.41253468,-4.405742,4,"C4 · properties, synthesis, numerical",Omar Zakary,"Laboratoire d'Analyse, Modélisation et Simulation"
art_00081,A new analytical formula to compute the step length of Padé approximants in the ANM: Application to buckling structures,2019,1.8847113,-4.5910926,2,"C2 · model, control, data",Abdellah Hamdaoui,Laboratoire de Physique de la Matière Condensée
art_00082,A new approach for assessing the absorption of disposable baby diapers and superabsorbent polymers: A comparative study,2020,2.229511,-1.5653932,2,"C2 · model, control, data",Fouad Damiri; Mohammed Berrada,Laboratoire Biologie et Santé
art_00083,A New Architecture for Real Time Data Stream Processing,2017,-2.3135185,-2.7780495,2,"C2 · model, control, data",Abderrahmane Daif,Technologie de l'Information et Modélisation
art_00084,A New Best Approximation Result in (S) Convex Metric Spaces,2020,-0.006679242,-6.0180736,2,"C2 · model, control, data",Abdelhafid Bassou,"Laboratoire d'Analyse, Modélisation et Simulation"
art_00085,A New Class of Vector Padé Approximants in the Asymptotic Numerical Method: Application in Nonlinear 2D Elasticity,2014,2.027697,-4.669185,2,"C2 · model, control, data",Abdellah Hamdaoui,Laboratoire de Physique de la Matière Condensée
art_00086,"A new coumarin derivative: Synthesis, crystal structure, computational studies, and dual antioxidant–antibacterial activity",2025,2.0574167,1.4727575,4,"C4 · properties, synthesis, numerical",Siham Slassi,Laboratoire d’Ingénierie et de Matériaux
art_00087,A New Data Deletion Scheme for a Blockchain-based De-duplication System in the Cloud,2021,-2.6596856,-2.7711575,3,"C3 · learning, data, detection",Mohamed Ghazouani,Technologie de l'Information et Modélisation
art_00088,A New Data Deletion Scheme for a Blockchain-based De-duplication System in the Cloud,2022,-2.6581883,-2.753933,3,"C3 · learning, data, detection",Mohamed Ghazouani,Technologie de l'Information et Modélisation
art_00089,A new efficient synthesis of CuO thin films using modified SILAR method,2020,3.237692,-1.0821197,4,"C4 · properties, synthesis, numerical",Othmane Daoudi,Laboratoire de Physique de la Matière Condensée
art_00090,A new efficient way based on special stabilizer multiplier permutations to attack the hardness of the minimum weight search problem for large BCH codes,2019,-0.77037287,-4.789666,3,"C3 · learning, data, detection",Said Nouh,Technologie de l'Information et Modélisation
art_00091,A new epidemic modeling approach: Multi-regions discrete-time model with travel-blocking vicinity optimal control strategy,2017,0.34811205,-3.9288023,2,"C2 · model, control, data",Omar Zakary,"Laboratoire d'Analyse, Modélisation et Simulation"
art_00092,A New Fast Iterative Decoder of Product Codes Based on Hash and Syndromes and Optimized by Genetic Algorithms,2022,-0.45493865,-4.711791,4,"C4 · properties, synthesis, numerical",Said Nouh,Technologie de l'Information et Modélisation
art_00093,A New Hybrid Routing Protocol Using a Modified K-Means Clustering Algorithm and Continuous Hopfield Network for VANET,2021,-1.2915689,-4.480919,3,"C3 · learning, data, detection",Khalid Kandali,Technologie de l'Information et Modélisation
art_00094,A new insight into corrosion inhibition process of mild steel in sulfuric acid medium: a combined experimental and theoretical study,2019,3.6728148,-2.3801157,1,"C1 · properties, water, mg",Aziz Boutouil,Laboratoire de Chimie Physique des Matériaux Appliqués
art_00095,A New Online Plagiarism Detection System based on Deep Learning,2020,-1.9471949,-3.197149,2,"C2 · model, control, data",Faouzia Benabbou,Laboratoire d’Intelligence Artificielle et Systèmes
art_00096,A new percentage of biphasic calcium phosphate (BCP) of nanoparticles synthesized directly by hydrothermal process,2020,3.2022285,-1.3305634,1,"C1 · properties, water, mg",Youssef Naimi,Laboratoire de Traitement de l'Information
art_00097,A New Result on Tricyclic Mappings,2020,-0.1308266,-5.9053903,2,"C2 · model, control, data",Abdelhafid Bassou,"Laboratoire d'Analyse, Modélisation et Simulation"
art_00098,A New Routing Algorithm Based on an Efficient Cluster-Head Selection,2024,-0.95366853,-4.609401,2,"C2 · model, control, data",Mohamed Ghazouani,Technologie de l'Information et Modélisation
art_00099,A New Simple Epidemic Discrete-Time Model Describing the Dissemination of Information with Optimal Control Strategy,2020,0.69817793,-3.7264347,2,"C2 · model, control, data",Omar Zakary,"Laboratoire d'Analyse, Modélisation et Simulation"
art_00100,A new stegosaurian dinosaur (Ornithischia: Thyreophora) with a remarkable dermal armour from the Middle Jurassic of North Africa,2024,-0.10507897,4.4978824,6,"C6 · morocco, maroc, rabat",Mostafa Oukassou,"Géosciences, Géomatique et Environnement"
art_00101,A New Way to Find the Minimum Distance of BCH and Quadratic Double Circulant Codes,2018,-0.7458491,-4.831766,2,"C2 · model, control, data",Said Nouh,Technologie de l'Information et Modélisation
art_00102,A Next-Generation Deep Learning-Powered Security Operations Center (SOC) for Online Learning Platforms,2023,-2.2809956,-2.6463475,3,"C3 · learning, data, detection",Mohamed Ghazouani,Technologie de l'Information et Modélisation
art_00103,A non-destructive method for estimating above-ground forest biomass in threatened woodlands,2000,-0.6843762,1.1627579,7,"C7 · phosphate, properties, po4",Wadi Badri,Laboratoire d'Ecologie et d'Environnement
art_00104,A note on best proximity point for S-cyclic mappings,2021,0.00590864,-6.0267653,2,"C2 · model, control, data",Abdelhafid Bassou,"Laboratoire d'Analyse, Modélisation et Simulation"
art_00105,A novel approach for producing low cost and highly efficient activated carbon for removing cationic dyes,2019,2.1026459,-0.81855845,1,"C1 · properties, water, mg",Abdelmjid Abourriche,Laboratoire Biologie et Santé
art_00106,A novel approach to establishing uniqueness of solutions in linear complementarity problems,2023,0.2613097,-4.996697,2,"C2 · model, control, data",Imane Agmour,"Laboratoire d'Analyse, Modélisation et Simulation"
art_00107,"A novel azo dye, 8-quinolinol-5-azoantipyrine as corrosion inhibitor for mild steel in acidic media",2009,3.6199472,-2.2594945,4,"C4 · properties, synthesis, numerical",Mohammed Berrada,Laboratoire Biologie et Santé
art_00108,A novel imidazole‐derived Schiff base as selective and sensitive colorimetric chemosensor for fluorescent detection of Cu2+ in methanol with mixed aqueous medium,2021,1.3242307,-0.7844566,2,"C2 · model, control, data",Siham Slassi,Laboratoire d’Ingénierie et de Matériaux
art_00109,A novel k-means powered algorithm for an efficient clustering in vehicular ad-hoc networks,2023,-1.3459026,-4.4698095,3,"C3 · learning, data, detection",Khalid Kandali,Technologie de l'Information et Modélisation
art_00110,A novel non-toxic camptothecin formulation for cancer chemotherapy,2004,0.9011347,0.7258951,4,"C4 · properties, synthesis, numerical",Mohammed Berrada,Laboratoire Biologie et Santé
art_00111,"A novel phosphate with Co II square planar coordination, BaCo 0.5 Fe(PO 4 ) 2 : structural and magnetic features",2023,3.2392347,-1.5789028,2,"C2 · model, control, data",Fouad Alloun,Laboratoire de Chimie Physique des Matériaux Appliqués
art_00112,A Novel Route Discovery Mechanism Based on Neighborhood Broadcasting Methods in VANET,2019,-1.2698209,-4.2031097,7,"C7 · phosphate, properties, po4",Khalid Kandali,Technologie de l'Information et Modélisation
art_00113,"A Novel Superabsorbent Polymer from Crosslinked Carboxymethyl Tragacanth Gum with Glutaraldehyde: Synthesis, Characterization, and Swelling Properties",2021,1.8348799,-2.4428046,1,"C1 · properties, water, mg",Fouad Damiri; Mohammed Berrada,Laboratoire Biologie et Santé
art_00114,A numerical mesh-free model for elasto-plastic contact problems,2017,1.9689393,-4.6678376,4,"C4 · properties, synthesis, numerical",Bouazza Braikat,Laboratoire de Physique de la Matière Condensée
art_00115,A one-dimensional model for computing forced nonlinear vibration of thin-walled composite beams with open variable cross-sections,2020,1.9323803,-4.1917925,2,"C2 · model, control, data",Bouazza Braikat,Laboratoire de Physique de la Matière Condensée
art_00116,A parabolic equation based on a rational quadratic approximation for surface gravity wave propagation,2003,1.3084592,-3.0887063,7,"C7 · phosphate, properties, po4",Soumia Mordane,Laboratoire d’Ingénierie et de Matériaux
art_00117,A phosphogypsum‐based road material with enhanced mechanical properties for sustainable environmental remediation,2021,1.600565,-1.1135273,1,"C1 · properties, water, mg",Chaouki Sadik,Laboratoire de Chimie Physique des Matériaux Appliqués
art_00118,A real-time system for vehicle detection with shadow removal and vehicle classification based on vehicle features at urban roads,2020,-1.7995008,-4.0688796,3,"C3 · learning, data, detection",Abdelmoghit Zaarane,Laboratoire de Traitement de l'Information
art_00119,A Recommender System for Videos Suggestion in a SPOC: A Proposed Personalized Learning Method,2019,-2.608698,-1.7751027,4,"C4 · properties, synthesis, numerical",Elhabib Benlahmar,Technologie de l'Information et Modélisation
art_00120,A reduced-order modeling based on multi-scale method for wrinkles with variable orientations,2020,2.0799162,-4.5453725,2,"C2 · model, control, data",Abdellah Hamdaoui,Laboratoire de Physique de la Matière Condensée
art_00121,A regio- and stereoselectivity and molecular mechanism study on the addition reactions of morpholine and m-CPBA to 9α-hydroxyparthenolide using DFT calculations,2020,4.0531087,-2.347984,2,"C2 · model, control, data",Mohamed Moumou,Laboratoire de Chimie Analytique et Moléculaire
art_00122,A Review of Open-Source Systems on Chip Case of LiteX RubyRTL and PyMTL,2022,-2.1648333,-5.783838,7,"C7 · phosphate, properties, po4",Abdelhakim Alali,Laboratoire de Traitement de l'Information
art_00123,A Review of the Different Levels of Abstraction for Systems-on-Chip (SoC),2021,-2.0083807,-5.6127443,2,"C2 · model, control, data",Abdelhakim Alali,Laboratoire de Traitement de l'Information
art_00124,A review on natural biopolymers in external drug delivery systems for wound healing and atopic dermatitis,2024,0.7182921,-1.0050634,1,"C1 · properties, water, mg",Fouad Damiri,Laboratoire Biologie et Santé
art_00125,A review paper on artificial intelligence at the service of human resources management,2020,-2.3241992,-3.1241236,3,"C3 · learning, data, detection",Elhabib Benlahmar,Technologie de l'Information et Modélisation
art_00126,A Routing Scheme Using an Adaptive K-Harmonic Means Clustering for VANETs,2020,-1.3265502,-4.441072,3,"C3 · learning, data, detection",Khalid Kandali,Technologie de l'Information et Modélisation
art_00127,A Scalable Business Intelligence Decision-Making System in the Era of Big Data,2019,-2.1994197,-2.9472382,2,"C2 · model, control, data",Abdessamad Belangour,Laboratoire d’Intelligence Artificielle et Systèmes
art_00128,A Simulation and Modeling Approach of Coupled Thermal and Electrical Behavior of PV Panels Using the Artificial Hummingbird Algorithm and Two-Dimensional Finite Difference-Based Model,2023,1.3251425,-4.7996116,4,"C4 · properties, synthesis, numerical",Rhma Adhiri,Laboratoire d’Ingénierie et de Matériaux
art_00129,A simulation and modeling approach of coupled thermal and electrical behavior of PV panels using the artificial hummingbird algorithm and two-dimensional finite difference-based model,2024,0.3834158,-1.8984631,3,"C3 · learning, data, detection",Rhma Adhiri,Laboratoire d’Ingénierie et de Matériaux
art_00130,A spatiotemporal SIR epidemic model two-dimensional with problem of optimal control,2022,0.60819864,-4.0049214,2,"C2 · model, control, data",Khalid Adnaoui,"Laboratoire d'Analyse, Modélisation et Simulation"
art_00131,A state‐of‐the‐art review on geothermal energy exploration in Morocco: Current status and prospects,2024,-0.73256475,3.4363618,0,"C0 · morocco, atlas, basin",Faouziya Haissen,"Géosciences, Géomatique et Environnement"
art_00132,A Study of Moroccan Rosemary Oils,2000,1.3535296,0.44595906,1,"C1 · properties, water, mg",Mohammed Berrada,Laboratoire Biologie et Santé
art_00133,A Survey on RDF Data Store Based on NoSQL Systems for the Semantic Web Applications,2019,-0.9656576,0.26044542,7,"C7 · phosphate, properties, po4",Abdessamad Belangour,Laboratoire d’Intelligence Artificielle et Systèmes
art_00134,A system for educational and vocational guidance in Morocco: Chatbot E-Orientation,2020,-2.6436672,-2.2543495,2,"C2 · model, control, data",Elhabib Benlahmar; Omar Zahour,Technologie de l'Information et Modélisation
art_00135,A Systematic Guide to Experimental Designs in Magnetic Electrocatalysis,2026,-0.9463909,-2.3706827,3,"C3 · learning, data, detection",Fouad Alloun,Laboratoire de Chimie Physique des Matériaux Appliqués
art_00136,A Systematic Literature Review: Improving University Guidance with an AI-Powered Automatic Recommendation System,2026,-2.1693223,-2.5844207,3,"C3 · learning, data, detection",Khadija Achtaich; Mohammed Aitdaoud,Laboratoire d’Intelligence Artificielle et Systèmes
art_00137,A systematic literature review of Arabic dialect sentiment analysis,2023,-1.3921175,-2.739137,3,"C3 · learning, data, detection",Faouzia Benabbou; Nawal Sael,Laboratoire d’Intelligence Artificielle et Systèmes
art_00138,A Systematic Literature Review of Keyphrases Extraction Approaches,2022,-1.2162081,-3.0822742,3,"C3 · learning, data, detection",Elhabib Benlahmar,Technologie de l'Information et Modélisation
art_00139,"A systematic review of figurative language detection: Methods, challenges, and multilingual perspectives",2025,-1.3925006,-2.7917426,3,"C3 · learning, data, detection",Sanaa Elfilali,Laboratoire d’Intelligence Artificielle et Systèmes
art_00140,A Systematic Review of Neural Architectures for Urban Anomaly Recognition Using PRISMA,2026,-1.8585136,0.54719305,7,"C7 · phosphate, properties, po4",Mohssine Bentaib,Technologie de l'Information et Modélisation
art_00141,A thermosensitive chitosan-based hydrogel for the local delivery of paclitaxel,2003,1.2057334,0.8839893,4,"C4 · properties, synthesis, numerical",Mohammed Berrada,Laboratoire Biologie et Santé
art_00142,A Traffic Surveillance System in Real-Time to Detect and Classify Vehicles by Using Convolutional Neural Network,2019,-1.9513245,-4.1050696,2,"C2 · model, control, data",Abdelmoghit Zaarane; Issam Atouf,Laboratoire de Traitement de l'Information
art_00143,A validated 1H NMR method for the determination of the degree of deacetylation of chitosan,2003,2.6579328,-0.27898124,4,"C4 · properties, synthesis, numerical",Mohammed Berrada,Laboratoire Biologie et Santé
art_00144,A vehicular queue length measurement system in real-time based on SSD Network,2021,-1.8627282,-4.121892,2,"C2 · model, control, data",Abdelmoghit Zaarane; Issam Atouf,Laboratoire de Traitement de l'Information
art_00145,Abiotic Factors and Geographical Origin as Determinants of the Chemical Variability of Plant Extracts,2025,1.8250879,0.6316325,4,"C4 · properties, synthesis, numerical",Wadi Badri,Laboratoire d'Ecologie et d'Environnement
art_00146,About macroscopic models of instability pattern formation,2012,-0.8872716,0.5472561,7,"C7 · phosphate, properties, po4",Bouazza Braikat,Laboratoire de Physique de la Matière Condensée
art_00147,Access to new sequiterpenoids by catalytic acid rearrangement of 9α-hydroxyparthenolide,2012,1.9411718,0.84812963,7,"C7 · phosphate, properties, po4",Mohamed Moumou,Laboratoire de Chimie Analytique et Moléculaire
art_00148,Activation of Bismuth(III) Derivatives in Ionic Liquids: Novel and Recyclable Catalytic Systems for Friedel−Crafts Acylation of Aromatic Compounds,2003,2.4722998,0.52560824,2,"C2 · model, control, data",Said Gmouh,Laboratoire d’Ingénierie et de Matériaux
art_00149,"Activités antioxydante, apoptotique et antiproliférative de Tetraena gaetula (Emb. & Maire) Beier & Thulin et de Berberis hispanica Boiss. & Reut. originaires du Maroc",2012,1.8545911,0.4974104,4,"C4 · properties, synthesis, numerical",Amal Elhamsaselyoubi,Laboratoire Biologie et Santé
art_00150,Acute comparative toxicity of phenol and some chlorophenols on aquatic and terrestrial organisms,2000,0.3003798,-0.16275598,7,"C7 · phosphate, properties, po4",Nadia Iounes,Laboratoire d'Ecologie et d'Environnement
art_00151,Adaptive Help System Based on Learners ‘Digital Traces’ and Learning Styles,2021,-2.5949106,-1.8642112,3,"C3 · learning, data, detection",Mohssine Bentaib,Technologie de l'Information et Modélisation
art_00152,Adaptive Model for Credit Card Fraud Detection,2020,-2.120644,-2.6418793,3,"C3 · learning, data, detection",Faouzia Benabbou; Nawal Sael,Laboratoire d’Intelligence Artificielle et Systèmes
art_00153,"Adsorption isotherm, kinetic and mechanism studies of 2-nitrophenol on sedimentary phosphate",2015,3.3876386,-2.3258038,2,"C2 · model, control, data",Mustapha Mouflih,"Géosciences, Géomatique et Environnement"
art_00154,Adsorption Process of Cu(II) Cations by Using the Waste of Phosphate Rock (WPR) as Novel Adsorbent material,2018,3.5891242,-2.5931518,2,"C2 · model, control, data",Samia Yousfi,Laboratoire de Chimie Analytique et Moléculaire
art_00155,Advanced control of double stage grid-tied three phase photovoltaic systems with shunt active power filter,2024,0.89125216,-4.3414392,2,"C2 · model, control, data",Rhma Adhiri,Laboratoire d’Ingénierie et de Matériaux
art_00156,Advanced expansion joints monitoring system based on IoT and intelligent development,2022,-1.1573871,0.48062664,7,"C7 · phosphate, properties, po4",Youssef Sekhara,Laboratoire d’Intelligence Artificielle et Systèmes
art_00157,"Advanced lithological mapping using ASTER data and machine learning: Sebt Brikiine pluton, Rehamna massif, Morocco",2026,-0.22596721,4.671408,6,"C6 · morocco, maroc, rabat",Soufiane Maimouni,"Géosciences, Géomatique et Environnement"
art_00158,Advanced Statistical Optimization of Parameters of Synthesis Process of Oxygenated Carbonated Apatite,2008,0.9757779,-3.4156458,2,"C2 · model, control, data",Soumia Belouafa,Laboratoire Biologie et Santé
art_00159,Age refinement and basin evolution of the North Rifian Corridor (Morocco): No evidence for a marine connection during the Messinian Salinity Crisis,2017,-0.21294583,2.5627227,0,"C0 · morocco, atlas, basin",Nadia Barhoun,"Géosciences, Géomatique et Environnement"
art_00160,AI-Assisted Reconstruction of Historical Scenes from Images and Textual Descriptions: Toward a Trustworthy Multimodal Framework for Digital Heritage,2026,-1.9878633,-2.59996,3,"C3 · learning, data, detection",Omar Zahour,Technologie de l'Information et Modélisation
art_00161,AI-controlled stochastic epidemic model with mutation-induced waves,2026,0.29040715,-3.7954218,2,"C2 · model, control, data",Hassan Laarabi,"Laboratoire d'Analyse, Modélisation et Simulation"
art_00162,AI-Driven Cyberattack Detection and Prevention: A Systematic Review of Emerging Trends and Future Challenges,2026,-1.2641311,0.36356536,7,"C7 · phosphate, properties, po4",Mohamed Ghazouani,Technologie de l'Information et Modélisation
art_00163,AI Education,2026,-1.7327086,-1.8332084,3,"C3 · learning, data, detection",Khadija Achtaich,Laboratoire d’Intelligence Artificielle et Systèmes
art_00164,"AI-Native V2X and Internet of Vehicles Systems: Architectures, Learning Paradigms, and Open Challenges",2026,-1.361355,-2.7389052,3,"C3 · learning, data, detection",Khalid Kandali,Technologie de l'Information et Modélisation
art_00165,AI-Powered Health Chatbots: Toward a general architecture,2021,-2.1629467,-2.6949282,2,"C2 · model, control, data",Khadija Achtaich,Laboratoire d’Intelligence Artificielle et Systèmes
art_00166,Akermanite-based ceramics from Moroccan dolomite and perlite: Characterization and in vitro bioactivity assessment,2022,3.3847435,-1.3368438,1,"C1 · properties, water, mg",Chaouki Sadik,Laboratoire de Chimie Physique des Matériaux Appliqués
art_00167,Alfa fiber-polyurethane composite as a thermal and acoustic insulation material for building applications,2019,1.9750327,-1.6437266,4,"C4 · properties, synthesis, numerical",Omar Tanane,Laboratoire de Chimie Physique des Matériaux Appliqués
art_00168,Alignment between two domain ontologies (Case of educational orientation in mathematics education),2015,-1.6847448,-2.986782,3,"C3 · learning, data, detection",Mohammed Aitdaoud,Laboratoire d’Intelligence Artificielle et Systèmes
art_00169,Alkaloids 8-Hydroxyquinoline derivatives: Synthesis and biological activities,2020,1.9655994,1.3399867,1,"C1 · properties, water, mg",Abdelmjid Abourriche,Laboratoire Biologie et Santé
art_00170,An Authoring Tool for Generating Context Awareness Mobile Game Based Learning,2022,-2.356866,-2.3383284,2,"C2 · model, control, data",Khalid Kandali,Technologie de l'Information et Modélisation
art_00171,An Automated License Plate Detection and Recognition System Based On Wavelet Decomposition and CNN,2020,-2.1647987,-5.786883,2,"C2 · model, control, data",Abdelmoghit Zaarane; Issam Atouf,Laboratoire de Traitement de l'Information
art_00172,An automated night-time vehicle detection system for driving assistance based on cross-correlation,2019,-2.165833,-5.7818556,2,"C2 · model, control, data",Abdelmoghit Zaarane; Issam Atouf,Laboratoire de Traitement de l'Information
art_00173,An Effective Storage Mechanism for High Performance Computing (HPC),2015,-2.8631043,-2.7724316,2,"C2 · model, control, data",Abderrahmane Daif,Technologie de l'Information et Modélisation
art_00174,An efficient combination between Berlekamp-Massey and Hartmann Rudolph algorithms to decode BCH codes,2018,-0.8862144,-4.566689,3,"C3 · learning, data, detection",Said Nouh,Technologie de l'Information et Modélisation
art_00175,An efficient mesh-free approach for the determination of stresses intensity factors,2021,1.7211553,-4.380804,4,"C4 · properties, synthesis, numerical",Bouazza Braikat,Laboratoire de Physique de la Matière Condensée
art_00176,An efficient method to find the minimum distance of linear block codes,2012,-0.7186445,-4.832483,2,"C2 · model, control, data",Said Nouh,Technologie de l'Information et Modélisation
art_00177,An Efficient Routing Protocol Using an Improved Distance-Based Broadcasting and Fuzzy Logic System for VANET,2020,-1.2879765,-4.5694375,3,"C3 · learning, data, detection",Khalid Kandali,Technologie de l'Information et Modélisation
art_00178,"An experimental investigation on morphological, mechanical and thermal properties of date palm particles reinforced polyurethane composites as new ecological insulating materials in building",2017,2.029805,-1.2986268,1,"C1 · properties, water, mg",Omar Tanane,Laboratoire de Chimie Physique des Matériaux Appliqués
art_00179,An exploration of corrosion inhibition of mild steel in sulphuric acid solution through experimental study and Monte Carlo simulations,2019,4.3540854,-3.0631752,5,"C5 · molecular, corrosion, experimental",Aziz Boutouil,Laboratoire de Chimie Physique des Matériaux Appliqués
art_00180,An extension of Fisher fixed point theorem in partially ordered generalized metric spaces,2017,0.01962861,-5.9964643,2,"C2 · model, control, data",Abderrahim Eladraoui,"Laboratoire d'Analyse, Modélisation et Simulation"
art_00181,An improved coastal upwelling index from sea surface temperature using satellite-based approach – The case of the Canary Current upwelling system,2014,-0.3213953,3.3704917,0,"C0 · morocco, atlas, basin",Soumia Mordane,Laboratoire d’Ingénierie et de Matériaux
art_00182,An improved Padé approximant in the ANM algorithm: Application to the post-buckling of shells,2019,2.0898726,-4.6082735,2,"C2 · model, control, data",Abdellah Hamdaoui,Laboratoire de Physique de la Matière Condensée
art_00183,An In Silico Study Based on QSAR and Molecular Docking and Molecular Dynamics Simulation for the Discovery of Novel Potent Inhibitor against AChE,2024,4.146764,-2.4957514,5,"C5 · molecular, corrosion, experimental",Samir Chtita,Laboratoire de Chimie Analytique et Moléculaire
art_00184,An Intelligent Machine Learning Based Routing Scheme for VANET,2022,-1.3500082,-4.4456077,3,"C3 · learning, data, detection",Khalid Kandali,Technologie de l'Information et Modélisation
art_00185,An Interoperable Multi-Agent Architecture for Personalized Smart Learning Using Generative AI and Learning Analytics,2026,-2.3981607,-2.4012728,3,"C3 · learning, data, detection",Tarik Chafiq,Laboratoire de Traitement de l'Information
art_00186,An Introduction to Bipolar Single Valued Neutrosophic Graph Theory,2016,-0.63236654,-5.6515884,2,"C2 · model, control, data",Mohamed Talea,Laboratoire de Traitement de l'Information
art_00187,An Optimal Control for a Two-Dimensional Spatiotemporal SEIR Epidemic Model,2020,0.5264572,-4.046596,2,"C2 · model, control, data",Khalid Adnaoui,"Laboratoire d'Analyse, Modélisation et Simulation"
art_00188,An overview of a preliminary multicenter retrospective study on food and drug allergies in Moroccan pediatric population,2024,-1.1367731,-1.3968048,2,"C2 · model, control, data",Karima Mohtadi,Laboratoire Biologie et Santé
art_00189,An overview of Automatic Speech Recognition Preprocessing Techniques,2022,-1.2360898,-3.0741277,3,"C3 · learning, data, detection",Abdessamad Belangour,Laboratoire d’Intelligence Artificielle et Systèmes
art_00190,An overview of GeoSpatial Artificial Intelligence technologies for city planning and development,2023,-0.52285504,-1.7654617,3,"C3 · learning, data, detection",Abdessamad Belangour,Laboratoire d’Intelligence Artificielle et Systèmes
art_00191,"Analyse faciologique, caractérisation des paléoenvironnements et stratigraphie séquentielle haute résolution des formations triasiques du bassin d'Imini (Haut-Atlas de Marrakech, Maroc)",2021,-0.73150545,2.7935228,0,"C0 · morocco, atlas, basin",Rachid Essamoud,"Géosciences, Géomatique et Environnement"
art_00192,ANALYSE SPATIALE ET TEMPORELLE DES VENTS DE SURFACE A PARTIR DU MODELE ALADIN ET DES DONNEES DE TELEDETECTION SUR LA REGION D'UPWELLING DES CANARIES,2011,-0.30065995,3.490732,7,"C7 · phosphate, properties, po4",Soumia Mordane,Laboratoire d’Ingénierie et de Matériaux
art_00193,"Analysis and prediction pathways of natural products and their cytotoxicity against HeLa cell line protein using docking, molecular dynamics and ADMET",2021,1.1908247,0.7937419,1,"C1 · properties, water, mg",Samir Chtita,Laboratoire de Chimie Analytique et Moléculaire
art_00194,Analysis of a mathematical model for treatment of cancer with oncolytic virotherapy,2014,0.5869204,-4.11585,2,"C2 · model, control, data",Elhabib Benlahmar,Technologie de l'Information et Modélisation
art_00195,"Analysis of the drought effects on the physicochemical and bacteriological quality of the Inaouene River water (Taza, Morocco)",2024,1.0068974,-2.1165297,4,"C4 · properties, synthesis, numerical",Abdelmottalib Nahli,Laboratoire d'Ecologie et d'Environnement
art_00196,Analysis of the effects of sulfur passivation on Al/Si3N4/n-GaAs MIS: an approach by the calculating of series resistance,2026,3.091115,-2.6886094,4,"C4 · properties, synthesis, numerical",Rhma Adhiri,Laboratoire d’Ingénierie et de Matériaux
art_00197,Analysis of the mechanical behavior of functional gradient porous plates on an elastic foundation,2025,1.9083056,-1.8943486,2,"C2 · model, control, data",Khalid Adnaoui; Laila Mouakkir,"Laboratoire d'Analyse, Modélisation et Simulation"
art_00198,Analysis of the stability of frames composed of thin-walled beams with open cross-section using a High Order Continuation Method,2025,1.4856591,-4.7136517,4,"C4 · properties, synthesis, numerical",Abdellah Hamdaoui,Laboratoire de Physique de la Matière Condensée
art_00199,Analysis of wrinkling in FGM membrane using the Asymptotic Numerical Method,2024,1.9472128,-4.069768,2,"C2 · model, control, data",Abdellah Hamdaoui,Laboratoire de Physique de la Matière Condensée
art_00200,Analytical study of wave-trenches interaction under the effect of current,2025,1.2202191,-2.717196,7,"C7 · phosphate, properties, po4",Abdelilah Akouibaa; Soumia Mordane,Laboratoire d’Ingénierie et de Matériaux
art_00201,Analyzing age group and time of the day using interval valued neutrosophic sets,2020,-0.7833799,-2.9294946,3,"C3 · learning, data, detection",Asmae Guennoun,Laboratoire de Traitement de l'Information
art_00202,Analyzing Carbon Monoxide Emissions and Urban Mobility Patterns Using Google Earth Engine; Case Study: Casablanca,2026,0.050491627,-1.9992918,2,"C2 · model, control, data",Rachid Essamoud,"Géosciences, Géomatique et Environnement"
art_00203,Analyzing wave energy potential near Essaouira coast in Morocco,2023,-0.03983388,4.8364244,6,"C6 · morocco, maroc, rabat",Laila Mouakkir; Soumia Mordane,Laboratoire d’Ingénierie et de Matériaux
art_00204,ANM analysis of a wrinkled elastic thin membrane,2019,1.9746987,-4.026684,2,"C2 · model, control, data",Abdellah Hamdaoui; Bouazza Braikat,Laboratoire de Physique de la Matière Condensée
art_00205,"Anti-Corrosive Properties of (1-benzyl-1H-1,2,3-triazol-4-yl) Methanol on Mild Steel Corrosion in Hydrochloric Acid Solution: Experimental and Theoretical Evidences",2019,3.7704148,-2.8926113,5,"C5 · molecular, corrosion, experimental",Aziz Boutouil,Laboratoire de Chimie Physique des Matériaux Appliqués
art_00206,Anti-inflammatory activity of Ageratum conyzoides L. leaves,2013,1.3508898,0.5007275,1,"C1 · properties, water, mg",Amal Elhamsaselyoubi,Laboratoire Biologie et Santé
art_00207,Antileishmanial activity of a new 8-hydroxyquinoline derivative designed 7-[5′-(3′-phenylisoxazolino)methyl]-8-hydroxyquinoline: preliminary study,2004,-1.1243851,0.056431603,7,"C7 · phosphate, properties, po4",Mohammed Berrada,Laboratoire Biologie et Santé
art_00208,Antimicrobial Activity of Pomegranate (punica granatum) Waste,2018,2.059931,-0.5064066,7,"C7 · phosphate, properties, po4",Abdelmjid Abourriche,Laboratoire Biologie et Santé
art_00209,Antioxidant and Antibacterial Activities of the Essential Oil of Moroccan Tetraclinis articulata (Vahl) Masters,2020,2.09216,1.6058159,1,"C1 · properties, water, mg",Wadi Badri,Laboratoire d'Ecologie et d'Environnement
art_00210,"Antioxidant, Anti-Inflammatory and Antidiabetic Proprieties of LC-MS/MS Identified Polyphenols from Coriander Seeds",2021,1.0450534,0.23596898,1,"C1 · properties, water, mg",Amal Elhamsaselyoubi,Laboratoire Biologie et Santé
art_00211,Antiproliferative Effect and Induction of Apoptosis by Inula viscosa L. and Retama monosperma L. Extracts in Human Cervical Cancer Cells,2012,1.2839588,0.49145058,1,"C1 · properties, water, mg",Said Gmouh,Laboratoire d’Ingénierie et de Matériaux
art_00212,Application d’un réacteur biologique membranaire ″MBR″ pour l’amélioration de la qualité des eaux épurées d’une unité d’industrie agroalimentaire au Maroc,2016,-0.39431098,4.4549484,6,"C6 · morocco, maroc, rabat",Abdelmottalib Nahli,Laboratoire d'Ecologie et d'Environnement
art_00213,Application of Artificial Intelligence to Control a Nonlinear SIR Model,2024,0.15910949,-4.2356515,4,"C4 · properties, synthesis, numerical",Omar Zakary,"Laboratoire d'Analyse, Modélisation et Simulation"
art_00214,Application of Data Integrity Algorithm for Geotechnical Data Quality Management,2018,1.224801,-1.9047536,2,"C2 · model, control, data",Tarik Chafiq,Laboratoire de Traitement de l'Information
art_00215,Application of Dijkstra algorithm for solving interval valued neutrosophic shortest path problem,2016,-0.5227116,-5.7141805,2,"C2 · model, control, data",Mohamed Talea,Laboratoire de Traitement de l'Information
art_00216,Application of extended irreversible thermodynamics: calculation of transport coefficients in plasma with impurities,2015,2.7050917,-2.5994456,2,"C2 · model, control, data",Rachida Moultif,Laboratoire de Physique de la Matière Condensée
art_00217,Application of Statistical Experimental Design and Surface Plot Technique to Optimize Oxygenated Apatite Synthesis,2020,2.677831,-1.2972208,1,"C1 · properties, water, mg",Soumia Belouafa,Laboratoire Biologie et Santé
art_00218,"Application of the biotic indices for water quality and resilience assessment of a disturbed stream (Casablanca, Morocco)",2022,-0.7128587,3.7514315,0,"C0 · morocco, atlas, basin",Abdelmottalib Nahli,Laboratoire d'Ecologie et d'Environnement
art_00219,Application of Transfer Learning in Smart Agriculture to Combat Black Rot Bacteria,2024,-2.411687,-3.9582613,3,"C3 · learning, data, detection",Sanaa Elfilali,Laboratoire d’Intelligence Artificielle et Systèmes
art_00220,Applied Lyapunov Stability on Output Tracking Problem for a Class of Discrete-Time Linear Systems,2016,0.32032737,-4.7999578,3,"C3 · learning, data, detection",Omar Zakary,"Laboratoire d'Analyse, Modélisation et Simulation"
art_00221,Applying Dijkstra algorithm for solving neutrosophic shortest path problem,2016,-0.44347495,-5.672635,2,"C2 · model, control, data",Mohamed Talea,Laboratoire de Traitement de l'Information
art_00222,"Apports d'éléments minéraux au sol par l'intermédiaire de la litière, des pluies et des pluviolessivats dans un peuplement à genévrier thurifère (Juniperus thurifera L) du Haut Atlas occidental (Maroc)",1992,-0.7177616,3.6401658,0,"C0 · morocco, atlas, basin",Wadi Badri,Laboratoire d'Ecologie et d'Environnement
art_00223,"Approche Méthodologique D’évaluation De Susceptibilité Des Versants Aux Glissements De Terrain Par Un Modèle Volumique De L’aléa ; Application Au Secteur De Boujibar Al Hoceima (Rif, Maroc)",2016,0.09422459,-2.011459,3,"C3 · learning, data, detection",Allal Labriki,"Géosciences, Géomatique et Environnement"
art_00224,Architectural design of trust based recommendation system in customer relationship management,2018,-2.3541172,-2.4527764,3,"C3 · learning, data, detection",Abderrahmane Daif,Technologie de l'Information et Modélisation
art_00225,Aroma Electric Therapy Equipment with Atmega8 -Based Heart Rate Monitoring,2020,-0.8260914,-1.0630811,1,"C1 · properties, water, mg",Omar Tanane,Laboratoire de Chimie Physique des Matériaux Appliqués
art_00226,Artificial Intelligence and Morocco's Education System: A Strategic Tool for Enhancing Public Management and Institutional Performance,2025,-1.9110297,-1.8763568,3,"C3 · learning, data, detection",Omar Tanane,Laboratoire de Chimie Physique des Matériaux Appliqués
art_00227,Artificial Intelligence-Driven SELEX Design of Aptamer Panels for Urinary Multi-Biomarker Detection in Prostate Cancer: A Systematic and Bibliometric Review,2025,-1.0797894,0.2422992,7,"C7 · phosphate, properties, po4",Abdelmjid Abourriche,Laboratoire Biologie et Santé
art_00228,"Artificial Intelligence for Digital Finance, Axes and Techniques",2022,-1.3151828,-2.5595615,3,"C3 · learning, data, detection",Mohamed Talea,Laboratoire de Traitement de l'Information
art_00229,Artificial Intelligence for Quality of Life Study: A Systematic Literature Review,2024,-1.2223843,-2.845066,3,"C3 · learning, data, detection",Faouzia Benabbou; Nawal Sael,Laboratoire d’Intelligence Artificielle et Systèmes
art_00230,Artificial Intelligence in the Context of Digital Learning Environments (DLEs): Towards Adaptive Learning,2024,-2.6012032,-1.7035617,7,"C7 · phosphate, properties, po4",Mohamed Ghazouani,Technologie de l'Information et Modélisation
art_00231,"Aspects épidémiologiques, nutritionnels et anatomopathologiques des cancers colorectaux dans la région du grand Casablanca",2019,-1.0800906,-1.037337,1,"C1 · properties, water, mg",Driss Radallah,Laboratoire Biologie et Santé
art_00232,"Assessing hydrological response to future climate change in the Bouregreg watershed, Morocco",2023,0.43618637,-3.8898826,2,"C2 · model, control, data",Tarik Chafiq,Laboratoire de Traitement de l'Information
art_00233,Assessing land cover change detection in a developing country with machine and deep learning algorithms: a case study,2025,-1.2085226,0.01946517,7,"C7 · phosphate, properties, po4",Tarik Chafiq,Laboratoire de Traitement de l'Information
art_00234,Assessing the prevalence of protein-energy wasting in haemodialysis patients: A cross-sectional monocentric study,2017,-0.6676756,-0.9184512,1,"C1 · properties, water, mg",Anass Kettani; Halima Lebrazi,Laboratoire Biologie et Santé
art_00235,"Assessment of body mass index, lifestyle and health perception among female university students in Morocco",2024,-1.354056,-1.2475771,3,"C3 · learning, data, detection",Karima Mohtadi,Laboratoire Biologie et Santé
art_00236,Assessment of Cardiovascular Risk in Malnourished Moroccan Haemodialysis Patients: The Interest of Atherogenic Index of Plasma and Lipid Ratios,2018,-0.24794239,4.620733,6,"C6 · morocco, maroc, rabat",Halima Lebrazi; Karima Mohtadi; Rachid Saile,Laboratoire Biologie et Santé
art_00237,Assessment of future changes in downscaled temperature and precipitation over the Casablanca-Settat region (Morocco),2021,-0.6127633,3.8824465,0,"C0 · morocco, atlas, basin",Wadi Badri,Laboratoire d'Ecologie et d'Environnement
art_00238,"Assessment of the Bacteriological and Physicochemical Water Quality of the Inaouene and Larbaa Rivers (Taza, Morocco)",2024,0.8162932,-2.3265147,2,"C2 · model, control, data",Abdelmottalib Nahli,Laboratoire d'Ecologie et d'Environnement
art_00239,"Assessment of the effect of drought and anthropogenic liquid pollution on the physicochemical quality of the waters of Oued Inaouene using the Water Quality Index (Taza, Morocco)",2024,0.7930454,-2.2596495,2,"C2 · model, control, data",Abdelmottalib Nahli,Laboratoire d'Ecologie et d'Environnement
art_00240,Assessment of the image-based atmospheric correction of multispectral satellite images for geological mapping in arid and semi-arid regions,2020,-0.40023628,-1.8224632,3,"C3 · learning, data, detection",Soufiane Maimouni,"Géosciences, Géomatique et Environnement"
art_00241,"Association between nutritional status, body composition, and fitness level of adolescents in physical education in Casablanca, Morocco",2023,-1.2629116,-1.1569153,1,"C1 · properties, water, mg",Anass Kettani; Halima Lebrazi; Karima Mohtadi,Laboratoire Biologie et Santé
art_00242,Association of apolipoprotein E gene polymorphism with end-stage renal disease and hyperlipidemia in patients on long-term hemodialysis,2014,-0.71948916,-0.9195924,1,"C1 · properties, water, mg",Halima Lebrazi,Laboratoire Biologie et Santé
art_00243,Association of Helicobacter pylori vacA polymorphisms with the risk of gastric precancerous lesions in a Moroccan population,2021,-0.26157063,-0.9510699,1,"C1 · properties, water, mg",Anass Kettani; Halima Lebrazi,Laboratoire Biologie et Santé
art_00244,Association of Tumor Necrosis Factor Receptor 1 Promoter Gene Polymorphisms (‐580 A/G and ‐609 G/T) and TNFR1 Serum Levels with the Susceptibility to Gastric Precancerous Lesions and Gastric Cancer Related to H. pylori Infection in a Moroccan Population,2020,0.1784905,0.14570014,4,"C4 · properties, synthesis, numerical",Halima Lebrazi,Laboratoire Biologie et Santé
art_00245,Association Study of HNF1A Polymorphisms with Metabolic Syndrome in the Moroccan Population,2018,-0.46215338,4.340683,6,"C6 · morocco, maroc, rabat",Rachid Saile,Laboratoire Biologie et Santé
art_00246,Associations of the -238(G/A) and -308(G/A) TNF-α Promoter Polymorphisms and TNF-α Serum Levels with the Susceptibility to Gastric Precancerous Lesions and Gastric Cancer Related to Helicobacter pylori Infection in a Moroccan Population,2020,0.4639597,-0.32920787,7,"C7 · phosphate, properties, po4",Anass Kettani; Halima Lebrazi,Laboratoire Biologie et Santé
art_00247,Asymptotic numerical method for finite plasticity,2022,1.9799608,-4.7514277,4,"C4 · properties, synthesis, numerical",Abdellah Hamdaoui,Laboratoire de Physique de la Matière Condensée
art_00248,Atmega328P-based X-ray Machine Exposure Time Measurement Device with an Android Interface,2020,-0.6955594,-1.9764787,3,"C3 · learning, data, detection",Omar Tanane,Laboratoire de Chimie Physique des Matériaux Appliqués
art_00249,Automated Grading Method of Python Code Submissions Using Large Language Models and Machine Learning,2025,-2.3676615,-3.2361393,3,"C3 · learning, data, detection",Khalid Kandali; Said Nouh,Technologie de l'Information et Modélisation
art_00250,Automatic Classification of Academic and Vocational Guidance Questions using Multiclass Neural Network,2019,-2.4768221,-3.1752152,3,"C3 · learning, data, detection",Omar Zahour,Technologie de l'Information et Modélisation
art_00251,Automatic Speech Recognition Features Extraction Techniques: A Multi-criteria Comparison,2021,-1.2678741,-3.4609087,3,"C3 · learning, data, detection",Abdessamad Belangour,Laboratoire d’Intelligence Artificielle et Systèmes
art_00252,"Avocado seed as a natural coagulant for removing dyes and turbidity from wastewater: Behnken Box design, sustainable reuse, and economic evaluation",2024,1.1606948,-1.742915,4,"C4 · properties, synthesis, numerical",Asmaa Benbiyi,Laboratoire de Chimie Physique des Matériaux Appliqués
art_00253,"Bajocian–Bathonian dinoflagellate cyst assemblages from the Middle Atlas, Morocco: Palynostratigraphic and paleoenvironmental implications",2023,-0.5911385,1.8155525,0,"C0 · morocco, atlas, basin",Mostafa Oukassou,"Géosciences, Géomatique et Environnement"
art_00254,"Balanced Scoreboard, the Performance Tool in Higher Education: Establishment of Performance Indicators",2014,-1.6689161,-2.327385,3,"C3 · learning, data, detection",Omar Tanane,Laboratoire de Chimie Physique des Matériaux Appliqués
art_00255,Barriers to Information Technology Adoption Within Small and Medium Enterprises: A Systematic Literature Review,2019,-1.1541001,-2.8332055,3,"C3 · learning, data, detection",Mohamed Talea,Laboratoire de Traitement de l'Information
art_00256,"Behavior of As, Cd, Co, Cr, Cu, Pb, Ni, and Zn at the soil/plant interface around an uncontrolled landfill (Casablanca, Morocco)",2018,-0.41002232,-2.5222175,7,"C7 · phosphate, properties, po4",Wadi Badri,Laboratoire d'Ecologie et d'Environnement
art_00257,"Benthic foraminiferal assemblages across the Tortonian/Messinian transition in the Saïs Basin, northern Morocco",2026,-0.17404172,4.7019386,6,"C6 · morocco, maroc, rabat",Nadia Barhoun,"Géosciences, Géomatique et Environnement"
art_00258,Bert for Question Answering applied on Covid-19,2022,-2.4511566,-3.5950599,2,"C2 · model, control, data",Elhabib Benlahmar,Technologie de l'Information et Modélisation
art_00259,Best Approximation Results in Various Frameworks,2019,-0.035303243,-6.0288315,2,"C2 · model, control, data",Abdelhafid Bassou,"Laboratoire d'Analyse, Modélisation et Simulation"
art_00260,Best Proximity Point for Generalized and S -Geraphty Contractions,2021,-0.04983349,-5.9455085,3,"C3 · learning, data, detection",Abdelhafid Bassou,"Laboratoire d'Analyse, Modélisation et Simulation"
art_00261,Best proximity points for tricyclic contractions,2017,0.023316061,-6.0343695,2,"C2 · model, control, data",Abdelhafid Bassou,"Laboratoire d'Analyse, Modélisation et Simulation"
art_00262,Best proximity points for tricyclic contractions in a (S) convex metric spaces,2018,-1.4345449,0.50996935,7,"C7 · phosphate, properties, po4",Abdelhafid Bassou,"Laboratoire d'Analyse, Modélisation et Simulation"
art_00263,Bidirectional gated recurrent unit for improving classification in credit card fraud detection,2021,-2.4125652,-3.9375906,3,"C3 · learning, data, detection",Faouzia Benabbou; Nawal Sael,Laboratoire d’Intelligence Artificielle et Systèmes
art_00264,Bifurcation and stability of a dynamical system with threshold prey harvesting,2021,0.95355415,-4.377523,2,"C2 · model, control, data",Imane Agmour,"Laboratoire d'Analyse, Modélisation et Simulation"
art_00265,Bifurcation indicator for geometrically nonlinear elasticity using the Method of Fundamental Solutions,2019,1.7127454,-4.445731,2,"C2 · model, control, data",Bouazza Braikat,Laboratoire de Physique de la Matière Condensée
art_00266,Bifurcation points and bifurcated branches in fluids mechanics by high‐order mesh‐free geometric progression algorithms,2020,1.6175479,-3.8823323,2,"C2 · model, control, data",Bouazza Braikat,Laboratoire de Physique de la Matière Condensée
art_00267,Bioactives properties of extracts from moroccan oil shale,2002,1.7936991,-1.2643517,1,"C1 · properties, water, mg",Abdelmjid Abourriche,Laboratoire Biologie et Santé
art_00268,Biocomposite Based on Collagen/Calcium Salts Extraction from Sardine Scales,2018,1.8450937,-1.1008433,1,"C1 · properties, water, mg",Abdelmjid Abourriche; Soumia Belouafa,Laboratoire Biologie et Santé
art_00269,Bioeconomic-Epidemiological Model of Scomber colias Population in the Moroccan Coasts,2021,0.6871303,-4.5440545,2,"C2 · model, control, data",Imane Agmour,"Laboratoire d'Analyse, Modélisation et Simulation"
art_00270,Bioeconomic model of zooplankton–phytoplankton in the central area of Morocco,2019,-0.23271012,4.593647,6,"C6 · morocco, maroc, rabat",Imane Agmour,"Laboratoire d'Analyse, Modélisation et Simulation"
art_00271,Biomass and nutrient content of a semi-arid mountain ecosystem: the Juniperus thurifera L. woodland of Azzaden Valley (Morocco),2002,-0.7208303,3.633069,0,"C0 · morocco, atlas, basin",Wadi Badri,Laboratoire d'Ecologie et d'Environnement
art_00272,Biomaterial from argan shells: Size effect on thermal conductivity,2019,2.805627,-1.67619,1,"C1 · properties, water, mg",Soumia Mordane,Laboratoire d’Ingénierie et de Matériaux
art_00273,Biomedical applications of calcium phosphates ceramics,2017,2.9836097,-0.51866746,7,"C7 · phosphate, properties, po4",Soumia Belouafa,Laboratoire Biologie et Santé
art_00274,Biostratigraphic and Environmental Events Recorded in the Moroccan Atlantic and Mediterranean Basins During the Pliocene,2025,-0.21539351,2.540387,7,"C7 · phosphate, properties, po4",Nadia Barhoun; Rachid Essamoud,"Géosciences, Géomatique et Environnement"
art_00275,"Biostratigraphy, palaeoenvironments and palaeogeography of the Cretaceous–Paleogene succession in the Oudiksou Basin, Central Middle Atlas of Morocco",2025,-0.094021,4.773142,6,"C6 · morocco, maroc, rabat",Mostafa Oukassou,"Géosciences, Géomatique et Environnement"
art_00276,"Biosynthesis, characterization and antimicrobial activity of copper oxide nanoparticles (CONPs) produced using brown alga extract (Bifurcaria bifurcata)",2013,2.1270106,1.6313214,1,"C1 · properties, water, mg",Omar Tanane,Laboratoire de Chimie Physique des Matériaux Appliqués
art_00277,Biphasic Calcium Phosphate Derived from a Sardine By-Product,2017,0.5280638,-0.54991406,1,"C1 · properties, water, mg",Soumia Belouafa,Laboratoire Biologie et Santé
art_00278,Bipolar Complex Neutrosophic Sets and Its Application in Decision Making Problem,2018,-0.5959674,-5.5312276,4,"C4 · properties, synthesis, numerical",Mohamed Talea,Laboratoire de Traitement de l'Information
art_00279,Bipolar Neutrosophic Minimum Spanning Tree,2018,-0.7306335,-5.3278275,2,"C2 · model, control, data",Mohamed Talea,Laboratoire de Traitement de l'Information
art_00280,"Bird-like tracks from the imilchil formation (Middle jurassic, bajocian-bathonian) of the central high atlas, Morocco, in comparison with similar mesozoic tridactylous ichnotaxa",2017,-0.027514044,2.0033288,0,"C0 · morocco, atlas, basin",Mostafa Oukassou,"Géosciences, Géomatique et Environnement"
art_00281,Blockchain-based electronic voting systems: A case study in Morocco,2024,-1.8294626,-2.2422516,3,"C3 · learning, data, detection",Tarik Chafiq,Laboratoire de Traitement de l'Information
art_00282,Blockchain & Multi-Agent System: A New Promising Approach for Cloud Data Integrity Auditing with Deduplication,2019,-2.8240364,-2.7495837,2,"C2 · model, control, data",Mohamed Ghazouani,Technologie de l'Information et Modélisation
art_00283,Blockchain & Multi-Agent System: A New Promising Approach for Cloud Data Integrity Auditing with Deduplication,2022,-2.8794987,-2.7856705,2,"C2 · model, control, data",Mohamed Ghazouani,Technologie de l'Information et Modélisation
art_00284,Breaking process of composite membranes used in desalination phenomenon,2022,1.770179,-2.1304367,1,"C1 · properties, water, mg",Rachida Moultif,Laboratoire de Physique de la Matière Condensée
art_00285,Breast Cancer Prediction and Diagnosis through a New Approach based on Majority Voting Ensemble Classifier,2021,-2.3950982,-4.1836705,2,"C2 · model, control, data",Elhabib Benlahmar,Technologie de l'Information et Modélisation
art_00286,"Breast Cancer With Relevance for Heavy Metals, Mycotoxines, and Pesticides",2019,0.6344572,-0.4494187,1,"C1 · properties, water, mg",Loubna Benidire,Laboratoire d'Ecologie et d'Environnement
art_00287,"Breast Cancer With Relevance for Heavy Metals, Mycotoxines, and Pesticides",2022,0.6107631,-0.53084034,1,"C1 · properties, water, mg",Loubna Benidire,Laboratoire d'Ecologie et d'Environnement
art_00288,"Breathing new life nanomedicines for pulmonary drug delivery: targeting approaches, experimental models, and regulatory aspects",2025,0.7432963,-1.058685,1,"C1 · properties, water, mg",Fouad Damiri,Laboratoire Biologie et Santé
art_00289,Brown Seaweed Bifurcaria bifurcata: Bioguided Fractionation of Extracts by Antibacterial Activity and Cytotoxicity Test,2014,1.9151502,1.2980852,1,"C1 · properties, water, mg",Abdelmjid Abourriche,Laboratoire Biologie et Santé
art_00290,Calcul fonctionnel holomorphe dans les algèbres p-Banach quotients,2004,0.19159211,-5.0615788,2,"C2 · model, control, data",Bouchra Aharmim,"Laboratoire d'Analyse, Modélisation et Simulation"
art_00291,Calculation of the ionization cross section of the proton impact on the RNA uracil base,2025,2.6770284,-2.6794457,2,"C2 · model, control, data",Abdenbi Khouaja,Laboratoire de Physique de la Matière Condensée
art_00292,Cameroonian medicinal plants as potential candidates of SARS-CoV-2 inhibitors,2021,-2.0913377,1.1863581,7,"C7 · phosphate, properties, po4",Samir Chtita,Laboratoire de Chimie Analytique et Moléculaire
art_00293,"Camphor, Artemisinin and Sumac Phytochemicals as inhibitors against COVID-19: Computational approach",2021,1.5408515,0.64625,1,"C1 · properties, water, mg",Samir Chtita,Laboratoire de Chimie Analytique et Moléculaire
art_00294,Cancer du sein chez la femme jeune de moins de 40 ans (Etude comparative avec la femme âgée) - Expérience du centre Mohammed VI de Casablanca pour le traitement des cancers,2023,-0.41607267,-1.5636208,4,"C4 · properties, synthesis, numerical",Driss Radallah,Laboratoire Biologie et Santé
art_00295,Cancer du sein et ses facteurs de risque (étude cas-témoin),2016,-1.0750781,-0.54738057,2,"C2 · model, control, data",Driss Radallah,Laboratoire Biologie et Santé
art_00296,Caractérisation microbiologique et moléculaire des candidoses vaginales résistantes aux antifongiques azoles,2016,1.8689005,1.2027053,4,"C4 · properties, synthesis, numerical",Rachid Saile,Laboratoire Biologie et Santé
art_00297,Carcinome neuroendocrine à petites cellules de la vessie : à propos de cinq cas,2016,-1.1175377,-0.22480385,7,"C7 · phosphate, properties, po4",Amal Elhamsaselyoubi,Laboratoire Biologie et Santé
art_00298,Caristi-Type Fixed Point Theorem over Száz Principle in Quasi-Metric Space with a Graph,2019,-0.181842,-5.8777227,2,"C2 · model, control, data",Abderrahim Eladraoui,"Laboratoire d'Analyse, Modélisation et Simulation"
art_00299,Caristi’s Fixed Point Theorem and Ekeland’s Variational Principle for Set Valued Mapping using the LZ-functions,2017,0.36172685,-5.2213125,2,"C2 · model, control, data",Omar Zakary,"Laboratoire d'Analyse, Modélisation et Simulation"
art_00300,Carrying capacity influence on the incomes of seiners exploiting marine species in the Atlantic coast of Morocco,2018,1.1624327,-3.3364997,2,"C2 · model, control, data",Imane Agmour,"Laboratoire d'Analyse, Modélisation et Simulation"
art_00301,"Casablanca Smart City Project: Urbanization, Urban Growth, and Sprawl Challenges Using Remote Sensing and Spatial Analysis",2021,-0.7610144,0.225394,7,"C7 · phosphate, properties, po4",Mohammed Aitdaoud,Laboratoire d’Intelligence Artificielle et Systèmes
art_00302,"Catalyst-free synthesis of imidazo[5,1-b]quinazolines and their antimicrobial activity",2023,2.0691805,1.5149094,4,"C4 · properties, synthesis, numerical",Fouad Damiri,Laboratoire Biologie et Santé
art_00303,CCDC 2142906: Experimental Crystal Structure Determination,2022,4.4989266,-1.7344519,5,"C5 · molecular, corrosion, experimental",Mohamed Moumou,Laboratoire de Chimie Analytique et Moléculaire
art_00304,CCDC 2538121: Experimental Crystal Structure Determination,2026,4.4931173,-1.7357471,5,"C5 · molecular, corrosion, experimental",Mohamed Moumou,Laboratoire de Chimie Analytique et Moléculaire
art_00305,"Cellulose nanocrystals from Miscanthus fibers: insights into rheological, physico-chemical properties and polymer reinforcing ability",2018,2.5302196,-1.3650141,4,"C4 · properties, synthesis, numerical",Said Gmouh,Laboratoire d’Ingénierie et de Matériaux
art_00306,Cellulose triacetate microparticles via electrospraying and their antibacterial applications,2026,2.0840516,1.5122355,4,"C4 · properties, synthesis, numerical",Siham Slassi,Laboratoire d’Ingénierie et de Matériaux
art_00307,Central Composite Design and Optimization by Response Analysis of β-Tricalcium Phosphate Elaboration,2006,2.9331782,-1.4417702,2,"C2 · model, control, data",Soumia Belouafa,Laboratoire Biologie et Santé
art_00308,CFD SIMULATION IN HOLLOW FIBER AND TUBULAR MEMBRANES,2021,2.8629386,-0.5109397,4,"C4 · properties, synthesis, numerical",Rachida Moultif,Laboratoire de Physique de la Matière Condensée
art_00309,Challenges and Benefits of Deploying Big Data Storage Solution,2019,-1.5441841,-3.3416636,3,"C3 · learning, data, detection",Abdessamad Belangour,Laboratoire d’Intelligence Artificielle et Systèmes
art_00310,Characterisation and Valorisation of the Moroccan Diatomite,2022,-0.11973709,1.8660302,0,"C0 · morocco, atlas, basin",Nadia Barhoun,"Géosciences, Géomatique et Environnement"
art_00311,Characterization of antiseptic apatite powders prepared at biomimetics temperature and pH,2008,3.3854911,-1.41837,1,"C1 · properties, water, mg",Soumia Belouafa,Laboratoire Biologie et Santé
art_00312,Characterization of natural degradation of historical Moroccan Jewish parchments by complementary spectroscopic techniques,2018,3.502431,-1.4943962,1,"C1 · properties, water, mg",Samia Yousfi,Laboratoire de Chimie Analytique et Moléculaire
art_00313,Characterization of phosphate-solubilizing rhizobia from Vicia faba in Morocco,2014,0.9701293,-0.32783696,1,"C1 · properties, water, mg",Loubna Benidire,Laboratoire d'Ecologie et d'Environnement
art_00314,Characterization of plant growth promoting rhizobacteria and their benefits on growth and phosphate nutrition of faba bean and wheat,2019,1.0609969,-0.30852145,1,"C1 · properties, water, mg",Loubna Benidire,Laboratoire d'Ecologie et d'Environnement
art_00315,Characterization of Protease Resistance-Associated Mutations in HIV Type 1 Drug-Naive Patients Following the Increasing Prevalence of the CRF02_AG Strain in Morocco,2011,-0.15187311,-0.13255139,4,"C4 · properties, synthesis, numerical",Anass Kettani,Laboratoire Biologie et Santé
art_00316,ChatID,2024,-2.1081505,-1.975919,3,"C3 · learning, data, detection",Mounir Sadiq,Technologie de l'Information et Modélisation
art_00317,Cheating Detection in Online Exams Using Transfer Learning,2025,-2.2284667,-3.7195797,3,"C3 · learning, data, detection",Sanaa Elfilali,Laboratoire d’Intelligence Artificielle et Systèmes
art_00318,"Chemical composition, antioxidant and antibacterial activities of the essential oils of Juniperus phoenicea, Juniperus thurifera and Juniperus oxycedrus",2019,2.1239753,1.6599742,1,"C1 · properties, water, mg",Wadi Badri,Laboratoire d'Ecologie et d'Environnement
art_00319,"Chemical preparation, crystal structure and vibrational study of a new dihydrogenotriphosphate trihydrate of 4-aminobenzoic acid fertilizer type NP",2018,2.9343548,-1.6331682,2,"C2 · model, control, data",Soufiane Zerraf,Laboratoire de Chimie Physique des Matériaux Appliqués
art_00320,"Chemical preparation, crystal structure and vibrational study of MnNa3P3O10.12H2O and X-ray characterization of the new anhydrous triphosphate MnNa3P3O10",2021,3.3331742,-1.8458247,2,"C2 · model, control, data",Soufiane Zerraf,Laboratoire de Chimie Physique des Matériaux Appliqués
art_00321,"Chemical preparation, thermal behavior and infrared studies of the new cyclotriphosphate tetrahydrate of manganese and distrontium, MnSr2(P3O9)2.4H2O",2019,2.1365285,-0.9348103,1,"C1 · properties, water, mg",Soufiane Zerraf,Laboratoire de Chimie Physique des Matériaux Appliqués
art_00322,"CHEMICAL PREPARATIONS, CRYSTAL DATA FOR MONOPHOSPHATES AND CONDENSED PHOSPHATES ASSOCIATED TO BARIUM AND IR STUDIES OF THEIR ANIONS.",2019,-0.7272687,1.2377878,7,"C7 · phosphate, properties, po4",Soufiane Zerraf,Laboratoire de Chimie Physique des Matériaux Appliqués
art_00323,Chitosan-Clay Based (CS-NaBNT) Biodegradable Nanocomposite Films for Potential Utility in Food and Environment,2018,2.0207598,-1.089759,1,"C1 · properties, water, mg",Abdelmjid Abourriche; Fouad Damiri,Laboratoire Biologie et Santé
art_00324,Chitosan Nanocomposites as Scaffolds for Bone Tissue Regeneration,2023,2.8316538,-0.8827837,4,"C4 · properties, synthesis, numerical",Fouad Damiri,Laboratoire Biologie et Santé
art_00325,Chromen Derivatives: A Detailed Experimental and Theoretical Investigation as Corrosion Inhibitors For Mild Steel in HCL 1M,2024,3.7154193,-2.5825815,5,"C5 · molecular, corrosion, experimental",Said Bakkali,Laboratoire de Chimie Physique des Matériaux Appliqués
art_00326,Citation Intent Classification via Exponential Borda Fusion and SciBERT,2026,-1.915261,-2.8060274,3,"C3 · learning, data, detection",Omar Zahour,Technologie de l'Information et Modélisation
art_00327,Classifying Figurative Styles in Arabic Using Advanced mT5 Pre-trained Models,2025,-2.6953118,-3.5751894,4,"C4 · properties, synthesis, numerical",Sanaa Elfilali,Laboratoire d’Intelligence Artificielle et Systèmes
art_00328,Climate and vegetation changes in the southwestern Mediterranean during the Plio-Pleistocene: Palynological and climatostratigraphic record of the Gulf of Hammamet (NE Tunisia),2026,1.0339223,-2.4435773,2,"C2 · model, control, data",Nadia Barhoun; Rachid Essamoud,"Géosciences, Géomatique et Environnement"
art_00329,"Closing the water loop on a Moroccan campus: application of a pilot-scale activated sludge system under semi-arid conditions (Casablanca, Morocco)",2026,-0.7150996,3.7653751,0,"C0 · morocco, atlas, basin",Abdelmottalib Nahli,Laboratoire d'Ecologie et d'Environnement
art_00330,Cloud Data Integrity Auditing and Deduplication Using an Optimized Method Based on Blockchain and MAS,2024,-2.5370421,-2.8140724,3,"C3 · learning, data, detection",Mohamed Ghazouani,Technologie de l'Information et Modélisation
art_00331,Cluster head selection algorithm in vehicular Ad Hoc networks,2015,-1.2007796,-4.4795604,2,"C2 · model, control, data",Elhabib Benlahmar,Technologie de l'Information et Modélisation
art_00332,Clustering in Vehicular Ad-Hoc Network Using Artificial Neural Network,2016,-1.2060103,-4.610889,3,"C3 · learning, data, detection",Elhabib Benlahmar,Technologie de l'Information et Modélisation
art_00333,"Co-seismic landslide mapping following the 2023 El Haouz earthquake using differential interferometric synthetic aperture radar and optical imagery (High Atlas, Morocco)",2025,-0.84803075,3.5925481,0,"C0 · morocco, atlas, basin",Allal Labriki,"Géosciences, Géomatique et Environnement"
art_00334,Coal occurrence related to sedimentary dynamics: three African examples,1991,-0.7067579,3.1234522,0,"C0 · morocco, atlas, basin",Rachid Essamoud,"Géosciences, Géomatique et Environnement"
art_00335,Collaborative Filtering Approach: A Review of Recent Research,2022,-1.8172636,0.49166358,7,"C7 · phosphate, properties, po4",Elhabib Benlahmar,Technologie de l'Information et Modélisation
art_00336,"Combined computational approaches for developing new anti-Alzheimer drug candidates: 3D-QSAR, molecular docking and molecular dynamics studies of liquiritigenin derivatives",2022,1.5534335,0.76716566,5,"C5 · molecular, corrosion, experimental",Samir Chtita,Laboratoire de Chimie Analytique et Moléculaire
art_00337,"Combined docking methods and molecular dynamics to identify effective antiviral 2, 5-diaminobenzophenonederivatives against SARS-CoV-2",2021,1.6420466,0.7319736,5,"C5 · molecular, corrosion, experimental",Samir Chtita,Laboratoire de Chimie Analytique et Moléculaire
art_00338,Combined molecular docking and dynamics simulations studies of natural compounds as potent inhibitors against SARS-CoV-2 main protease,2021,-2.0915604,1.1880168,7,"C7 · phosphate, properties, po4",Samir Chtita,Laboratoire de Chimie Analytique et Moléculaire
art_00339,Commercial Metaverse and the Customer,2023,-1.4025189,-1.7852523,2,"C2 · model, control, data",Mohamed Ghazouani,Technologie de l'Information et Modélisation
art_00340,Common Bacillus mitigate tomato verticillium wilt and bacterial specks when combined with an essential oil extract,2024,1.8972064,0.6923997,7,"C7 · phosphate, properties, po4",Wadi Badri,Laboratoire d'Ecologie et d'Environnement
art_00341,Common fixed point for some generalized contractive mappings in a modular metric space with a graph,2021,-0.2440174,-5.746635,2,"C2 · model, control, data",Abderrahim Eladraoui,"Laboratoire d'Analyse, Modélisation et Simulation"
art_00342,COMMON FIXED POINTS FOR WEAKLY COMPATIBLE MAPS IN SYMMETRIC SPACES WITH APPLICATION TO PROBABILISTIC SPACES,2005,-1.3297219,0.2728275,7,"C7 · phosphate, properties, po4",Abdelhafid Bassou,"Laboratoire d'Analyse, Modélisation et Simulation"
art_00343,Common Fixed Points of Mappings and Set-Valued Mappings in Symmetric Spaces with Application to Probabilistic Spaces,2007,0.043828424,-5.9090023,2,"C2 · model, control, data",Abdelhafid Bassou,"Laboratoire d'Analyse, Modélisation et Simulation"
art_00344,Comodal Education in a COVID-19 Pandemic Context,2023,-2.6563275,-1.9642017,2,"C2 · model, control, data",Mohamed Ghazouani,Technologie de l'Information et Modélisation
art_00345,Comparative Analysis of Different Excitation Techniques for Cylindrical Dielectric Resonator Antenna,2016,2.0323687,-3.2377508,2,"C2 · model, control, data",Abdellatif Slimani,Laboratoire de Traitement de l'Information
art_00346,"Comparative Analysis of Lineaments Extracted from Landsat ETM+ and ASTER Images, and ASTER GDEM: A Study Based on Visual Interpretations in Tichka Massif (Western High Atlas, Morocco)",2022,-1.0615801,2.935936,0,"C0 · morocco, atlas, basin",Soufiane Maimouni,"Géosciences, Géomatique et Environnement"
art_00347,Comparative electrocoagulation removal of methylene blue with iron and aluminum electrodes,2025,4.0144033,-0.54139715,4,"C4 · properties, synthesis, numerical",Omar Tanane,Laboratoire de Chimie Physique des Matériaux Appliqués
art_00348,Comparative study between automatic hint generation approaches in Intelligent Programming Tutors,2022,-1.3146037,-3.8116157,3,"C3 · learning, data, detection",Mounir Sadiq; Said Nouh,Technologie de l'Information et Modélisation
art_00349,"Comparative study of 1,2,3-triazole derivatives as corrosion inhibitors of mild steel in sulphuric acid solution",2019,3.6150677,-2.659502,5,"C5 · molecular, corrosion, experimental",Aziz Boutouil,Laboratoire de Chimie Physique des Matériaux Appliqués
art_00350,Comparative Study of Aggregates from Various Moroccan Regions Used to Produce Concrete for the Building Sector,2023,1.9653054,-1.7176572,4,"C4 · properties, synthesis, numerical",Mustapha Mouflih,"Géosciences, Géomatique et Environnement"
art_00351,Comparative Study of Boussinesq Wave Module and Potential Swell Theory in Calculating the Port Agitation: Case of Moroccan Atlantic Façade,2024,-0.26526994,3.5588675,0,"C0 · morocco, atlas, basin",Laila Mouakkir,Laboratoire d’Ingénierie et de Matériaux
art_00352,Comparative Study of Breast Cancer in Women Under 40 Compared to Older Women: The Experience of the Mohammed VI Center,2024,0.36402678,0.39138967,4,"C4 · properties, synthesis, numerical",Driss Radallah,Laboratoire Biologie et Santé
art_00353,Comparative Study of IoT Protocols,2018,-1.2972531,-4.2842383,2,"C2 · model, control, data",Nawal Sael,Laboratoire d’Intelligence Artificielle et Systèmes
art_00354,Comparative Study of Memory Architectures for Multiprocessor Systems-on-Chip (MPSoC),2021,-1.4149097,-5.030107,3,"C3 · learning, data, detection",Abdelhakim Alali,Laboratoire de Traitement de l'Information
art_00355,Comparative Study of Radiation Performance Between Two Ultra Wide Band Planar Patch Array Antennas for Weather Radar Applications in C-Band,2016,1.9320712,-2.991026,2,"C2 · model, control, data",Abdellatif Slimani,Laboratoire de Traitement de l'Information
art_00356,Comparative study of the radiation patterns of circular patch antenna by using the model approach of the resonant cavity for microwave band RFID reader,2017,1.1006573,-4.31989,2,"C2 · model, control, data",Abdellatif Slimani,Laboratoire de Traitement de l'Information
art_00357,Comparative study of the radiation performance between uniform and non-uniform excitation of linear patch antenna array for UWB radar applications,2015,1.7298003,-3.1739514,4,"C4 · properties, synthesis, numerical",Abdellatif Slimani,Laboratoire de Traitement de l'Information
art_00358,Comparative study on the properties of Al- and Ni-doped ZnO nanostructured thin films grown by SILAR technique: application to solar photocatalysis,2023,3.5133295,-0.47664368,4,"C4 · properties, synthesis, numerical",Othmane Daoudi,Laboratoire de Physique de la Matière Condensée
art_00359,Comparison between the MFCC and DWT applied to the roadway classification,2016,-2.1748326,-4.3689437,3,"C3 · learning, data, detection",Issam Atouf,Laboratoire de Traitement de l'Information
art_00360,Comparison of Adsorption of Dye Onto Low- Cost Adsorbents,2012,2.057896,-0.6127312,1,"C1 · properties, water, mg",Omar Tanane,Laboratoire de Chimie Physique des Matériaux Appliqués
art_00361,Comparison of MFCC and DWT features extractors applied to PCG classification,2016,-1.9243493,-4.5246606,2,"C2 · model, control, data",Issam Atouf,Laboratoire de Traitement de l'Information
art_00362,Complete characterization of Berrechid clays (Morocco) and manufacturing of new ceramic using minimal amounts of feldspars: Economic implication,2017,1.9526453,-1.5068011,1,"C1 · properties, water, mg",Chaouki Sadik,Laboratoire de Chimie Physique des Matériaux Appliqués
art_00363,Complex fermatean neutrosophic graph and application to decision making,2023,-1.8515742,-2.4748447,3,"C3 · learning, data, detection",Mohamed Talea,Laboratoire de Traitement de l'Information
art_00364,"[Complications, sequellae and outcome of cervical conizations: evaluation of three surgical technics].",2002,-0.13812467,-1.8276309,2,"C2 · model, control, data",Amal Elhamsaselyoubi,Laboratoire Biologie et Santé
art_00365,Composition and Ceramic Characteristics of Cretaceous Clays from Morocco,2014,2.2478895,-1.2896581,1,"C1 · properties, water, mg",Chaouki Sadik,Laboratoire de Chimie Physique des Matériaux Appliqués
art_00366,Composition and Refractory Properties of Mixtures of Moroccan Silica-Alumina Geomaterials and Alumina,2013,1.9234371,-1.1320667,1,"C1 · properties, water, mg",Chaouki Sadik,Laboratoire de Chimie Physique des Matériaux Appliqués
art_00367,Comprehensive evaluation of lignin extracted from Reseda luteola L. waste: corrosion inhibition performance for XC48 carbon steel and ecotoxicological effect,2025,0.6382725,-0.11772639,4,"C4 · properties, synthesis, numerical",Youssef Naimi; Nadia Iounes,Laboratoire de Traitement de l'Information
art_00368,"Comprehensive first-principles and AIMD study of alkali metal LiX3H8 (X = Fe, Cr) hydrides for hydrogen storage applications",2025,4.452587,-0.048575766,4,"C4 · properties, synthesis, numerical",Mohamed Idiri,Laboratoire de Physique de la Matière Condensée
art_00369,Comprehensive Review of Intrusion Detection Techniques: ML and DL in Different Networks,2025,-1.1630101,-2.9727662,3,"C3 · learning, data, detection",Issam Atouf,Laboratoire de Traitement de l'Information
art_00370,"Comprehensive review of the skin use of bakuchiol: physicochemical properties, sources, bioactivities, nanotechnology delivery systems, regulatory and toxicological concerns",2024,-1.56941,0.37456533,7,"C7 · phosphate, properties, po4",Fouad Damiri,Laboratoire Biologie et Santé
art_00371,Comprehensive stable isotope investigation of marine biogenic apatite from the late Cretaceous–early Eocene phosphate series of Morocco,2013,-0.16653593,4.6857076,6,"C6 · morocco, maroc, rabat",Mustapha Mouflih,"Géosciences, Géomatique et Environnement"
art_00372,Comprehensive study of the structural properties and dielectric responses of Ba (2-x) Sr (x) GdFeNb 4 O 15 materials,2024,2.9420352,-1.5918472,1,"C1 · properties, water, mg",Rhma Adhiri,Laboratoire d’Ingénierie et de Matériaux
art_00373,Comprehensive Study of the Structural Properties and Dielectric Responses of Ba(2-X)Sr(X)Gdfenb4o15 Materials,2023,3.4883618,-0.44749898,4,"C4 · properties, synthesis, numerical",Rhma Adhiri,Laboratoire d’Ingénierie et de Matériaux
art_00374,Computation of Nonlinear Free-Surface Flows Using the Method of Fundamental Solutions,2018,1.5937622,-4.343684,4,"C4 · properties, synthesis, numerical",Soumia Mordane,Laboratoire d’Ingénierie et de Matériaux
art_00375,Computation of shortest path problem in a network with SV-trapezoidal neutrosophic numbers,2016,-0.54968476,-5.695765,2,"C2 · model, control, data",Mohamed Talea,Laboratoire de Traitement de l'Information
art_00376,Computation Of Shortest Path Problem In A Network With Sv-Triangular Neutrosophic Numbers,2017,-0.5088418,-5.7515645,2,"C2 · model, control, data",Mohamed Talea,Laboratoire de Traitement de l'Information
art_00377,Computational Analysis of Missense Variants in the Human Transmembrane Protease Serine 2 (TMPRSS2) and SARS‐CoV‐2,2021,-0.19854124,-0.8555312,2,"C2 · model, control, data",Anass Kettani,Laboratoire Biologie et Santé
art_00378,Computational analysis of missense variants of human MC4R and childhood obesity,2023,-0.1646614,-0.83718836,1,"C1 · properties, water, mg",Anass Kettani,Laboratoire Biologie et Santé
art_00379,"Computational analysis of X2MgTiH6 (X =Li, Na, and K) double perovskite hydride materials for hydrogen storage applications",2025,4.4807625,-0.020927766,4,"C4 · properties, synthesis, numerical",Samir Chtita,Laboratoire de Chimie Analytique et Moléculaire
art_00380,"Computational assessment of MgXH 3 (X = Al, Sc and Zr) hydrides materials for hydrogen storage applications",2024,4.437549,-0.06819917,4,"C4 · properties, synthesis, numerical",Mohamed Idiri,Laboratoire de Physique de la Matière Condensée
art_00381,Conception and optimisation of UWB microstrip array antennas for radar applications with ordinary end-fire beam steering characteristic,2016,2.174917,-3.7123184,5,"C5 · molecular, corrosion, experimental",Abdellatif Slimani,Laboratoire de Traitement de l'Information
art_00382,Conception and optimization of a bidirectional ultra wide band planar array antennas for C-band weather radar applications,2016,2.1486585,-3.779885,5,"C5 · molecular, corrosion, experimental",Abdellatif Slimani,Laboratoire de Traitement de l'Information
art_00383,Conception and optimization of patch array antenna for WiMAX applications using stubs and slots techniques matching,2015,0.24723883,-3.036212,3,"C3 · learning, data, detection",Abdellatif Slimani,Laboratoire de Traitement de l'Information
art_00384,Conception and Validation of a Tool of Creation and Management of the Evaluation of the Lessons and Formations of Students' Distance Learning: CG-EVAL-EFDE,2012,-1.9077213,-2.4229805,2,"C2 · model, control, data",Mounir Sadiq,Technologie de l'Information et Modélisation
art_00385,Conception et optimisation d’un nouveau réseau d’antennes ULB en technologie micro-ruban pour l’evaluation des changements climatiques,2015,-0.60652834,0.6376789,4,"C4 · properties, synthesis, numerical",Abdellatif Slimani,Laboratoire de Traitement de l'Information
art_00386,Conception et validation d’un outil informatisé pour l’évaluation des enseignements et des formations à distance par les étudiants : EVAL-EFDE,2011,-1.9090521,-2.3253536,2,"C2 · model, control, data",Mounir Sadiq,Technologie de l'Information et Modélisation
art_00387,Conceptual Model for Trust and Recommendation Systems,2018,-2.3816445,-2.2729983,2,"C2 · model, control, data",Abderrahmane Daif,Technologie de l'Information et Modélisation
art_00388,Considering mobile device constraints and context-awareness in adaptive mobile learning for flipped classroom,2018,-2.6092012,-1.698566,4,"C4 · properties, synthesis, numerical",Mohamed Talea,Laboratoire de Traitement de l'Information
art_00389,"Construction, characterization, properties and multifunctional applications of stimuli-responsive shape memory polymeric nanoarchitectures: a review",2023,2.532728,-1.2582557,1,"C1 · properties, water, mg",Fouad Damiri,Laboratoire Biologie et Santé
art_00390,CONSTRUCTIVE PROOF OF FIXED-POINT THEOREM FOR COMPLETE T-LATTICE,2017,0.03105838,-5.917033,4,"C4 · properties, synthesis, numerical",Said Benkaddour,"Laboratoire d'Analyse, Modélisation et Simulation"
art_00391,Context-based Word Definition Classification for Arabic: Leveraging Pre-trained Language Models,2025,-1.3834797,-2.5936515,3,"C3 · learning, data, detection",Omar Zahour; Sanaa Elfilali,Technologie de l'Information et Modélisation
art_00392,Continuum modeling for the modulated vibration modes of large repetitive structures,2002,1.9925644,-4.644744,2,"C2 · model, control, data",Bouazza Braikat,Laboratoire de Physique de la Matière Condensée
art_00393,Contrasting SHRIMP U–Pb zircon ages of two carbonatite complexes from the peri-cratonic terranes of the Reguibat Shield: Implications for the lateral extension of the West African Craton,2016,-0.67714995,2.6934383,0,"C0 · morocco, atlas, basin",Faouziya Haissen,"Géosciences, Géomatique et Environnement"
art_00394,"Contribution A La Caractérisation Physico-Chimique Des Effluents De La Cosumar (Casablanca, Maroc) En Vue De Leur Traitement Approprié",2018,1.9254961,-0.46010202,4,"C4 · properties, synthesis, numerical",Abdelmottalib Nahli,Laboratoire d'Ecologie et d'Environnement
art_00395,"Contribution of HVSR, MASW, and geotechnical investigations in seismic microzonation for safe urban extension: A case study in Ghabt Admin (Agadir), western Morocco",2023,-0.04237639,4.8345017,6,"C6 · morocco, maroc, rabat",Mostafa Oukassou,"Géosciences, Géomatique et Environnement"
art_00396,Contribution Title Blockchain Integration in Moroccan Banking: Opportunities and Challenges for Banque Populaire du Maroc,2026,-0.2928896,4.5442905,6,"C6 · morocco, maroc, rabat",Tarik Chafiq,Laboratoire de Traitement de l'Information
art_00397,Contribution to the Optimization of the Radiation Performance of Patch Array Antenna for WiMAX Applications,2015,2.6241174,-2.4541209,2,"C2 · model, control, data",Abdellatif Slimani,Laboratoire de Traitement de l'Information
art_00398,Control of a reaction-diffusion system: application on a SEIR epidemic mode,2021,0.49525392,-3.8729088,2,"C2 · model, control, data",Khalid Adnaoui,"Laboratoire d'Analyse, Modélisation et Simulation"
art_00399,Controlling electrocatalytic activity of low temperature electrodeposited ZnO thin films for ethanol electro-oxidation: Effect of Zn²⁺ concentration and Cu²⁺ impurities,2025,2.9699843,-1.7204119,4,"C4 · properties, synthesis, numerical",Youssef Naimi,Laboratoire de Traitement de l'Information
art_00400,Convergence acceleration by Padé approximants in the ANM algorithm for large strain elasto-plasticity,2022,1.9666804,-4.7895308,4,"C4 · properties, synthesis, numerical",Abdellah Hamdaoui,Laboratoire de Physique de la Matière Condensée
art_00401,Convolution algorithm for implementing 2D discrete wavelet transform on the FPGA,2016,-2.1617403,-5.7676334,2,"C2 · model, control, data",Abdelmoghit Zaarane,Laboratoire de Traitement de l'Information
art_00402,"Copper Mineralization in the Lower Cambrian Cover of Jbel N’Zourk (Central Anti Atlas, Morocco): Tectonic-Mineralizations Relationships",2023,-0.768414,2.6276543,0,"C0 · morocco, atlas, basin",Faouziya Haissen,"Géosciences, Géomatique et Environnement"
art_00403,Cordierite-based refractory ceramics from natural halloysite and peridotite: Insights on technological properties,2022,2.6266904,-0.8465906,7,"C7 · phosphate, properties, po4",Chaouki Sadik,Laboratoire de Chimie Physique des Matériaux Appliqués
art_00404,Correction to: Numerical Modelling of the Impact of Dredging on Stability of Oum Rabiâ Estuary (Morocco) Using SWAN Model,2022,1.2799644,-2.9773216,4,"C4 · properties, synthesis, numerical",Laila Mouakkir,Laboratoire d’Ingénierie et de Matériaux
art_00405,"Correction to: Systematic Review of Physical, Chemical, and Biological Approaches for Exosome Isolation Towards Optimizing Methods in Clinical Diagnostics",2025,-0.39575413,0.17453179,7,"C7 · phosphate, properties, po4",Abdelmjid Abourriche,Laboratoire Biologie et Santé
art_00406,"Correlation between crystallinity index, skin depth, and optical phonon vibration for enhancing Ni2⁺ removal using AC/CaCO3–clay composite",2025,3.0491893,-0.52525914,4,"C4 · properties, synthesis, numerical",Abdelilah Akouibaa,Laboratoire d’Ingénierie et de Matériaux
art_00407,"Correlation of structural-optical properties of Cu-, Co-, and Ni-doped ZnO/Alum and their role in photocatalytic activity and stability",2025,2.7259433,-0.6110811,7,"C7 · phosphate, properties, po4",Abdelilah Akouibaa,Laboratoire d’Ingénierie et de Matériaux
art_00408,Correlation of the Cytotoxic and Antioxidant Activities of Moroccan Pomegranate (Punica Granatum) with Phenolic and Flavonoid Contents,2016,1.5573533,0.436862,4,"C4 · properties, synthesis, numerical",Abdelmjid Abourriche,Laboratoire Biologie et Santé
art_00409,Correlation of the inhibitory effects of benzimidazole derivatives on mild steel corrosion with DFT and MD simulations,2026,3.770595,-2.7144613,5,"C5 · molecular, corrosion, experimental",Aziz Boutouil; Younes Abboud,Laboratoire de Chimie Physique des Matériaux Appliqués
art_00410,Corrigendum to “Study of the acute and subacute toxicity of alkaloids from Tetraena gaetula” [J. Ethnopharmacol. 368 (2026) 121808],2026,0.61346173,0.80348843,2,"C2 · model, control, data",Amal Elhamsaselyoubi; Driss Radallah,Laboratoire Biologie et Santé
art_00411,Corrosion inhibition effect of expired ibuprofen drug on copper in sulfuric acid solution,2023,3.4497814,-2.5353677,2,"C2 · model, control, data",Youssef Naimi,Laboratoire de Traitement de l'Information
art_00412,CORROSION INHIBITION OF CARBON STEEL IN ACIDIC MEDIA BYBIFURCARIA BIFURCATAEXTRACT,2009,3.673632,-2.3904095,1,"C1 · properties, water, mg",Omar Tanane,Laboratoire de Chimie Physique des Matériaux Appliqués
art_00413,Corrosion inhibition of carbon steel in hydrochloric acid solution using pomegranate leave extracts,2015,3.5441668,-2.5285938,5,"C5 · molecular, corrosion, experimental",Omar Tanane,Laboratoire de Chimie Physique des Matériaux Appliqués
art_00414,"Corrosion inhibition performance of a structurally well-defined 1,2,3-triazole derivative on mild steel-hydrochloric acid interface",2021,4.1256943,-3.1471844,5,"C5 · molecular, corrosion, experimental",Aziz Boutouil,Laboratoire de Chimie Physique des Matériaux Appliqués
art_00415,Cosimulation of Power and Temperature Models at the SystemC/TLM for a Soft‐Core Processor,2020,0.22937064,-3.6290343,2,"C2 · model, control, data",Abdelhakim Alali,Laboratoire de Traitement de l'Information
art_00416,Coupled electrical–thermal modeling of photovoltaic modules: An overview,2024,-1.8730527,0.49174497,7,"C7 · phosphate, properties, po4",Rhma Adhiri,Laboratoire d’Ingénierie et de Matériaux
art_00417,Credibility Assessment for Arabic News on the Gaza War: A Hybrid Neural-Symbolic Pipeline,2026,-2.090073,-3.1173475,2,"C2 · model, control, data",Omar Zahour,Technologie de l'Information et Modélisation
art_00418,Criblage pharmacologique primaire d’une plante endémique originaire du Sud Marocain (Tetraena gaetula [Emb. & Maire] Beier & Thulin),2010,1.0046929,0.27250296,1,"C1 · properties, water, mg",Amal Elhamsaselyoubi,Laboratoire Biologie et Santé
art_00419,Criteria to Design Green Enzymatic Processes in Ionic Liquid/Supercritical Carbon Dioxide Systems,2004,3.9631789,-1.3141445,4,"C4 · properties, synthesis, numerical",Said Gmouh,Laboratoire d’Ingénierie et de Matériaux
art_00420,"Crocodylomorph, turtle and mammal tracks in dinosaur-dominated Middle–?Upper Jurassic and mid-Cretaceous ichnoassemblages of Morocco",2018,-0.16750728,2.0030763,0,"C0 · morocco, atlas, basin",Mostafa Oukassou,"Géosciences, Géomatique et Environnement"
art_00421,Cross-linked chitosan-argan nutshell bio-composite beads: Optimization using Box-Behnken design and adsorption mechanism for Pb (II) and Cd (II) removal,2025,2.2057664,-0.854605,1,"C1 · properties, water, mg",Samia Yousfi,Laboratoire de Chimie Analytique et Moléculaire
art_00422,Cross-platform mobile development approaches,2014,-1.3402625,-2.818944,3,"C3 · learning, data, detection",Elhabib Benlahmar,Technologie de l'Information et Modélisation
art_00423,"Cross-Section Measurements of (n,p) and (n,np + pn + d) Reactions for Some Titanium, Chromium, Iron, Cobalt, Nickel, and Zinc Isotopes around 14 MeV",1991,1.8076394,-3.545615,5,"C5 · molecular, corrosion, experimental",Mohammed Berrada,Laboratoire Biologie et Santé
art_00424,Cross-sectional study of major modifiable cardiovascular disease risk factors among adults in Morocco,2025,-0.92492616,-0.9359733,1,"C1 · properties, water, mg",Karima Mohtadi,Laboratoire Biologie et Santé
art_00425,"Cross sections, stopping power and Bragg peak range calculation of proton collisions with the DNA base adenine",2019,2.603354,-2.8089583,5,"C5 · molecular, corrosion, experimental",Abdenbi Khouaja,Laboratoire de Physique de la Matière Condensée
art_00426,Crystal growth and structure of a new langbeinite-type phosphate: Pb2CoFe(PO4)3,2022,3.2569878,0.036164742,7,"C7 · phosphate, properties, po4",Fouad Alloun,Laboratoire de Chimie Physique des Matériaux Appliqués
art_00427,CSD 2235020: Experimental Crystal Structure Determination,2023,4.5275755,-1.7259343,5,"C5 · molecular, corrosion, experimental",Fouad Alloun,Laboratoire de Chimie Physique des Matériaux Appliqués
art_00428,CSD 2238538: Experimental Crystal Structure Determination,2023,4.5333905,-1.7413087,5,"C5 · molecular, corrosion, experimental",Fouad Alloun,Laboratoire de Chimie Physique des Matériaux Appliqués
art_00429,CSD 2302900: Experimental Crystal Structure Determination,2024,4.5039854,-1.7104406,5,"C5 · molecular, corrosion, experimental",Fouad Alloun,Laboratoire de Chimie Physique des Matériaux Appliqués
art_00430,Current Cardiovascular Risk Factors Estimate in a Representative Population of Casablanca,2018,-0.3169886,4.535018,6,"C6 · morocco, maroc, rabat",Karima Mohtadi,Laboratoire Biologie et Santé
art_00431,Current Risk Factors of Ischemic Cardiovascular Diseases Estimated in a Representative Population of Casablanca,2018,-1.02776,-0.9522247,1,"C1 · properties, water, mg",Halima Lebrazi; Karima Mohtadi,Laboratoire Biologie et Santé
art_00432,Customer Sentiment Analysis in Hotel Reviews Through Natural Language Processing Techniques,2023,-2.3466036,-3.3974128,3,"C3 · learning, data, detection",Abderrahmane Daif,Technologie de l'Information et Modélisation
art_00433,"Cycle hydrologique et biogéochimique et influence du couvert sur la strate herbacée dans un peuplement à Génévrier thurifère (Juniperus thurifera L,) du Haut Atlas de Marrakech (Maroc)",1990,-0.69810563,3.6563199,0,"C0 · morocco, atlas, basin",Wadi Badri,Laboratoire d'Ecologie et d'Environnement
art_00434,"Cyclohexane-1,3-dione Derivatives as Future Therapeutic Agents for NSCLC: QSAR Modeling, In Silico ADME-Tox Properties, and Structure-Based Drug Designing Approach",2023,4.259449,-2.5814533,5,"C5 · molecular, corrosion, experimental",Samir Chtita,Laboratoire de Chimie Analytique et Moléculaire
art_00435,"Cynthichlorine Extracted from Ascidian Cynthia savignyi from Djibouti: Optimization of Extraction, In Vitro Anticancer Profiling, and In Silico Approach",2025,1.4525329,0.7527489,1,"C1 · properties, water, mg",Abdelmjid Abourriche,Laboratoire Biologie et Santé
art_00436,Cytotoxic Effect and Chemical Composition of Inula viscosa from Three Different Regions of Morocco,2016,1.1309108,0.5510668,2,"C2 · model, control, data",Said Gmouh,Laboratoire d’Ingénierie et de Matériaux
art_00437,Data of infrared vibration spectroscopy of cyclotriphosphates,2019,-0.106479555,-2.9496188,2,"C2 · model, control, data",Soufiane Zerraf,Laboratoire de Chimie Physique des Matériaux Appliqués
art_00438,"Data on lithofacies, sedimentology and palaeontology of South Rifian Corridor sections (Morocco)",2018,-0.34128153,2.0985887,0,"C0 · morocco, atlas, basin",Nadia Barhoun,"Géosciences, Géomatique et Environnement"
art_00439,Date Palm Waste Extract as Corrosion Inhibitor for 304 Stainless Steel in 1 M HCl Solution,2018,3.363945,-2.4935699,2,"C2 · model, control, data",Omar Tanane,Laboratoire de Chimie Physique des Matériaux Appliqués
art_00440,"Dates Sector in Morocco: Current Situation, Innovations, and Future Challenges",2025,-1.1037387,0.5577326,7,"C7 · phosphate, properties, po4",Soumia Belouafa,Laboratoire Biologie et Santé
art_00441,"Decision Support Tool for Dynamic Inventory Management using Machine Learning, Time Series and Combinatorial Optimization",2022,-2.262519,-2.782523,3,"C3 · learning, data, detection",Elhabib Benlahmar,Technologie de l'Information et Modélisation
art_00442,"Decision tree machine learning algorithm for pegmatites mapping using remote sensing data (Anti-Atlas, Morocco)",2025,-1.0879841,3.0752766,0,"C0 · morocco, atlas, basin",Soufiane Maimouni,"Géosciences, Géomatique et Environnement"
art_00443,Decoding of Block Codes by using Genetic Algorithms and Permutations Set,2022,-0.7715031,-4.789597,2,"C2 · model, control, data",Said Nouh,Technologie de l'Information et Modélisation
art_00444,Decompression reactions and P–T conditions in high-pressure granulites from Casares-Los Reales units of the Betic-Rif belt (S Spain and N Morocco),2004,-0.93437696,2.9500873,0,"C0 · morocco, atlas, basin",Faouziya Haissen,"Géosciences, Géomatique et Environnement"
art_00445,Deep Learning based Neck Models for Object Detection: A Review and a Benchmarking Study,2021,-1.3460225,-3.3945014,3,"C3 · learning, data, detection",Abdessamad Belangour,Laboratoire d’Intelligence Artificielle et Systèmes
art_00446,Deep learning-driven CNN model for detection and classification of dynamic obstacles,2025,-2.2848723,-3.899563,3,"C3 · learning, data, detection",Nawal Sael,Laboratoire d’Intelligence Artificielle et Systèmes
art_00447,Deep Learning for Plant Disease Detection: A Novel Convolutional Neural Network Approach Using the new dataset HealthySick Plants,2025,-2.2095482,-3.233442,3,"C3 · learning, data, detection",Sanaa Elfilali,Laboratoire d’Intelligence Artificielle et Systèmes
art_00448,Degeneration vs Classical of simulated annealing algorithm: performance analysis,2022,-0.71017784,-4.882722,2,"C2 · model, control, data",Said Nouh,Technologie de l'Information et Modélisation
art_00449,Degradation Process and Energy Storage in Lithium-Ion Batteries,2025,4.3672824,-0.1612254,4,"C4 · properties, synthesis, numerical",Rachida Moultif,Laboratoire de Physique de la Matière Condensée
art_00450,Design and Characteristic Study of New Array Geometry Antennas for [4–8] GHz Frequency Band Radar Purpose,2019,2.1712239,-3.7894151,5,"C5 · molecular, corrosion, experimental",Abdellatif Slimani,Laboratoire de Traitement de l'Information
art_00451,Design and Evaluation of a Ubiquitous Learning Game for Adolescent E-Cigarette Addiction Prevention,2026,-2.0410938,-1.68297,3,"C3 · learning, data, detection",Khalid Kandali,Technologie de l'Information et Modélisation
art_00452,Design and Functional Evaluation of a Custom RISC-V Convolution Instruction Using the Spike Simulator,2026,-1.2761748,-4.9106703,2,"C2 · model, control, data",Abdelhakim Alali,Laboratoire de Traitement de l'Information
art_00453,Design and Implementation of a Comprehensive Information Security Risk Management Tool based on Multi-agents Systems,2017,-2.4690542,-2.788213,3,"C3 · learning, data, detection",Mohamed Ghazouani,Technologie de l'Information et Modélisation
art_00454,Design and Implementation of a Risk Management Tool: A Case Study of the Moodle Platform,2018,-2.4579885,-2.084217,2,"C2 · model, control, data",Mohamed Ghazouani,Technologie de l'Information et Modélisation
art_00455,Design and Modeling of a Power Amplifier in the UHF Band for an RFID Reader,2025,2.0131166,-3.4542987,5,"C5 · molecular, corrosion, experimental",Abdellatif Slimani,Laboratoire de Traitement de l'Information
art_00456,Design and Simulation of a Flexible UWB MIMO Antenna for mm‐Wave IoT Applications: Performance and SAR Evaluation,2025,1.8995839,-3.251065,3,"C3 · learning, data, detection",Mohamed Idiri,Laboratoire de Physique de la Matière Condensée
art_00457,Design of a multi-epitope Zika virus vaccine candidate – an in-silico study,2022,-2.100508,1.1944064,7,"C7 · phosphate, properties, po4",Anass Kettani,Laboratoire Biologie et Santé
art_00458,"Design of a new potent Alzheimer's disease inhibitor based on QSAR, molecular docking and molecular dynamics investigations",2023,4.2407603,-2.5696368,5,"C5 · molecular, corrosion, experimental",Samir Chtita,Laboratoire de Chimie Analytique et Moléculaire
art_00459,Design of Automatic Watering System Based on Arduino,2020,-0.40319476,-2.2354472,1,"C1 · properties, water, mg",Omar Tanane,Laboratoire de Chimie Physique des Matériaux Appliqués
art_00460,Design of Laboratory Scale Fluid Level Measurement Device Based on Arduino,2020,-0.31737137,-2.2489126,3,"C3 · learning, data, detection",Omar Tanane,Laboratoire de Chimie Physique des Matériaux Appliqués
art_00461,"Design of novel benzimidazole derivatives as potential α-amylase inhibitors using QSAR, pharmacokinetics, molecular docking, and molecular dynamics simulation studies",2022,4.3703837,-2.9782178,5,"C5 · molecular, corrosion, experimental",Samir Chtita,Laboratoire de Chimie Analytique et Moléculaire
art_00462,Design of Ultrasonic Sensor and Ultraviolet Sensor Implemented on a Fire Fighter Robot Using AT89S52,2020,-0.46106717,-2.47798,2,"C2 · model, control, data",Omar Tanane,Laboratoire de Chimie Physique des Matériaux Appliqués
art_00463,"Design, synthesis, characterization, in vitro screening, molecular docking, 3D-QSAR, and ADME-Tox investigations of novel pyrazole derivatives as antimicrobial agents",2021,1.668606,0.8260434,5,"C5 · molecular, corrosion, experimental",Samir Chtita,Laboratoire de Chimie Analytique et Moléculaire
art_00464,Designing a Theoretical Integration Framework for Mobile Learning,2019,-2.118199,-1.9934467,3,"C3 · learning, data, detection",Mohamed Talea,Laboratoire de Traitement de l'Information
art_00465,Designing an IMS-LD Model for Disciplinary Information Space of Learning Management System,2018,-2.3936129,-2.327984,2,"C2 · model, control, data",Tarik Chafiq,Laboratoire de Traitement de l'Information
art_00466,Designing the Self-Management Space of a New Smart Learning Management System,2020,-2.100198,-1.5643187,3,"C3 · learning, data, detection",Tarik Chafiq,Laboratoire de Traitement de l'Information
art_00467,"Detection of deformations and active faults related to the Al Haouz Mw 6.8 earthquake on September 8, 2023 (High Atlas, Morocco): an integrated approach combining radar interferometry and 3D seismic data modeling",2026,-0.9768632,0.61395377,7,"C7 · phosphate, properties, po4",Allal Labriki,"Géosciences, Géomatique et Environnement"
art_00468,"Determinants of aged cheese consumer preferences in Morocco—a cross-sectional study of economic, cultural, and social factors influencing purchasing behaviors",2025,-1.2608914,-1.5896273,1,"C1 · properties, water, mg",Anass Kettani,Laboratoire Biologie et Santé
art_00469,"Determination of polyphenols, tannins, flavonoids and antioxidant activity in extracts of two genus Ircinia marine sponges of Atlantic Morrocan Coast",2016,-1.0013566,-2.5949478,2,"C2 · model, control, data",Abdelmjid Abourriche,Laboratoire Biologie et Santé
art_00470,Determination of water activities and osmotic and activity coefficients of the system NaCl–BaCl2–H2O at 298.15 K,2003,6.592765,0.7738245,4,"C4 · properties, synthesis, numerical",Asmaa Benbiyi,Laboratoire de Chimie Physique des Matériaux Appliqués
art_00471,"Determination of Water Activities, Osmotic and Activity Coefficients of the System {yNH4Cl + (1 - y)CsCl}(aq) at 298.15 K",2004,6.5600567,0.7396066,4,"C4 · properties, synthesis, numerical",Asmaa Benbiyi,Laboratoire de Chimie Physique des Matériaux Appliqués
art_00472,Determine the Level of Concentration of Students in Real Time from their Facial Expressions,2022,-1.9812324,-1.9231151,2,"C2 · model, control, data",Elhabib Benlahmar,Technologie de l'Information et Modélisation
art_00473,Developing a Multi-Layer Ontology Construction Framework for Arabic Language Processing: Focus on Figurative Language Potential,2025,-1.9495616,-3.0165174,3,"C3 · learning, data, detection",Sanaa Elfilali,Laboratoire d’Intelligence Artificielle et Systèmes
art_00474,Development and Performances Comparison of Memory Architectures for Multiprocessor System on Chip at the SystemC/TLM,2022,-2.1762168,-5.79931,4,"C4 · properties, synthesis, numerical",Abdelhakim Alali,Laboratoire de Traitement de l'Information
art_00475,"DEVELOPMENT OF A NEW ADSORBENT MATERIAL BASED ON MARINE SPONGES OF THE GENUS IRCINA: APPLICATION OF THE EXPERIMENTAL DESIGN METHODOLOGY ""SCREENING AND OPTIMIZATION"".",2017,2.5520039,-0.39881593,7,"C7 · phosphate, properties, po4",Abdelmjid Abourriche,Laboratoire Biologie et Santé
art_00476,Development of a new biosorbent based on the extract residue of marine alga Sargassum vulgare: application in biosorption of heavy metals,2017,2.1665115,-0.7959362,1,"C1 · properties, water, mg",Abdelmjid Abourriche,Laboratoire Biologie et Santé
art_00477,Development of an analysis method of organochlorine pesticide residue in bivalves “molds” using quechers extraction and Gaz Chromatography-tandem Mass Spectrometry.,2016,-1.0191351,-2.591633,2,"C2 · model, control, data",Soumia Belouafa,Laboratoire Biologie et Santé
art_00478,Development of an Analytical Method of Organochlorine Pesticide Residues in Bivalves from Oualidia in Morocco,2018,1.2841785,-0.98352325,1,"C1 · properties, water, mg",Abdelmjid Abourriche; Soumia Belouafa,Laboratoire Biologie et Santé
art_00479,Development of an Ultra Wide Band Hybrid Coupler with Adjustable Phase Shifter for 5G Applications,2021,2.0522888,-3.3569381,2,"C2 · model, control, data",Abdellatif Slimani,Laboratoire de Traitement de l'Information
art_00480,Development of Natural Preservative from Silene Vulgaris Extract in Topical Formulation under a Challenge Test and its Stability Study,2017,2.030009,1.4339731,1,"C1 · properties, water, mg",Amal Elhamsaselyoubi,Laboratoire Biologie et Santé
art_00481,Development of nickel-cobalt bimetallic/conducting polymer composite used as a catalyst in the oxygen evolution reaction (OER),2018,3.0900836,-1.6981672,1,"C1 · properties, water, mg",Youssef Naimi,Laboratoire de Traitement de l'Information
art_00482,"DEVELOPPEMENT AND VALIDATION OF A QUECHERS EXTRACTION BASED GAZ CHROMATOGRAPHY-TANDEM MASS SPECTROMETRY ``GC-MS/MS`` METHOD FOR THE DETERMINATION OF 7 POLYCHLORINATED BIPHENYLS RESIDUES IN BIVALVES ""OYTERS"".",2017,1.2376797,-1.039333,1,"C1 · properties, water, mg",Soumia Belouafa,Laboratoire Biologie et Santé
art_00483,"DFT-based first-principles calculations of new NaXH 3 (X = Ti, Cu) hydride compounds for hydrogen storage applications",2024,4.4491568,-0.048634946,4,"C4 · properties, synthesis, numerical",Mohamed Idiri,Laboratoire de Physique de la Matière Condensée
art_00484,"DFT+U screening of the physical properties of XWO3 (X=Sr, Cd) perovskite oxides",2025,3.4135945,-0.5501528,4,"C4 · properties, synthesis, numerical",Mohamed Idiri,Laboratoire de Physique de la Matière Condensée
art_00485,"DFT‐Based Ab Initio Calculations of Structural, Electronic, Mechanical, and Optical Properties of Ga‐based Fluoroperovskite GaXF 3 (X = Ca and Sr)",2025,3.6589832,-0.85441816,1,"C1 · properties, water, mg",Mohamed Idiri,Laboratoire de Physique de la Matière Condensée
art_00486,Diachronic Study of the North Atlantic Coast of Morocco between Larache and Moulay Bousselham: A Geometric Approach,2024,0.060163733,-1.6785837,3,"C3 · learning, data, detection",Allal Labriki,"Géosciences, Géomatique et Environnement"
art_00487,Diagnosis of propofol allergy: the innovative role of the basophil activation test in the identification of allergen: a case report,2025,-0.6159355,-1.5158232,1,"C1 · properties, water, mg",Karima Mohtadi,Laboratoire Biologie et Santé
art_00488,DIAGNOSTIC DE LA QUALITÉ DES EAUX PLUVIALES DES TOITURES EN VUE DE LEUR RÉUTILISATION PAYSAGÈRE: CAS D’UN ÉTABLISSEMENT D’ENSEIGNEMENT PUBLIC À CASABLANCA (MAROC),2015,1.4052058,-0.7407294,1,"C1 · properties, water, mg",Abdelmottalib Nahli,Laboratoire d'Ecologie et d'Environnement
art_00489,"Diet of a Maghreb Owl Strix mauritanica individual at Kahf Lakhal cave on Jbel Moussa, northern Morocco",2024,-1.4741174,-1.6985345,0,"C0 · morocco, atlas, basin",Abdelmottalib Nahli,Laboratoire d'Ecologie et d'Environnement
art_00490,Diffusion of Heptane in Polyethylene Vinyl Acetate: Modelisation and Experimentation,2014,0.61690044,-3.9898465,2,"C2 · model, control, data",Samia Yousfi,Laboratoire de Chimie Analytique et Moléculaire
art_00491,Digital Reconstruction of Historical Scenes for History Teaching,2025,-1.7462298,-2.1645176,3,"C3 · learning, data, detection",Omar Zahour,Technologie de l'Information et Modélisation
art_00492,"Dinoflagellate cyst evidence for the age, palaeoenvironment and paleoclimate of a new Cretaceous–Paleogene (K/Pg) boundary section at the Bou Angueur syncline, Middle Atlas, Morocco",2019,-0.7267583,1.3859574,7,"C7 · phosphate, properties, po4",Mustapha Mouflih,"Géosciences, Géomatique et Environnement"
art_00493,Discovery of good double and triple circulant codes using multiple impulse method,2015,-0.5250015,-4.63459,2,"C2 · model, control, data",Said Nouh,Technologie de l'Information et Modélisation
art_00494,Discovery of late Tortonian incised valleys in the Saouaf Formation (northeastern Tunisia) - Evidence of high-frequency sea-level variations in the central Mediterranean,2020,-0.29116642,2.4661105,0,"C0 · morocco, atlas, basin",Nadia Barhoun,"Géosciences, Géomatique et Environnement"
art_00495,Discovery of Potent SARS-CoV-2 Inhibitors from Approved Antiviral Drugs via Docking and Virtual Screening,2020,-0.27057037,0.30575666,7,"C7 · phosphate, properties, po4",Samir Chtita,Laboratoire de Chimie Analytique et Moléculaire
art_00496,"Discovery of promising cholinesterase inhibitors for Alzheimer's disease treatment through DFT, docking, and molecular dynamics studies of eugenol derivatives",2022,1.9100116,0.7685967,1,"C1 · properties, water, mg",Samir Chtita,Laboratoire de Chimie Analytique et Moléculaire
art_00497,Discrete mathematical modeling and optimal control of the marital status: the monogamous marriage case,2017,0.8321069,-4.703727,2,"C2 · model, control, data",Hassan Laarabi,"Laboratoire d'Analyse, Modélisation et Simulation"
art_00498,Discussion about parameterization in the asymptotic numerical method: Application to nonlinear elastic shells,2010,2.2262077,-4.68424,7,"C7 · phosphate, properties, po4",Bouazza Braikat,Laboratoire de Physique de la Matière Condensée
art_00499,Distance measurement system for autonomous vehicles using stereo camera,2020,-2.1744885,-5.78989,2,"C2 · model, control, data",Abdelmoghit Zaarane; Issam Atouf,Laboratoire de Traitement de l'Information
art_00500,Distribution des sédiments en milieu côtier de la région de Casablanca–Dar Bou Azza (Maroc),2011,1.1496922,-2.6393747,2,"C2 · model, control, data",Rachid Essamoud,"Géosciences, Géomatique et Environnement"
art_00501,"Doc2Vec, SBERT, InferSent, and USE Which embedding technique for noun phrases?",2022,-1.812845,-3.158187,2,"C2 · model, control, data",Elhabib Benlahmar,Technologie de l'Information et Modélisation
art_00502,Driver Behavior Classification: A Systematic Literature Review,2023,-1.2041191,-3.021676,3,"C3 · learning, data, detection",Faouzia Benabbou; Nawal Sael,Laboratoire d’Intelligence Artificielle et Systèmes
art_00503,Drug hypersensitivity to vancomycin confirmed by basophil activation test: case report,2025,-0.57298845,-1.4591911,3,"C3 · learning, data, detection",Karima Mohtadi,Laboratoire Biologie et Santé
art_00504,Dynamic analysis of a thin-walled beam with open cross section subjected to dynamic loads using a high-order implicit algorithm,2016,1.4691317,-4.8410516,4,"C4 · properties, synthesis, numerical",Bouazza Braikat,Laboratoire de Physique de la Matière Condensée
art_00505,Dynamic security of IoT network traffic using SDN,2023,-2.2899697,-2.4603457,2,"C2 · model, control, data",Sanaa Elfilali,Laboratoire d’Intelligence Artificielle et Systèmes
art_00506,Dynamic structure–function relationships in enzyme stabilization by ionic liquids,2005,4.0227323,-1.9151508,5,"C5 · molecular, corrosion, experimental",Said Gmouh,Laboratoire d’Ingénierie et de Matériaux
art_00507,"Early Mesozoic Detrital and Evaporitic Syn-Rift Series of Mohammedia-Benslimane-ElGara-Berrechid Basin (Meseta, Morocco): Sedimentary and Palaeoenvironmental Evolution and Comparison with Neighboring Basins",2017,-0.08016441,1.900964,0,"C0 · morocco, atlas, basin",Rachid Essamoud,"Géosciences, Géomatique et Environnement"
art_00508,ECG Image Classification in Real time based on the Haar-like Features and Artificial Neural Networks,2015,-2.0693824,-4.366455,3,"C3 · learning, data, detection",Issam Atouf,Laboratoire de Traitement de l'Information
art_00509,ECG signals classification using MFCC coefficients and ANN classifier,2016,-2.2824576,-4.3323674,3,"C3 · learning, data, detection",Issam Atouf,Laboratoire de Traitement de l'Information
art_00510,Editorial: Modeling ecological and epidemiological interactions for sustainable practices,2025,-0.019181069,-3.2870483,4,"C4 · properties, synthesis, numerical",Imane Agmour,"Laboratoire d'Analyse, Modélisation et Simulation"
art_00511,Educational Robotics and Programming in Primary Education,2026,-1.7782699,-1.7944143,3,"C3 · learning, data, detection",Khadija Achtaich,Laboratoire d’Intelligence Artificielle et Systèmes
art_00512,Educational Uses of Virtual Museums and Cultural and Geological Digital Heritage Platforms: A Systematic Literature Review,2026,-1.876883,0.4793121,7,"C7 · phosphate, properties, po4",Rachid Essamoud,"Géosciences, Géomatique et Environnement"
art_00513,Effect of additives on nickel-phosphorus deposition obtained by electroless plating: Characterization and corrosion resistance in 3%(mass) sodium chloride medium,2021,3.675202,-2.3779767,1,"C1 · properties, water, mg",Said Bakkali,Laboratoire de Chimie Physique des Matériaux Appliqués
art_00514,"Effect of Air Pollution on Respiratory Diseases in the Casablanca Region, Morocco",2023,0.71933585,-1.9011657,2,"C2 · model, control, data",Wadi Badri,Laboratoire d'Ecologie et d'Environnement
art_00515,Effect of andalusite rich schist grain size and the addition of metallic aluminum powder on the properties of silica–alumina refractory,2013,2.613687,-1.497509,1,"C1 · properties, water, mg",Chaouki Sadik,Laboratoire de Chimie Physique des Matériaux Appliqués
art_00516,Effect of awareness programs and travel-blocking operations in the control of HIV/AIDS outbreaks: a multi-domains SIR model,2016,1.1548597,-4.819899,2,"C2 · model, control, data",Omar Zakary,"Laboratoire d'Analyse, Modélisation et Simulation"
art_00517,Effect of Carbon Graphite on the Crystallization of Andalusite: Application to the Synthesis of Mullite and the Improvement of Refractory Quality,2013,3.3231244,-1.4748516,1,"C1 · properties, water, mg",Chaouki Sadik,Laboratoire de Chimie Physique des Matériaux Appliqués
art_00518,Effect of concentration of rhenium and temperature on mechanical properties in tungsten-rhenium alloy: A molecular dynamics study,2023,4.3543305,-3.110268,5,"C5 · molecular, corrosion, experimental",Mohamed Idiri,Laboratoire de Physique de la Matière Condensée
art_00519,Effect of Grain-Size in Nanocrystalline Tungsten on Hardness and Dislocation Density: A Molecular Dynamics Study,2023,0.20599407,-2.3975136,1,"C1 · properties, water, mg",Mohamed Idiri,Laboratoire de Physique de la Matière Condensée
art_00520,Effect of identified non-synonymous mutations in DPP4 receptor binding residues among highly exposed human population in Morocco to MERS-CoV through computational approach,2021,0.14085793,-0.9893739,5,"C5 · molecular, corrosion, experimental",Nadia Iounes,Laboratoire d'Ecologie et d'Environnement
art_00521,"Effect of inter-elements distance and phase shift excitation on radiation performance of linear, planar and circular arrays antennas□",2017,1.142199,-4.2670474,2,"C2 · model, control, data",Abdellatif Slimani,Laboratoire de Traitement de l'Information
art_00522,"Effect of Mn2O3/V2O5 substitution on the chemical durability, dielectric and electrical properties of calcium-manganese borovanadate glasses",2025,2.9991672,-0.48065633,7,"C7 · phosphate, properties, po4",Fouad Alloun,Laboratoire de Chimie Physique des Matériaux Appliqués
art_00523,Effect of Oral Co-administration of Curcumin and Piperine on the Development of Induced Cutaneous Tumors in Mice,2018,1.1843789,0.15059932,1,"C1 · properties, water, mg",Driss Radallah,Laboratoire Biologie et Santé
art_00524,Effect of phosphate quality on foam generation during the phosphoric acid production process,2021,1.8820369,-1.0116532,1,"C1 · properties, water, mg",Samia Yousfi,Laboratoire de Chimie Analytique et Moléculaire
art_00525,Effect of polymer additive on structural and morphological properties of Cu-electrodeposition from an acid sulfate electrolyte: Experimental and theoretical studies,2023,4.0562234,-3.1134102,5,"C5 · molecular, corrosion, experimental",Said Bakkali,Laboratoire de Chimie Physique des Matériaux Appliqués
art_00526,Effect of slaked lime on the geopolymers synthesis of natural pozzolan from Moroccan Middle Atlas,2019,-0.18239965,4.6617684,6,"C6 · morocco, maroc, rabat",Chaouki Sadik,Laboratoire de Chimie Physique des Matériaux Appliqués
art_00527,"Effect of surface modification on morphological, mechanical and thermal conductivity of hemp fiber: Characterization of the interface of hemp –Polyurethane composite",2017,2.6388988,-1.7345334,2,"C2 · model, control, data",Omar Tanane,Laboratoire de Chimie Physique des Matériaux Appliqués
art_00528,Effect Of Temperature On Hardness And Elastic Modulus In Tungsten-Rhenium Alloy: Study By Dynamics Molecular,2021,4.3891926,-3.0615458,5,"C5 · molecular, corrosion, experimental",Mohamed Idiri,Laboratoire de Physique de la Matière Condensée
art_00529,"Effect of Zr-glass fibers waste on the mechanical, structural, and durability of eco-friendly geopolymers based on natural pozzolan: A Box-Behnken design approach",2024,0.9145203,-3.4576051,4,"C4 · properties, synthesis, numerical",Chaouki Sadik,Laboratoire de Chimie Physique des Matériaux Appliqués
art_00530,Effects of Lizardite Addition on Technological Properties of Forsterite-monticellite Rich Ceramics Prepared from Natural Magnesite and Dolomite,2021,1.8584805,-1.327456,1,"C1 · properties, water, mg",Chaouki Sadik,Laboratoire de Chimie Physique des Matériaux Appliqués
art_00531,Effects of Open Circuit Potential and Characterization of Electro-Active Biofilm for Microbial Fuel Cells using Compost Leachate,2023,3.7667243,-1.7670708,2,"C2 · model, control, data",Youssef Naimi,Laboratoire de Traitement de l'Information
art_00532,"Effects of PGPR Co-inoculation on Growth, Phosphorus Nutrition and Phosphatase/Phytase Activities of Faba Bean under Different Phosphorus Availability Conditions",2020,0.95927274,-0.28798494,1,"C1 · properties, water, mg",Loubna Benidire,Laboratoire d'Ecologie et d'Environnement
art_00533,Effects of slag addition and sintering temperature on the technological properties of dolomite based porous ceramics,2023,2.276124,-1.3476974,1,"C1 · properties, water, mg",Chaouki Sadik,Laboratoire de Chimie Physique des Matériaux Appliqués
art_00534,Effet du stress salin sur la germination et le développement des plantules de Vicia faba L. (Effect of salt stress on germination and seedling of Vicia faba L.),2015,3.5276296,-1.7227886,2,"C2 · model, control, data",Loubna Benidire,Laboratoire d'Ecologie et d'Environnement
art_00535,"Effets antidépresseurs, antinociceptifs et immunomodulateurs des extraits aqueux et protéique de Berberishispanica Boiss. & Reut. du Maroc",2011,1.0113084,0.29836944,1,"C1 · properties, water, mg",Amal Elhamsaselyoubi,Laboratoire Biologie et Santé
art_00536,Effets de l’extrait aqueux des graines du fenugrec (Trigonella foenum graecum) sur l’amélioration du profil lipidique et la prise de poids chez le rat,2012,0.91076857,0.13689621,1,"C1 · properties, water, mg",Driss Radallah,Laboratoire Biologie et Santé
art_00537,Efficacy of Acacia raddiana gum polysaccharide as a corrosion inhibitor for mild steel in concentrated sulfuric acid media: experimental and theoretical study,2026,3.975938,-2.5914853,5,"C5 · molecular, corrosion, experimental",Said Bakkali,Laboratoire de Chimie Physique des Matériaux Appliqués
art_00538,Efficient ADE-TLM Scheme for Modeling Drude Based Graphene in Terahertz Spectrum,2023,2.21137,-3.4541435,2,"C2 · model, control, data",Mohamed Moumou,Laboratoire de Chimie Analytique et Moléculaire
art_00539,Efficient Method Based on Blockchain Ensuring Data Integrity Auditing with Deduplication in Cloud.,2020,-2.787089,-2.7715938,2,"C2 · model, control, data",Mohamed Ghazouani,Technologie de l'Information et Modélisation
art_00540,"Efficient removal of organic pollutants from aqueous environments using activated carbon derived from biomass waste of Calotropis procera fruit: Characterization, kinetics, isotherm, and thermodynamic investigation",2024,3.5645072,-2.6866145,4,"C4 · properties, synthesis, numerical",Aziz Boutouil,Laboratoire de Chimie Physique des Matériaux Appliqués
art_00541,Elaboration and characterization of ferroelectric materials Sr2(1-x)Na(1+x)GdxNb5O15 synthesized by solid process,2022,3.1877048,-1.042989,4,"C4 · properties, synthesis, numerical",Rhma Adhiri,Laboratoire d’Ingénierie et de Matériaux
art_00542,Elaboration and thermomechanical characterization of ceramic-based on Moroccan geomaterials: Application in construction,2020,3.671624,-1.5250896,2,"C2 · model, control, data",Chaouki Sadik,Laboratoire de Chimie Physique des Matériaux Appliqués
art_00543,Elaboration of a high mechanical performance refractory from halloysite and recycled alumina,2019,2.0261905,-1.1032957,4,"C4 · properties, synthesis, numerical",Chaouki Sadik,Laboratoire de Chimie Physique des Matériaux Appliqués
art_00544,"Elastic scattering of antiprotons from carbon, calcium, and lead at 180 MeV",1984,2.8996425,-2.6109352,7,"C7 · phosphate, properties, po4",Mohammed Berrada,Laboratoire Biologie et Santé
art_00545,Electricity Theft Detection: Experimental Comparison of Ensemble and Traditional Machine Learning Methods,2026,-2.6963058,-4.3234615,4,"C4 · properties, synthesis, numerical",Issam Atouf,Laboratoire de Traitement de l'Information
art_00546,Electrocatalytic dimerisation of PhBr and PhCH2Br in [BMIM]+NTf2− ionic liquid,2003,3.9116013,-1.0962424,4,"C4 · properties, synthesis, numerical",Said Gmouh,Laboratoire d’Ingénierie et de Matériaux
art_00547,Electrochemical Investigation of Terbinafine (C21H25N) as a Corrosion Inhibitor for Copper in a Molar Sulfuric Acid Solution,2023,3.5620668,-2.1092947,5,"C5 · molecular, corrosion, experimental",Youssef Naimi,Laboratoire de Traitement de l'Information
art_00548,"Electrochemical, thermodynamic and computational investigation of the use of an expired drug as a sustainable corrosion inhibitor for copper in 0.5 M H2SO4",2024,3.6168253,-2.307133,4,"C4 · properties, synthesis, numerical",Youssef Naimi,Laboratoire de Traitement de l'Information
art_00549,Electrodeposition of ZnO thin films at low temperature: effects of deposition potential on properties for ZnO/CuO heterojunction solar cells,2024,3.5575023,-0.6794487,4,"C4 · properties, synthesis, numerical",Youssef Naimi,Laboratoire de Traitement de l'Information
art_00550,Elucidating the role of novel halogenated hydroquinazolinone derivatives in mitigating copper corrosion in saline conditions: A joint assessment of experimental outcomes and computational analysis,2023,4.1899347,-3.2086446,5,"C5 · molecular, corrosion, experimental",Youssef Naimi,Laboratoire de Traitement de l'Information
art_00551,Emerging Parameters Extraction Method of PV Modules Based on the Survival Strategies of Flying Foxes Optimization (FFO),2023,-0.5873554,-4.7512093,2,"C2 · model, control, data",Rhma Adhiri,Laboratoire d’Ingénierie et de Matériaux
art_00552,Emerging Technologies in Learning: A Bibliometric Analysis of Technology Integration and Applications.,2025,-1.4730867,-2.2739923,3,"C3 · learning, data, detection",Abdelhakim Alali,Laboratoire de Traitement de l'Information
art_00553,Emotions recognition as innovative tool for improving students’ performance and learning approaches,2020,-1.5029515,-3.5587685,2,"C2 · model, control, data",Elhabib Benlahmar,Technologie de l'Information et Modélisation
art_00554,Empowerment of MSMEs during the covid-19 pandemic with information technology,2021,-1.2506605,-1.890763,2,"C2 · model, control, data",Omar Tanane,Laboratoire de Chimie Physique des Matériaux Appliqués
art_00555,"Empreintes de Ptérosaures dans le Crétacée de Mibladen (Midelt, Maroc): nouvelles données paléoichnologiques",2026,-0.027375001,2.0725398,0,"C0 · morocco, atlas, basin",Mostafa Oukassou,"Géosciences, Géomatique et Environnement"
art_00556,"Endangered stands of thuriferous juniper in the western Mediterranean basin: ecological status, conservation and management",1999,-0.835635,0.6881007,7,"C7 · phosphate, properties, po4",Wadi Badri,Laboratoire d'Ecologie et d'Environnement
art_00557,"Energetic recovery of biomass in the region of Rabat, Morocco",2016,0.039721802,4.918873,6,"C6 · morocco, maroc, rabat",Youssef Naimi,Laboratoire de Traitement de l'Information
art_00558,Energy Recovery from Municipal Solid Waste in Oujda city (Morocco),2019,1.529836,-1.251825,1,"C1 · properties, water, mg",Youssef Naimi,Laboratoire de Traitement de l'Information
art_00559,Energy Recovery from Waste in Fez city (Morocco),2019,1.521612,-1.3003725,1,"C1 · properties, water, mg",Youssef Naimi,Laboratoire de Traitement de l'Information
art_00560,Enhanced driving assistance: automated day and night vehicle detection system utilizing convolutional neural networks,2024,-1.9291157,-4.080946,3,"C3 · learning, data, detection",Abdelmoghit Zaarane,Laboratoire de Traitement de l'Information
art_00561,Enhanced Efficiency of CZTS Solar Cells with Reduced Graphene Oxide and Titanium Dioxide Layers: A SCAPS Simulation Study,2025,2.6837823,-1.8347496,1,"C1 · properties, water, mg",Rhma Adhiri,Laboratoire d’Ingénierie et de Matériaux
art_00562,Enhanced electrochemical performance and stability of biomass-derived activated carbon for supercapacitor applications,2025,4.4434123,-0.09434923,4,"C4 · properties, synthesis, numerical",Aziz Boutouil,Laboratoire de Chimie Physique des Matériaux Appliqués
art_00563,Enhanced Elimination of Methyl Orange and Recycling of an Eco-Friendly Adsorbent Activated Carbon from Aqueous Solution,2021,2.240877,-0.53038883,1,"C1 · properties, water, mg",Youssef Naimi,Laboratoire de Traitement de l'Information
art_00564,Enhanced VGG19 Model for Accident Detection and Classification from Video,2021,-2.3920066,-3.9486637,3,"C3 · learning, data, detection",Faouzia Benabbou; Nawal Sael,Laboratoire d’Intelligence Artificielle et Systèmes
art_00565,Enhancing algorithmic thinking in primary education through Scratch programming using a practical framework and classroom case study,2026,-1.7982613,-1.6867645,3,"C3 · learning, data, detection",Khadija Achtaich,Laboratoire d’Intelligence Artificielle et Systèmes
art_00566,"Enhancing cellulose acetate film with green plasticizers for improved performance, biodegradability, and migration study into a food simulant",2024,1.7956439,-0.81082207,1,"C1 · properties, water, mg",Said Gmouh,Laboratoire d’Ingénierie et de Matériaux
art_00567,Enhancing E-Orientation Platform Usage via the Metaverse,2023,-2.0055258,-1.8254836,3,"C3 · learning, data, detection",Mohammed Aitdaoud,Laboratoire d’Intelligence Artificielle et Systèmes
art_00568,Enhancing feature selection with a novel hybrid approach incorporating genetic algorithms and swarm intelligence techniques,2023,-2.391527,-4.3180943,3,"C3 · learning, data, detection",Said Nouh,Technologie de l'Information et Modélisation
art_00569,"Enhancing geotechnical zoning through near-surface geophysical surveys: a case study from eastern Agadir, Morocco",2024,0.056580745,4.924545,6,"C6 · morocco, maroc, rabat",Mostafa Oukassou,"Géosciences, Géomatique et Environnement"
art_00570,Enhancing Hotel Services Through Sentiment Analysis,2024,-2.4312062,-3.3740559,4,"C4 · properties, synthesis, numerical",Abderrahmane Daif; Mohamed Ghazouani,Technologie de l'Information et Modélisation
art_00571,"Enhancing Immersive Virtual Shopping Experiences in the Retail Metaverse Through Visual Analytics, Cognitive Artificial Intelligence Techniques, Blockchain-Based Digital Assets, and Immersive Simulations: A Systematic Literature Review",2024,-1.8499299,0.4627215,7,"C7 · phosphate, properties, po4",Mohamed Ghazouani,Technologie de l'Information et Modélisation
art_00572,"Enhancing Leaf Blight Detection Using Transfer Learning: A Comparative Study of AlexNet, MobileNet-V2, and VGG16Net",2025,-0.608371,-2.6426883,3,"C3 · learning, data, detection",Sanaa Elfilali,Laboratoire d’Intelligence Artificielle et Systèmes
art_00573,Enhancing Moroccan Dialect Sentiment Analysis Through Optimized Preprocessing and Transfer Learning Techniques,2024,-2.0537164,-3.2848518,3,"C3 · learning, data, detection",Faouzia Benabbou,Laboratoire d’Intelligence Artificielle et Systèmes
art_00574,Enhancing sintering of kaolinitic clay from DRC using cassava waste ash: A novel aid for optimizing ceramic performance,2025,2.3759558,-1.4524506,1,"C1 · properties, water, mg",Chaouki Sadik,Laboratoire de Chimie Physique des Matériaux Appliqués
art_00575,"Enhancing the Geological Heritage of the Errachidia Area in the High Atlas, Morocco: Inventory and a Proposal for a Pedagogic and Geotouristic Trail",2023,-0.8198797,0.933167,7,"C7 · phosphate, properties, po4",Mostafa Oukassou,"Géosciences, Géomatique et Environnement"
art_00576,Enhancing the Stability of Soybean Oil: Using Endogenous Phenolic Compounds Additive and Carnosic Acid Plus Carnosol,2024,3.2973912,-1.6364338,2,"C2 · model, control, data",Abdelmjid Abourriche,Laboratoire Biologie et Santé
art_00577,Enhancing Tourism Experiences in Morocco: LLM-A Comparative Study of Fine-Tuning and Retrieval Augmented Generation with Llama-3,2026,-1.5606292,0.39801145,7,"C7 · phosphate, properties, po4",Omar Zahour,Technologie de l'Information et Modélisation
art_00578,Enhancing Violence Detection in Surveillance Footage Using a Fine-Tuned YOLOv8n Model with Domain-Specific Optimization,2025,-2.0506542,-3.7355719,3,"C3 · learning, data, detection",Mohssine Bentaib,Technologie de l'Information et Modélisation
art_00579,Enhancing wet phosphoric acid production efficiency with vanadium catalyst waste derived silica,2024,1.6378583,-1.202841,1,"C1 · properties, water, mg",Samia Yousfi,Laboratoire de Chimie Analytique et Moléculaire
art_00580,Enquête sur l’utilisation des engrais et pesticides chez les agriculteurs de la région de Casablanca-Settat,2020,-1.457673,-0.048732452,7,"C7 · phosphate, properties, po4",Nadia Iounes,Laboratoire d'Ecologie et d'Environnement
art_00581,Environmental Reconstruction of the Mediterranean Basins in NE Morocco During the Messinian,2024,-0.1974199,2.5663612,0,"C0 · morocco, atlas, basin",Nadia Barhoun,"Géosciences, Géomatique et Environnement"
art_00582,"Environnement, végétation et climat du Messinien au Maroc",2001,-0.40688014,4.4070177,6,"C6 · morocco, maroc, rabat",Nadia Barhoun,"Géosciences, Géomatique et Environnement"
art_00583,Enzymes of the glutathione–ascorbate cycle in leaves and roots of rhizobia-inoculated faba bean plants (Vicia faba L.) under salinity stress,2013,2.3281338,-1.032406,4,"C4 · properties, synthesis, numerical",Loubna Benidire,Laboratoire d'Ecologie et d'Environnement
art_00584,Epidemiology of Helicobacter pylori Infection and Related Gastric Pathologies in Moroccan Population,2017,-0.6184172,-0.91431445,1,"C1 · properties, water, mg",Anass Kettani; Halima Lebrazi,Laboratoire Biologie et Santé
art_00585,"Eportfolio as a Tool of Learning, Presentation, Orientation and Evaluation Skills",2015,-2.3237593,-2.3806262,2,"C2 · model, control, data",Mohssine Bentaib,Technologie de l'Information et Modélisation
art_00586,Equilibrium Solubility Behavior and Thermodynamic Properties of Potassium and Ammonium Di-Hydrogenophosphate Aqueous Solutions at T = 298.15 K,2023,1.5903523,-3.5059896,5,"C5 · molecular, corrosion, experimental",Asmaa Benbiyi,Laboratoire de Chimie Physique des Matériaux Appliqués
art_00587,Ericaria amentacea Algae Extracts: A Sustainable Approach for the Green Synthesis of Silver Oxide Nanoparticles and Their Effectiveness against Leishmaniasis,2023,0.73164034,-0.10033552,1,"C1 · properties, water, mg",Abdelmjid Abourriche,Laboratoire Biologie et Santé
art_00588,"Erratum to “Late Aptian to early Cenomanian dinoflagellate cysts from Agadir Basin, southwestern Morocco: Biostratigraphy and palaeoenvironment” [Ann. Paleo. (106) (2020) 102441]",2021,0.3823101,1.1586696,2,"C2 · model, control, data",Rachid Essamoud,"Géosciences, Géomatique et Environnement"
art_00589,Error-Correcting Codes and the Power of Machine Learning: Enhancing Data Reliability,2023,-1.0324631,-2.654056,3,"C3 · learning, data, detection",Said Nouh,Technologie de l'Information et Modélisation
art_00590,ESSAI DE CARTOGRAPHIE DE LA SUBERAIE ET FORMATIONS DE DEGRADATION DANS LA PROVINCE DE BENSLIMANE (OUEST DU MAROC). APPORT DES DONNEES DE TELEDETECTION OPTIQUE.,2017,-0.72200274,1.2950295,7,"C7 · phosphate, properties, po4",Wadi Badri,Laboratoire d'Ecologie et d'Environnement
art_00591,Estimation des facteurs de risque des maladies cardiovasculaires dans une population représentative de Casablanca,2019,-1.0894214,-0.9815396,7,"C7 · phosphate, properties, po4",Karima Mohtadi,Laboratoire Biologie et Santé
art_00592,Estimation of the Daily Salt Intake by 24-Hour Urinary Sodium Excretion in Morocco: A Pilot Study,2016,-1.1700808,-1.0786868,1,"C1 · properties, water, mg",Karima Mohtadi,Laboratoire Biologie et Santé
art_00593,"Ethnobotanical, geographical, phytochemical and dyeing study of the main tinctorial plants in Morocco",2023,-0.2661911,4.58367,6,"C6 · morocco, maroc, rabat",Asmaa Benbiyi,Laboratoire de Chimie Physique des Matériaux Appliqués
art_00594,Ethnopharmacological investigation and traditional cultural use of anticancer medicinal plants in Morocco’s Casablanca-Settat region,2024,0.37940562,0.41651347,4,"C4 · properties, synthesis, numerical",Amal Elhamsaselyoubi,Laboratoire Biologie et Santé
art_00595,"Ethnopharmacological Survey of Medicinal Plants Used in the Traditional Treatment of Female Infertility in Fez Region, Morocco",2019,0.96028304,0.05373249,1,"C1 · properties, water, mg",Amal Elhamsaselyoubi,Laboratoire Biologie et Santé
art_00596,"Ethyl 10α-hydroxy-4,9-dimethyl-14-oxo-3,8,15-trioxatetracyclo[10.3.0.02,4.07,9]pentadecane-13-spiro-5′-pyrazole-3′-carboxylate",2020,5.1484904,-2.1257453,5,"C5 · molecular, corrosion, experimental",Mohamed Moumou,Laboratoire de Chimie Analytique et Moléculaire
art_00597,Étude de la variabilité du régime pluviométrique au Maroc septentrional (1935-2004),2011,-0.71535707,3.6415284,4,"C4 · properties, synthesis, numerical",Wadi Badri,Laboratoire d'Ecologie et d'Environnement
art_00598,Étude de l’effet de l’ajout des déchets de marbre sur les propriétés du béton à base de granulats de briques recyclés (GBR),2022,1.9410694,-1.3285633,1,"C1 · properties, water, mg",Samia Yousfi,Laboratoire de Chimie Analytique et Moléculaire
art_00599,Etude de l’influence des paramètres de synthèse sur la composition chimique des apatites oxygénées carbonatées,2014,-0.76138246,1.199735,7,"C7 · phosphate, properties, po4",Soumia Belouafa,Laboratoire Biologie et Santé
art_00600,"Etude Géotechnique Et Modélisation Volumique Des Zones Instables ; Processus D’effondrement De La Falaise Adjacente À La Voie De Contournement Du Port d’Al Hoceima (Rif, Maroc)",2017,0.2525757,-1.7394968,0,"C0 · morocco, atlas, basin",Allal Labriki,"Géosciences, Géomatique et Environnement"
art_00601,Evaluate the Effect of Topographic Factors and Lithology on Forest Cover Distribution: a Case Study of the Moroccan High Atlas,2021,-0.3633415,4.4141498,6,"C6 · morocco, maroc, rabat",Mostafa Oukassou; Soufiane Maimouni,"Géosciences, Géomatique et Environnement"
art_00602,Evaluating organisational performance in healthcare: a mixed-method study using the McKinsey 7S framework,2025,-1.7935919,-2.8124537,3,"C3 · learning, data, detection",Anass Kettani,Laboratoire Biologie et Santé
art_00603,Evaluating the Effectiveness of Clip-Based Models for Zero/Few-Shot Industrial Anomaly Detection,2026,-1.5991117,-2.8825774,3,"C3 · learning, data, detection",Tarik Chafiq,Laboratoire de Traitement de l'Information
art_00604,"Evaluating the Impact of Material Selections, Mixing Techniques, and On-site Practices on Performance of Concrete Mixtures",2024,-1.5759094,0.29158932,7,"C7 · phosphate, properties, po4",Mustapha Mouflih,"Géosciences, Géomatique et Environnement"
art_00605,Evaluating the Quality of Scientific Articles: A Review of Citation and Content-Based Metrics,2026,-1.6797056,0.2900215,7,"C7 · phosphate, properties, po4",Omar Zahour,Technologie de l'Information et Modélisation
art_00606,Evaluation and application of Moroccan clay materials in ceramic tiles: Composition and technological behavior,2024,2.1772628,-1.3267398,1,"C1 · properties, water, mg",Chaouki Sadik,Laboratoire de Chimie Physique des Matériaux Appliqués
art_00607,Évaluation de la consommation quotidienne de sel chez les adultes marocains,2016,-0.43127823,4.406744,6,"C6 · morocco, maroc, rabat",Karima Mohtadi,Laboratoire Biologie et Santé
art_00608,Évaluation de la prévalence de la dénutrition chez les patients hémodialysés chroniques,2016,-0.56101316,-0.89767283,4,"C4 · properties, synthesis, numerical",Halima Lebrazi,Laboratoire Biologie et Santé
art_00609,Evaluation De La Qualité Physico-Chimique Des Eaux Souterraines Au Voisinage De La Décharge Contrôlée Mohammedia-Benslimane : (Étude Préliminaire),2020,-1.1958915,-0.014068975,7,"C7 · phosphate, properties, po4",Nadia Iounes,Laboratoire d'Ecologie et d'Environnement
art_00610,Évaluation des activités antioxydante et anti-inflammatoire de Erica arborea L. du Maroc,2013,-0.39093637,4.4758077,6,"C6 · morocco, maroc, rabat",Wadi Badri,Laboratoire d'Ecologie et d'Environnement
art_00611,Évaluation d’une expérience de l’enseignement à distance par les étudiants : étude descriptive auprès des étudiants marocains,2020,-2.3825421,-1.5302005,3,"C3 · learning, data, detection",Mounir Sadiq,Technologie de l'Information et Modélisation
art_00612,"Evaluation, efficacy and function of essential oils from Lantana camara L. Morocco leaves for the antioxidant activity and as a bio-insecticide against the wheat weevil Sitophilus granarius in post-harvest crops",2025,1.8662107,-0.35895783,4,"C4 · properties, synthesis, numerical",Samia Yousfi,Laboratoire de Chimie Analytique et Moléculaire
art_00613,Evaluation of energy consumption during the seawater desalination process simulated to the aqueous ternary system {NaCl + KCl}(aq),2021,1.802028,-1.0332668,2,"C2 · model, control, data",Asmaa Benbiyi,Laboratoire de Chimie Physique des Matériaux Appliqués
art_00614,Evaluation of potential effects of the aqueous extract of fenugreek seeds on fertility in male rats,2017,0.9627896,0.12617482,1,"C1 · properties, water, mg",Driss Radallah,Laboratoire Biologie et Santé
art_00615,Evaluation of the Acute Toxicity of an Ammonium Sulfate Fertilizer in Two Species of Anuran Tadpoles: Bufo mauritanicus (Schlegel 1841) and Rana ridibunda (Boulanger 1913),2020,0.28174588,-1.203776,1,"C1 · properties, water, mg",Nadia Iounes,Laboratoire d'Ecologie et d'Environnement
art_00616,"Evaluation of the Corrosion Resistance of Structural Steel (S355) in 3.5% Sodium Chloride Solution Using a Novel 1,2,3-Triazole Derivative. Experimental Design, Quantum Chemical Insights, and Statistical Analysis",2025,4.2122707,-3.2406378,5,"C5 · molecular, corrosion, experimental",Aziz Boutouil,Laboratoire de Chimie Physique des Matériaux Appliqués
art_00617,"Evaluation of the Effects of Riparian Population Activities on the Physicochemical Quality of Water in a Mediterranean River: The Inaouene River (Taza, North East Morocco)",2023,0.77205724,-2.1545458,2,"C2 · model, control, data",Abdelmottalib Nahli,Laboratoire d'Ecologie et d'Environnement
art_00618,Evaluation of the Effects of Three Chemical Fertilizers on Artemia salina,2023,0.2843281,-0.9743647,1,"C1 · properties, water, mg",Nadia Iounes,Laboratoire d'Ecologie et d'Environnement
art_00619,Événements biostratigraphiques et environnementaux enregistrés dans le corridor sud rifain (Maroc septentrional) au Miocène supérieur avant la crise de salinité messinienne,2008,-0.23144563,1.9889259,0,"C0 · morocco, atlas, basin",Nadia Barhoun,"Géosciences, Géomatique et Environnement"
art_00620,Evidence of zoonotic MERS-COV infection among a high-risk population in Morocco,2020,-0.4227612,0.2847498,7,"C7 · phosphate, properties, po4",Nadia Iounes,Laboratoire d'Ecologie et d'Environnement
art_00621,Evidences of pre-Zanclean marine refolding of the Mediterranean Basin,2021,-0.29399312,2.9568863,7,"C7 · phosphate, properties, po4",Nadia Barhoun,"Géosciences, Géomatique et Environnement"
art_00622,Evolution in the surface modification of textiles: a review,2018,2.9096823,-0.9723914,1,"C1 · properties, water, mg",Said Gmouh,Laboratoire d’Ingénierie et de Matériaux
art_00623,Evolution of standardization and interoperability on E-learning systems: An overview,2017,-2.1022193,-2.185015,3,"C3 · learning, data, detection",Mohamed Talea,Laboratoire de Traitement de l'Information
art_00624,"Evolution of the fracturing in the Paleozoic plutonic complex of Tichka (Western High Atlas, Morocco)",2021,-1.080033,2.8131776,0,"C0 · morocco, atlas, basin",Mostafa Oukassou,"Géosciences, Géomatique et Environnement"
art_00625,Evolution of the Late Miocene Mediterranean–Atlantic gateways and their impact on regional and global environmental change,2015,-0.32497108,1.9917761,0,"C0 · morocco, atlas, basin",Nadia Barhoun,"Géosciences, Géomatique et Environnement"
art_00626,Experimental and Ab Initio Investigation of the Physical Properties of PbS Thin Films Prepared by Chemical Bath Deposition (CBD),2021,3.3040426,-1.231433,4,"C4 · properties, synthesis, numerical",Othmane Daoudi,Laboratoire de Physique de la Matière Condensée
art_00627,Experimental and theoretical studies on thermodynamic activities of binaries ferric and magnesium chlorides in aqueous solutions at various temperatures,2024,6.385648,0.6251408,4,"C4 · properties, synthesis, numerical",Asmaa Benbiyi,Laboratoire de Chimie Physique des Matériaux Appliqués
art_00628,Experimental investigation on reinforced concrete beams by honeycomb sandwich panel structures: mechanical properties study,2020,3.029412,-2.0006988,2,"C2 · model, control, data",Mohamed Idiri,Laboratoire de Physique de la Matière Condensée
art_00629,Experimental study on the durability-related properties of Portland composite cement concretes with different mixture ingredients,2025,2.3427083,-1.1929144,7,"C7 · phosphate, properties, po4",Mustapha Mouflih,"Géosciences, Géomatique et Environnement"
art_00630,Experiments on Mechanical Properties of Bio-Composite Produced from the Shell of Argan Nuts,2023,2.224118,-0.43656301,7,"C7 · phosphate, properties, po4",Soumia Mordane,Laboratoire d’Ingénierie et de Matériaux
art_00631,"Expired amoxicillin as an eco-friendly corrosion inhibitor for cast steel in sulfuric acid environment: electrochemical, surface and thermodynamic studies",2023,3.5936608,-2.537159,5,"C5 · molecular, corrosion, experimental",Omar Tanane,Laboratoire de Chimie Physique des Matériaux Appliqués
art_00632,exploitation des données du capteur advanced land imager et du modèle numérique d’altitude pour la cartographie de l’érosion hydrique dans le pourtour du barrage hassan 1er au maroc,2012,-0.41703138,-0.46296662,7,"C7 · phosphate, properties, po4",Soufiane Maimouni,"Géosciences, Géomatique et Environnement"
art_00633,"Exploration of Cannabis constituents as potential candidates against diabetes mellitus disease using molecular docking, dynamics simulations and ADMET investigations",2023,1.5240598,0.6848467,1,"C1 · properties, water, mg",Samir Chtita,Laboratoire de Chimie Analytique et Moléculaire
art_00634,Explore Open Source Hardware Solutions For IOT Applications,2024,-1.1613959,-2.905365,3,"C3 · learning, data, detection",Abdelhakim Alali,Laboratoire de Traitement de l'Information
art_00635,Exploring Moroccan Cannabis Sativa L Plant extract as a sustainable corrosion inhibitor for mild steel in 1 mol/L HCl solution,2025,4.222872,-3.2627313,5,"C5 · molecular, corrosion, experimental",Omar Tanane,Laboratoire de Chimie Physique des Matériaux Appliqués
art_00636,Exploring Student Motivation in a Hybrid Learning Environment,2024,-2.5616572,-1.7562484,2,"C2 · model, control, data",Mounir Sadiq,Technologie de l'Information et Modélisation
art_00637,Exploring sustainable corrosion inhibition of copper in saline environment: An examination of hydroquinazolinones via experimental and ab initio DFT simulations,2024,3.7439833,-2.7370844,5,"C5 · molecular, corrosion, experimental",Youssef Naimi,Laboratoire de Traitement de l'Information
art_00638,"Exploring the Capabilities of Crypto-Based Blockchains Polygon, EOS, and Stellar vs. Ethereum to Revolutionize Degree Automation in Education",2025,-1.6538429,-2.2868247,3,"C3 · learning, data, detection",Tarik Chafiq,Laboratoire de Traitement de l'Information
art_00639,Exploring the Evolution and Impact of Learning Analytics in a Moroccan Context,2023,-1.6878157,-1.7873031,3,"C3 · learning, data, detection",Mohammed Aitdaoud,Laboratoire d’Intelligence Artificielle et Systèmes
art_00640,Exploring the thermal and mechanical properties of plasters reinforced with argan nut shells: New composites for energy efficiency applications,2025,2.0514405,-1.3098668,1,"C1 · properties, water, mg",Abdelilah Akouibaa; Soumia Mordane,Laboratoire d’Ingénierie et de Matériaux
art_00641,Extended Joint Numerical Radius of the Spherical Aluthge Transform,2024,-0.13675515,-5.244712,4,"C4 · properties, synthesis, numerical",Bouchra Aharmim,"Laboratoire d'Analyse, Modélisation et Simulation"
art_00642,Extension of Kirk-Saliga Fixed Point Theorem in a Metric Space with a Reflexive Digraph,2018,-0.11173847,-5.950248,2,"C2 · model, control, data",Abderrahim Eladraoui,"Laboratoire d'Analyse, Modélisation et Simulation"
art_00643,Extensions of Some Fixed Point Theorems for Weak-Contraction Mappings in Partially Ordered Modular Metric Spaces,2020,0.031112922,-5.951992,2,"C2 · model, control, data",Abderrahim Eladraoui,"Laboratoire d'Analyse, Modélisation et Simulation"
art_00644,Extinction and persistence in a stochastic Nicholson’s model of blowfly population with delay and Lévy noise,2023,0.44725066,-4.177173,2,"C2 · model, control, data",Driss Bouggar,Laboratoire d’Intelligence Artificielle et Systèmes
art_00645,"Facies analysis, architectural elements and environmental reconstruction of Triassic deposits of the western Meseta (Mohammedia-Benslimane-Berrechid-ElGara area), Morocco",2016,-0.34391156,2.1218202,0,"C0 · morocco, atlas, basin",Rachid Essamoud,"Géosciences, Géomatique et Environnement"
art_00646,"Facies, Sedimentology, and Characterization of the Depositional Environments of the Lower Liassic (Lower Jurassic) Deposits from the Mohammedia–Benslimane–ElGara–Berrechid Basin (Moroccan Meseta)",2023,-0.9280354,3.159246,0,"C0 · morocco, atlas, basin",Rachid Essamoud,"Géosciences, Géomatique et Environnement"
art_00647,"Facies sedimentology, high-resolution sequence stratigraphy, and depositional environment in the Imini Triassic basin (southern High Atlas of Marrakech, Morocco)",2022,-0.74306613,2.889727,0,"C0 · morocco, atlas, basin",Rachid Essamoud,"Géosciences, Géomatique et Environnement"
art_00648,Faciological analysis of Triassic deposits in the Khemisset–Rommani Basin (Moroccan Meseta),2026,-0.35215104,2.122624,0,"C0 · morocco, atlas, basin",Rachid Essamoud,"Géosciences, Géomatique et Environnement"
art_00649,Facteurs de risque alimentaires du cancer colorectal au Maroc: étude cas témoin,2020,-2.079415,1.1711013,4,"C4 · properties, synthesis, numerical",Driss Radallah,Laboratoire Biologie et Santé
art_00650,Facteurs de risque nutritionnels des cancers colorectaux chez une population marocaine. Étude cas-témoins,2016,-1.0892519,-0.46596345,4,"C4 · properties, synthesis, numerical",Driss Radallah,Laboratoire Biologie et Santé
art_00651,Facteurs de risque nutritionnels et cancer du sein - Etude Cas-Témoin du centre Mohammed VI pour les traitements des cancers,2023,0.41229135,0.46856657,7,"C7 · phosphate, properties, po4",Driss Radallah,Laboratoire Biologie et Santé
art_00652,Fake accounts detection system based on bidirectional gated recurrent unit neural network,2022,-2.3329096,-3.7044609,3,"C3 · learning, data, detection",Faouzia Benabbou; Nawal Sael,Laboratoire d’Intelligence Artificielle et Systèmes
art_00653,Familial hypercholesterolemia in Morocco: first report of mutations in the LDL receptor gene,2003,-0.07565365,-0.7002928,4,"C4 · properties, synthesis, numerical",Anass Kettani,Laboratoire Biologie et Santé
art_00654,Fatigue and Failure Mechanism Induced by Mechanical Strain and Electrochemical Cycling of Li+ Intercalation and Deintercalation in CF Structural Batteries,2024,4.3925223,-0.13634495,4,"C4 · properties, synthesis, numerical",Rachida Moultif,Laboratoire de Physique de la Matière Condensée
art_00655,Fenugreek seeds estrogenic activity in ovariectomized female rats,2019,0.9524115,0.103392325,1,"C1 · properties, water, mg",Driss Radallah,Laboratoire Biologie et Santé
art_00656,"First carbon isotope chemostratigraphy of the Ouled Abdoun phosphate Basin, Morocco; implications for dating and evolution of earliest African placental mammals",2013,-0.15214777,2.428912,4,"C4 · properties, synthesis, numerical",Mustapha Mouflih,"Géosciences, Géomatique et Environnement"
art_00657,First evidence for Cambrian rift-related magmatism in the West African Craton margin: The Derraman Peralkaline Felsic Complex,2015,-1.1528118,2.7274952,7,"C7 · phosphate, properties, po4",Faouziya Haissen,"Géosciences, Géomatique et Environnement"
art_00658,"First occurrence of the Ichnogenus Selenichnites from the Middle Jurassic Strata of the Skoura Syncline (Middle Atlas, Morocco); Palaeoecological and palaeoenvironmental context",2016,-0.11148904,2.2973375,0,"C0 · morocco, atlas, basin",Mostafa Oukassou,"Géosciences, Géomatique et Environnement"
art_00659,First-order mathematical modeling of biogas production: Application for the controlled landfill of fez,2018,0.53700924,-2.577779,2,"C2 · model, control, data",Youssef Naimi,Laboratoire de Traitement de l'Information
art_00660,First-principle investigation of LiSrX (X=P and As) half-Heusler semiconductor compounds,2022,3.6076279,-0.5730402,4,"C4 · properties, synthesis, numerical",Mohamed Idiri,Laboratoire de Physique de la Matière Condensée
art_00661,"First-Principles Calculations Study of Structural, Elastic, Electronic and Optical Properties of Co2 − xVxFeGe Full-Heusler Alloys",2023,3.66384,-0.5221174,4,"C4 · properties, synthesis, numerical",Mohamed Idiri,Laboratoire de Physique de la Matière Condensée
art_00662,First principles computational study of MgX3H8 (X=V and Fe) for hydrogen storage applications,2025,4.4727826,-0.024479602,4,"C4 · properties, synthesis, numerical",Mohamed Idiri,Laboratoire de Physique de la Matière Condensée
art_00663,"First-principles investigation of M2TiH6 (M = Ba, Sr) hydrides for hydrogen storage applications",2026,4.479839,-0.015153498,4,"C4 · properties, synthesis, numerical",Mohamed Idiri,Laboratoire de Physique de la Matière Condensée
art_00664,First-Principles Investigation of Mn-Doped BaSnO 3 Perovskites for Enhanced Optoelectronic Performance,2026,3.6004736,-0.7709291,1,"C1 · properties, water, mg",Rhma Adhiri,Laboratoire d’Ingénierie et de Matériaux
art_00665,First-Principles Study of Mn-Doped Basno3: Toward High-Performance Perovskite Materials for Optoelectronic Applications,2025,3.5967414,-0.70482975,4,"C4 · properties, synthesis, numerical",Rhma Adhiri,Laboratoire d’Ingénierie et de Matériaux
art_00666,First-principles study on the physical properties of double perovskites LiX3H8 (X = Ni and Mn) for hydrogen storage,2025,4.5055,0.0020159746,4,"C4 · properties, synthesis, numerical",Mohamed Idiri,Laboratoire de Physique de la Matière Condensée
art_00667,"First-principles study to explore the physical properties of zirconium-based hydride perovskites ZrXH3 (X=Sc, Ti, V, Mn or Fe) with the intention of storing hydrogen",2025,4.4782295,-0.00020622059,4,"C4 · properties, synthesis, numerical",Abdelilah Akouibaa; Soumia Mordane,Laboratoire d’Ingénierie et de Matériaux
art_00668,"First record of a small stegosaur footprint (cf.Stegopodus) from the ?Upper Jurassic-?Lower Cretaceous red beds of the Middle Atlas, Morocco",2022,-0.009014616,2.0350442,0,"C0 · morocco, atlas, basin",Mostafa Oukassou,"Géosciences, Géomatique et Environnement"
art_00669,Fisher Fixed Point Results in Generalized Metric Spaces with a Graph,2020,-0.19485962,-5.8814073,2,"C2 · model, control, data",Abderrahim Eladraoui,"Laboratoire d'Analyse, Modélisation et Simulation"
art_00670,Fixed Points Results for Various Types of Tricyclic Contractions,2021,0.05706292,-6.0472393,2,"C2 · model, control, data",Abdelhafid Bassou,"Laboratoire d'Analyse, Modélisation et Simulation"
art_00671,Flame-retardant and water-repellent coating on cotton fabric by titania–boron sol–gel method,2020,3.162814,-1.0357395,4,"C4 · properties, synthesis, numerical",Said Gmouh,Laboratoire d’Ingénierie et de Matériaux
art_00672,Flammability and combustion behavior of cotton fabrics treated by the sol gel method using ionic liquids combined with different anions,2018,3.9150393,-1.0742875,4,"C4 · properties, synthesis, numerical",Said Gmouh,Laboratoire d’Ingénierie et de Matériaux
art_00673,"Fluid–Melt–Rock Interaction during the Transition from Magmatism to HT-UHT-Granulite- and Amphibolite-Facies Metamorphism in the Ediacaran Adrar–Suttuf Metamafic Complex, NW Margin of the West African Craton (Southern Morocco)",2024,-1.1420224,1.2046719,7,"C7 · phosphate, properties, po4",Faouziya Haissen,"Géosciences, Géomatique et Environnement"
art_00674,"Fluorescence and CD spectroscopic analysis of the α‐chymotrypsin stabilization by the ionic liquid, 1‐ethyl‐3‐methylimidazolium bis[(trifluoromethyl)sulfonyl]amide",2004,4.080579,-1.9312642,5,"C5 · molecular, corrosion, experimental",Said Gmouh,Laboratoire d’Ingénierie et de Matériaux
art_00675,Forecasting Academic Success in Moroccan Secondary Education: Development of a Predictive Tool Based on Machine Learning,2026,-2.7770476,-4.3710003,4,"C4 · properties, synthesis, numerical",Khadija Achtaich; Mohammed Aitdaoud,Laboratoire d’Intelligence Artificielle et Systèmes
art_00676,Formative E-Assessment and Behavioral Commitment of Students: Case of the Faculty of Science Ben M’sik,2019,-2.5751126,-1.8263693,3,"C3 · learning, data, detection",Mounir Sadiq,Technologie de l'Information et Modélisation
art_00677,Formulation semi analytique de la propagation non linéaire de la houle,2016,1.307529,-3.0211968,2,"C2 · model, control, data",Soumia Mordane,Laboratoire d’Ingénierie et de Matériaux
art_00678,"Fractures network mapping using remote sensing in the Paleozoic massif of Tichka (Western High Atlas, Morocco)",2017,-1.0233109,2.9494889,0,"C0 · morocco, atlas, basin",Mostafa Oukassou; Soufiane Maimouni,"Géosciences, Géomatique et Environnement"
art_00679,Fraud detection in credit card transaction using machine learning techniques,2019,-1.5281632,-3.7391157,3,"C3 · learning, data, detection",Faouzia Benabbou; Nawal Sael,Laboratoire d’Intelligence Artificielle et Systèmes
art_00680,Fraud detection in credit card transaction using neural networks,2019,-1.7239039,-3.817325,3,"C3 · learning, data, detection",Faouzia Benabbou; Nawal Sael,Laboratoire d’Intelligence Artificielle et Systèmes
art_00681,From 1G to 6G,2026,-1.3569344,-2.3740451,3,"C3 · learning, data, detection",Mohamed Ghazouani,Technologie de l'Information et Modélisation
art_00682,From fixed to adaptive depth selection for YOLO-based traffic sign detection,2026,-2.0243447,-3.8712018,3,"C3 · learning, data, detection",Abdelmoghit Zaarane; Issam Atouf,Laboratoire de Traitement de l'Information
art_00683,From Manual Review to AI Automation: An NLP-Powered System for Efficient CV Processing in Academic Admissions,2025,-2.4499142,-2.9416149,3,"C3 · learning, data, detection",Mohamed Ghazouani,Technologie de l'Information et Modélisation
art_00684,From Offshore to Harbor: An Integrated Multi-Scale Framework for Wave Transformation at Larache (Morocco),2026,0.6448931,-2.4484768,3,"C3 · learning, data, detection",Hassan Laarabi; Laila Mouakkir,"Laboratoire d'Analyse, Modélisation et Simulation"
art_00685,FSLSM-Based Analysis of Student Performance Information in a Blended Learning Course Using Moodle LMS,2024,-2.5772705,-1.9602574,3,"C3 · learning, data, detection",Mohammed Aitdaoud,Laboratoire d’Intelligence Artificielle et Systèmes
art_00686,Functional Thermoresponsive Hydrogel Molecule to Material Design for Biomedical Applications,2022,0.6162834,-1.321193,2,"C2 · model, control, data",Fouad Damiri; Mohammed Berrada,Laboratoire Biologie et Santé
art_00687,Functional-Type Caristi–Kirk Theorem on Menger Space and Application,2020,0.1804379,-5.176437,2,"C2 · model, control, data",Abderrahim Eladraoui,"Laboratoire d'Analyse, Modélisation et Simulation"
art_00688,"Functionalization of cotton fabrics by sol-gel method using ionic liquids with high-hydrophobic, excellent water repellent, oil/water separation, and self-cleaning properties",2023,3.5381696,-0.7881979,4,"C4 · properties, synthesis, numerical",Said Gmouh,Laboratoire d’Ingénierie et de Matériaux
art_00689,Fusion of engineering insights and emerging trends: Intelligent urban traffic management system,2022,-1.2891846,-4.111502,4,"C4 · properties, synthesis, numerical",Mohamed Talea,Laboratoire de Traitement de l'Information
art_00690,Gain and bandwidth enhancement of new planar microstrip array antennas geometry for C band weather radar applications,2017,1.7270359,-3.3644395,3,"C3 · learning, data, detection",Abdellatif Slimani,Laboratoire de Traitement de l'Information
art_00691,Gamified Digital Learning in Primary Education: A Mixed-Methods Study of Scratch Integration in a Moroccan Context,2026,-1.79438,-1.6838354,3,"C3 · learning, data, detection",Khadija Achtaich,Laboratoire d’Intelligence Artificielle et Systèmes
art_00692,GasGAT: a graph attention network framework for smart contract gas optimization,2026,-1.9844975,-2.9920614,3,"C3 · learning, data, detection",Tarik Chafiq,Laboratoire de Traitement de l'Information
art_00693,GC/MS Analysis and Antibacterial Activity of the Essential Oil of Moroccan Tetraclinis articulata (Vahl) Masters,2019,2.0895712,1.5990566,1,"C1 · properties, water, mg",Wadi Badri,Laboratoire d'Ecologie et d'Environnement
art_00694,"Gender, age, and emotion-aware strategies in AI-enhanced education: insights from future educators and algorithmic thinking in primary schools",2025,-1.9205576,-1.7820221,3,"C3 · learning, data, detection",Khadija Achtaich,Laboratoire d’Intelligence Artificielle et Systèmes
art_00695,General characterization and potential use of Moroccan lizardite clay in ceramics: Technological and dielectric studies,2023,2.3429937,-1.4756316,1,"C1 · properties, water, mg",Chaouki Sadik,Laboratoire de Chimie Physique des Matériaux Appliqués
art_00696,"Generalized parallel concatenated block codes based on BCH and RS codes,\n construction and Iterative decoding",2013,-0.64938545,-2.9539914,3,"C3 · learning, data, detection",Said Nouh,Technologie de l'Information et Modélisation
art_00697,Generate a Meta-Model Content for Collaboration Space of Learning Management System Compatible with IMS-LD,2019,-2.3157203,-2.2387981,2,"C2 · model, control, data",Tarik Chafiq,Laboratoire de Traitement de l'Information
art_00698,Genotoxic Effects and Mitosis Aberrations of Chromium (Vi) on Root Cells of Vicia Faba and its Molecular Docking Analysis,2023,4.353911,-2.6650276,5,"C5 · molecular, corrosion, experimental",Amal Elhamsaselyoubi,Laboratoire Biologie et Santé
art_00699,Genotoxic effects and mitosis aberrations of chromium (VI) on root cells of Vicia faba and its molecular docking analysis,2024,1.2406869,-0.16256493,1,"C1 · properties, water, mg",Amal Elhamsaselyoubi,Laboratoire Biologie et Santé
art_00700,GENOTYPING OF HELICOBACTER PYLORI CAGA EPIYA MOTIF AS A RISK FACTOR OF GASTRIC LESIONS SEVERITY IN A MOROCCAN POPULATION,2020,-0.38288158,-0.9232266,1,"C1 · properties, water, mg",Halima Lebrazi,Laboratoire Biologie et Santé
art_00701,"Geochemical Analysis of Coastal Sediments near Larache and Moulay Bousselham, Morocco",2024,0.24211396,-1.5478292,1,"C1 · properties, water, mg",Allal Labriki,"Géosciences, Géomatique et Environnement"
art_00702,"Geochemical investigation of the taphonomy, stratigraphy, and palaeoecology of the mammals from the Ouled Abdoun Basin (Paleocene-Eocene of Morocco)",2021,-0.21183792,2.5993989,0,"C0 · morocco, atlas, basin",Mustapha Mouflih,"Géosciences, Géomatique et Environnement"
art_00703,Geochemical Siliceous and Silicified Facies of Phosphate Series of Ouled Abdoun Basin (Morocco),2014,3.4256184,-1.3674562,0,"C0 · morocco, atlas, basin",Mustapha Mouflih,"Géosciences, Géomatique et Environnement"
art_00704,"Geochemistry and Petrogenesis of Lower Jurassic Mafic Rock Suites in the External Rif Belt, and Chemical Geodynamics of the Central Atlantic Magmatic Province (CAMP) in Northwest Morocco",2021,-1.0272744,2.5882466,0,"C0 · morocco, atlas, basin",Faouziya Haissen,"Géosciences, Géomatique et Environnement"
art_00705,"Geographic analysis of landfill suitability in Fez, Morocco: a multi-criteria approach",2023,0.016568465,-1.8489357,1,"C1 · properties, water, mg",Allal Labriki; Tarik Chafiq,"Géosciences, Géomatique et Environnement"
art_00706,Geographic Variation in the Leaf Oils and DNA Fingerprints (RAPDs) ofJuniperus thuriferaL. from Morocco and Europe,2003,0.2764122,1.2166511,2,"C2 · model, control, data",Wadi Badri,Laboratoire d'Ecologie et d'Environnement
art_00707,Geoheritage of the Azrou-Khenifra Basin (Moroccan Massif Central): Inventory and Quantitative Assessment of Geosites,2025,-0.83136487,1.0991058,7,"C7 · phosphate, properties, po4",Allal Labriki,"Géosciences, Géomatique et Environnement"
art_00708,Geology and Mineralogy of Clays for Nanocomposites: State of Knowledge and Methodology,2016,-1.0057995,0.5575095,7,"C7 · phosphate, properties, po4",Chaouki Sadik,Laboratoire de Chimie Physique des Matériaux Appliqués
art_00709,Geopolymer composites reinforced with natural Fibers: A review of recent advances in processing and properties,2023,2.5653617,-0.8996277,7,"C7 · phosphate, properties, po4",Omar Tanane,Laboratoire de Chimie Physique des Matériaux Appliqués
art_00710,Geotechnical Analysis and Stabilization of the Jebha Landslide: A Case Study from Morocco's Mediterranean Ring Road,2025,0.2919726,-2.2758384,3,"C3 · learning, data, detection",Allal Labriki,"Géosciences, Géomatique et Environnement"
art_00711,Geothermal potential mapping of Northeast Morocco (Bekrane-Ahfir) using remote sensing data and GIS,2021,-0.030709255,-2.081483,2,"C2 · model, control, data",Soufiane Maimouni,"Géosciences, Géomatique et Environnement"
art_00712,"GIS-Based Methodology for Assessing Public Transport Accessibility: A Case Study of Marrakech, Morocco",2024,-0.3412851,-2.0052886,3,"C3 · learning, data, detection",Soufiane Maimouni,"Géosciences, Géomatique et Environnement"
art_00713,Global positioning systems meteorology over Morocco: accuracy assessment and comparison of zenith tropospheric delay from global positioning systems and radiosondes,2018,0.76970774,-2.1755133,2,"C2 · model, control, data",Soumia Mordane,Laboratoire d’Ingénierie et de Matériaux
art_00714,Global stability of a class of fractional partial differential equations describing the dynamics of viral infection with therapy and adaptive immunity,2026,0.66714096,-4.0066457,2,"C2 · model, control, data",Abdelhafid Bassou,"Laboratoire d'Analyse, Modélisation et Simulation"
art_00715,Good Quasi-Cyclic Codes from Circulant Matrices Concatenation using a Heuristic Method,2016,-0.72272605,-4.9030156,2,"C2 · model, control, data",Said Nouh,Technologie de l'Information et Modélisation
art_00716,"Gradual changes in upwelled seawater conditions (redox, pH) from the late Cretaceous through early Paleogene at the northwest coast of Africa: Negative Ce anomaly trend recorded in fossil bio-apatite",2015,-0.16748868,2.2368886,0,"C0 · morocco, atlas, basin",Mustapha Mouflih,"Géosciences, Géomatique et Environnement"
art_00717,Graph-based Deep Learning for Detecting Gas Inefficiency in Ethereum Smart Contracts,2026,-1.7100117,-2.8073459,3,"C3 · learning, data, detection",Tarik Chafiq,Laboratoire de Traitement de l'Information
art_00718,Graph transformer for cross-lingual plagiarism detection,2022,-2.043665,-3.2518575,3,"C3 · learning, data, detection",Elhabib Benlahmar,Technologie de l'Information et Modélisation
art_00719,Green approach to corrosion inhibition of mild steel in 1 M HCl solutions by Monosaccharides derivatives,2015,3.515814,-2.5861673,5,"C5 · molecular, corrosion, experimental",Said Bakkali,Laboratoire de Chimie Physique des Matériaux Appliqués
art_00720,"Groundwater recharge potential mapping using piezometric data, remote sensing, GIS-based algorithms, and machine learning in the Ansegmir River Watershed, Upper Moulouya region, Morocco",2026,-0.055424813,-1.7569829,3,"C3 · learning, data, detection",Allal Labriki,"Géosciences, Géomatique et Environnement"
art_00721,Growth and heavy metals uptake by Vicia faba in mining soil and tolerance of its symbiotic rhizobacteria,2019,1.0760885,-0.32343808,1,"C1 · properties, water, mg",Loubna Benidire,Laboratoire d'Ecologie et d'Environnement
art_00722,Gum Arabic,2025,1.7185159,-0.9938356,1,"C1 · properties, water, mg",Loubna Benidire,Laboratoire d'Ecologie et d'Environnement
art_00723,Habitudes toxiques et comportements alimentaires de 305 cas du cancer du sein colligés au centre Mohammed VI pour les traitements des cancers de Casablanca,2020,-0.8726375,-0.9875685,1,"C1 · properties, water, mg",Driss Radallah,Laboratoire Biologie et Santé
art_00724,Haematolymphoid Tumours Karyotypes: A Moroccan Population Retrospective Study from 1992 to 2021,2024,-0.75462633,-0.9980888,1,"C1 · properties, water, mg",Halima Lebrazi,Laboratoire Biologie et Santé
art_00725,Handling Imbalanced Datasets in the Case of Credit Card Fraud,2022,-2.1048238,-3.5146866,4,"C4 · properties, synthesis, numerical",Abderrahmane Daif,Technologie de l'Information et Modélisation
art_00726,Hardware Implementation of Roadway Classification System in FPGA Platform,2020,-2.1452572,-5.764375,4,"C4 · properties, synthesis, numerical",Issam Atouf,Laboratoire de Traitement de l'Information
art_00727,Harnessing Pretrained Models for Arabic Idiomatic Expression Identification: LLMs,2025,-2.4954133,-3.8803442,3,"C3 · learning, data, detection",Sanaa Elfilali,Laboratoire d’Intelligence Artificielle et Systèmes
art_00728,"Heterocyclic Amine-Containing Derivatives of 13-amino-9α-Hydroxyparthenolide: Stereoselective Synthesis, Spectroscopic Characterization and MEDT-DFT Reactivity Study",2026,4.1611576,-3.2395487,5,"C5 · molecular, corrosion, experimental",Mohamed Moumou,Laboratoire de Chimie Analytique et Moléculaire
art_00729,High-Co and Low-Cross Polarization Measurements in a Miniaturized Ultra-Wideband Compact Array Antenna for Multi-Mission Radars,2023,1.9016529,-3.1938927,3,"C3 · learning, data, detection",Abdellatif Slimani,Laboratoire de Traitement de l'Information
art_00730,High extraction and excellent anti-UV and anti-oxidant proprieties of lignin from Reseda Luteola L. waste by organosolv process,2024,1.7446533,-1.09589,1,"C1 · properties, water, mg",Asmaa Benbiyi,Laboratoire de Chimie Physique des Matériaux Appliqués
art_00731,High order mesh-free method for frictional contact,2018,1.7070014,-4.056579,2,"C2 · model, control, data",Bouazza Braikat,Laboratoire de Physique de la Matière Condensée
art_00732,"High-P amphibolite-facies metamorphism in the Adrar–Souttouf Metamafic Complex, Oulad Dlim Massif (West African Craton margin, Morocco)",2018,-0.91457975,1.3153214,7,"C7 · phosphate, properties, po4",Faouziya Haissen,"Géosciences, Géomatique et Environnement"
art_00733,High Performance Decoding by Combination of the Hartmann Rudolph Decoder and Soft Decision Decoding by Hash Techniques,2021,-2.8856857,-2.7793448,4,"C4 · properties, synthesis, numerical",Said Nouh,Technologie de l'Information et Modélisation
art_00734,High Speed Soft Decision Decoding of Linear Codes Based on Hash and Syndrome Decoding,2018,-0.8271191,-4.8426204,3,"C3 · learning, data, detection",Said Nouh,Technologie de l'Information et Modélisation
art_00735,High‐grade metamorphism and hydrous melting of metapelites in the Pinos terrane (W Cuba): Evidence for crustal thickening and extension in the northern Caribbean collisional belt,2001,-0.62050086,2.514093,0,"C0 · morocco, atlas, basin",Faouziya Haissen,"Géosciences, Géomatique et Environnement"
art_00736,Highly efficient conversion of plastic waste into fuel via thermal cracking: Thermo-structural analysis of the pyrolysis reactor and characterization of the final product,2024,1.8451211,-1.739069,4,"C4 · properties, synthesis, numerical",Soufiane Zerraf,Laboratoire de Chimie Physique des Matériaux Appliqués
art_00737,"High‐performance geopolymer from brick wastes and metakaolin: Alkali treatment optimization, phase transformation, and property analysis",2024,2.0248797,-1.2786993,1,"C1 · properties, water, mg",Omar Tanane,Laboratoire de Chimie Physique des Matériaux Appliqués
art_00738,History and Cultural Comparisons between African and Traditional Chinese Medicine: The Case of Tetraena Gaetula,2025,-1.496295,-2.4391103,3,"C3 · learning, data, detection",Amal Elhamsaselyoubi; Driss Radallah,Laboratoire Biologie et Santé
art_00739,Hormonal risk factors for breast cancer in Morocco: case-control study,2019,0.27101922,-0.44727728,2,"C2 · model, control, data",Driss Radallah,Laboratoire Biologie et Santé
art_00740,How much time is sufficient for benefiting of awareness programs in epidemics prevention? A free final time optimal control approach,2017,0.5761863,-4.4730725,4,"C4 · properties, synthesis, numerical",Omar Zakary,"Laboratoire d'Analyse, Modélisation et Simulation"
art_00741,HPLC-UV-MS/MS Profiling of Phenolics from Euphorbia nicaeensis (All.) Leaf and Stem and Its Antioxidant and Anti-Protein Denaturation Activities,2023,1.052679,-1.5040327,2,"C2 · model, control, data",Anass Kettani; Karima Mohtadi,Laboratoire Biologie et Santé
art_00742,Human behavior scoring in credit card fraud detection,2021,-1.9148684,-4.454103,2,"C2 · model, control, data",Faouzia Benabbou; Nawal Sael,Laboratoire d’Intelligence Artificielle et Systèmes
art_00743,Human Mitochondrial DNA: Particularities and Diseases,2021,-0.57878137,-4.3230996,2,"C2 · model, control, data",Driss Radallah,Laboratoire Biologie et Santé
art_00744,Humanisation de l'espace d'acueuil hospitalier,2014,1.4489511,-1.661838,4,"C4 · properties, synthesis, numerical",Samia Yousfi,Laboratoire de Chimie Analytique et Moléculaire
art_00745,Hydrochemical degradation and eutrophication dynamics in a wastewater-fed reservoir under semi-arid conditions: the Hassar Dam (Morocco),2026,-0.7040043,3.8211348,0,"C0 · morocco, atlas, basin",Abdelmottalib Nahli,Laboratoire d'Ecologie et d'Environnement
art_00746,Hydrogen Generation by Water Electrolysis,2018,1.07483,-1.3611759,2,"C2 · model, control, data",Youssef Naimi,Laboratoire de Traitement de l'Information
art_00747,Hydrogen permeability of reinforced polyamide 12 composites modified with carbon nanotubes for barrier lining applications in pipelines and storage tanks,2026,4.2675858,-0.1790916,1,"C1 · properties, water, mg",Youssef Naimi,Laboratoire de Traitement de l'Information
art_00748,Hydrogen Production by Water Electrolysis: Review,2023,0.90605664,-1.3392053,3,"C3 · learning, data, detection",Youssef Naimi,Laboratoire de Traitement de l'Information
art_00749,Hygrometric Determination of the Water Activities of the Aqueous Solutions of the Mixed Electrolyte NaCl–CaCl2–H2O at 25°C,2004,6.5767198,0.7578733,4,"C4 · properties, synthesis, numerical",Asmaa Benbiyi,Laboratoire de Chimie Physique des Matériaux Appliqués
art_00750,ICT Practice in Morocco's innovative teachers,2013,-2.1812341,-1.7683457,2,"C2 · model, control, data",Abdelmjid Abourriche,Laboratoire Biologie et Santé
art_00751,"Identification of a novel dual-target scaffold for 3CLpro and RdRp proteins of SARS-CoV-2 using 3D-similarity search, molecular docking, molecular dynamics and ADMET evaluation",2020,1.1483072,0.8099076,2,"C2 · model, control, data",Samir Chtita,Laboratoire de Chimie Analytique et Moléculaire
art_00752,Identification of novel T-cell epitopes on monkeypox virus and development of multi-epitopes vaccine using immunoinformatics approaches,2023,-2.0987427,1.1941483,7,"C7 · phosphate, properties, po4",Anass Kettani,Laboratoire Biologie et Santé
art_00753,Identification of potent inhibitors of NEK7 protein using a comprehensive computational approach,2022,1.4445254,0.7085564,5,"C5 · molecular, corrosion, experimental",Samir Chtita,Laboratoire de Chimie Analytique et Moléculaire
art_00754,Identifying good organizational practices through the McKinsey 7S framework: A case study of an ophthalmology clinic,2026,-1.5808519,-2.5572028,3,"C3 · learning, data, detection",Rachid Saile,Laboratoire Biologie et Santé
art_00755,Identifying the set of all admissible disturbances: discrete-time systems with perturbed gain matrix,2020,-0.91007084,0.8220767,7,"C7 · phosphate, properties, po4",Omar Zakary,"Laboratoire d'Analyse, Modélisation et Simulation"
art_00756,Imidazole and Azo-Based Schiff Bases Ligands as Highly Active Antifungal and Antioxidant Components,2019,2.1879938,1.315082,2,"C2 · model, control, data",Siham Slassi,Laboratoire d’Ingénierie et de Matériaux
art_00757,Immobilisation of bacteria onto magnetic nanoparticles for the decolorisation and degradation of azo dyes,2018,2.168577,-0.6938214,1,"C1 · properties, water, mg",Said Gmouh,Laboratoire d’Ingénierie et de Matériaux
art_00758,Immuno-informatics-based Identification of Novel Potential B Cell and T Cell Epitopes to Fight Zika Virus Infections,2020,-0.05912001,-0.7817031,1,"C1 · properties, water, mg",Anass Kettani,Laboratoire Biologie et Santé
art_00759,Impact of Climate Conditions on the Water Potential of the River Ansegmir Watershed (Morocco),2024,0.095059104,-1.5793962,1,"C1 · properties, water, mg",Allal Labriki,"Géosciences, Géomatique et Environnement"
art_00760,Impact of Cognitive Computational Models in Neuroscience,2025,-1.2199681,-1.2886531,2,"C2 · model, control, data",Mounir Sadiq,Technologie de l'Information et Modélisation
art_00761,Impact of different rinsing temperatures on SnS thin films created using the SILAR technique,2024,3.618117,-0.8176517,2,"C2 · model, control, data",Othmane Daoudi,Laboratoire de Physique de la Matière Condensée
art_00762,"Impact of initial conditions on modelling extreme precipitation: case of November 29–30, 2010 floods over Morocco",2022,-0.22937362,4.617751,6,"C6 · morocco, maroc, rabat",Soumia Mordane,Laboratoire d’Ingénierie et de Matériaux
art_00763,Impact of intercropping and co-inoculation with strains of plant growth-promoting rhizobacteria on phosphorus and nitrogen concentrations and yield of durum wheat (Triticum durum) and faba bean (Vicia faba),2019,1.0101243,-0.8287169,2,"C2 · model, control, data",Loubna Benidire,Laboratoire d'Ecologie et d'Environnement
art_00764,Impact of IoT devices in E-Health: A Review on IoT in the context of COVID-19 and its variants,2021,0.17931907,-3.662228,3,"C3 · learning, data, detection",Elhabib Benlahmar; Khadija Achtaich,Technologie de l'Information et Modélisation
art_00765,Impact of pressure on quaternary Heusler alloy LiScNiGe for optoelectronic application,2025,3.6084497,-0.64486736,4,"C4 · properties, synthesis, numerical",Mohamed Idiri,Laboratoire de Physique de la Matière Condensée
art_00766,Impact of sputtering yield and backscattered ion coefficient on plasma facing surface exposed to energetic charged particles in the fusion reactor,2019,2.7298186,-2.6508207,2,"C2 · model, control, data",Rachida Moultif,Laboratoire de Physique de la Matière Condensée
art_00767,Impact of the variational assimilation of ground-based GNSS zenith total delay into AROME-Morocco model,2020,0.9951169,-3.08814,2,"C2 · model, control, data",Soumia Mordane,Laboratoire d’Ingénierie et de Matériaux
art_00768,Impact of weather regimes on wind and wave energy potential: application to the Iberian-Moroccan Atlantic region,2026,-0.29016867,3.6080418,0,"C0 · morocco, atlas, basin",Laila Mouakkir,Laboratoire d’Ingénierie et de Matériaux
art_00769,Impact of wind speed on fishing effort,2020,-0.6760451,0.35285684,7,"C7 · phosphate, properties, po4",Imane Agmour,"Laboratoire d'Analyse, Modélisation et Simulation"
art_00770,Impacts of losses functions on the quality of the ultrasound image by using machine learning algorithms,2021,-1.925069,-3.4944932,2,"C2 · model, control, data",Abdelhakim Alali,Laboratoire de Traitement de l'Information
art_00771,Impacts of mining activities on soil properties: case studies from Morocco mine sites,2021,1.065539,-0.6363284,1,"C1 · properties, water, mg",Loubna Benidire,Laboratoire d'Ecologie et d'Environnement
art_00772,Implementation of a Computing Device to Quality Service in Learning in Higher Education to Enhance Student’s Quality of Life,2014,-2.3197641,-2.358834,2,"C2 · model, control, data",Mohssine Bentaib,Technologie de l'Information et Modélisation
art_00773,Implementation of the Analytic Hierarchy Process for Student Profile Analysis,2019,-1.4138556,-1.5238903,3,"C3 · learning, data, detection",Faouzia Benabbou; Nawal Sael,Laboratoire d’Intelligence Artificielle et Systèmes
art_00774,Improvement of the interface bonding between date palm fibers and polymeric matrices using alkali-silane treatments,2018,2.3775637,-1.4628701,1,"C1 · properties, water, mg",Omar Tanane,Laboratoire de Chimie Physique des Matériaux Appliqués
art_00775,"Improving heavy rainfall forecasts by assimilating surface precipitation in the convective scale model AROME: A case study of the Mediterranean event of November 4, 2017",2019,1.0889965,-3.3140652,2,"C2 · model, control, data",Soumia Mordane,Laboratoire d’Ingénierie et de Matériaux
art_00776,Improving Predictive Maintenance Performance Using Machine Learning and Vibration Analysis Algorithms,2025,-2.2437446,-2.8706858,3,"C3 · learning, data, detection",Khadija Achtaich,Laboratoire d’Intelligence Artificielle et Systèmes
art_00777,In Silico Analysis of High‐Risk Missense Variants in Human ACE2 Gene and Susceptibility to SARS‐CoV‐2 Infection,2021,-0.13184828,-0.81309205,2,"C2 · model, control, data",Anass Kettani,Laboratoire Biologie et Santé
art_00778,"In silico detection of potential inhibitors from vitamins and their derivatives compounds against SARS-CoV-2 main protease by using molecular docking, molecular dynamic simulation and ADMET profiling",2022,1.5707954,0.69905967,1,"C1 · properties, water, mg",Samir Chtita,Laboratoire de Chimie Analytique et Moléculaire
art_00779,In silico investigation of phytoconstituents from Cameroonian medicinal plants towards COVID-19 treatment,2022,1.5260026,0.73961294,1,"C1 · properties, water, mg",Samir Chtita,Laboratoire de Chimie Analytique et Moléculaire
art_00780,In vitro and in silico evaluation of the antimicrobial and antioxidant activities of spiropyrazoline oxindole congeners,2023,1.59356,0.7542423,5,"C5 · molecular, corrosion, experimental",Samir Chtita,Laboratoire de Chimie Analytique et Moléculaire
art_00781,In vitro anticancer activity of some plants used in Moroccan traditional medicine,2013,0.95204324,0.6237013,7,"C7 · phosphate, properties, po4",Amal Elhamsaselyoubi,Laboratoire Biologie et Santé
art_00782,In Vivo Anti-Inflammatory and Analgesic Effects of Aqueous Extract of Cistus ladanifer L. From Morocco,2016,0.95232135,0.2439279,1,"C1 · properties, water, mg",Amal Elhamsaselyoubi,Laboratoire Biologie et Santé
art_00783,Incorporating a cryptographic-based Blockchain technology to revolutionize degree automation,2023,-2.0061874,-2.3629115,3,"C3 · learning, data, detection",Tarik Chafiq,Laboratoire de Traitement de l'Information
art_00784,Incorporation of Scratch Programming and Algorithmic Resource Design in Primary Education,2025,-1.7302356,-1.7754357,3,"C3 · learning, data, detection",Khadija Achtaich,Laboratoire d’Intelligence Artificielle et Systèmes
art_00785,"INDICES SPECTRAUX ET ""SPECTRAL ANGLE MAPPER"" POUR LA CARTOGRAPHIE DES RISQUES D'ÉROSION HYDRIQUE À PARTIR DES DONNÉES ALI EO-1",2012,-0.701856,-0.016404444,7,"C7 · phosphate, properties, po4",Soufiane Maimouni,"Géosciences, Géomatique et Environnement"
art_00786,Inelastic scattering of antiprotons from 12C and 18O at 50 and 180 MeV,1986,2.894436,-2.633965,4,"C4 · properties, synthesis, numerical",Mohammed Berrada,Laboratoire Biologie et Santé
art_00787,Inflammation and cardiovascular risk assessment in Moroccan obese patients with and without metabolic syndrome: importance of lipoproteins ratios.,2014,-0.7377833,-0.9252915,1,"C1 · properties, water, mg",Halima Lebrazi,Laboratoire Biologie et Santé
art_00788,Influence de la nature chimique et minéralogique des argiles et du processus de fabrication sur la qualité des carreaux céramiques,2012,2.9152997,-1.8950349,2,"C2 · model, control, data",Chaouki Sadik,Laboratoire de Chimie Physique des Matériaux Appliqués
art_00789,Influence des facteurs socio-économiques et du niveau d'éducation sur le cancer colorectal chez une population marocaine,2019,-1.0809659,-1.0509293,3,"C3 · learning, data, detection",Driss Radallah,Laboratoire Biologie et Santé
art_00790,Influence of decyl glucoside on the electrodeposition of tin,2006,3.7545784,-1.7089863,2,"C2 · model, control, data",Said Bakkali,Laboratoire de Chimie Physique des Matériaux Appliqués
art_00791,Influence of S-dodecylmercaptobenzimidazole as organic additive on electrodeposition of tin,2014,3.1417944,-0.21752217,7,"C7 · phosphate, properties, po4",Said Bakkali,Laboratoire de Chimie Physique des Matériaux Appliqués
art_00792,Influence of the Inclination Angle on Mixed Convection and Heat Transfer in a “T” Shaped Double Enclosure,2023,1.2324322,-4.0478086,2,"C2 · model, control, data",Soumia Mordane,Laboratoire d’Ingénierie et de Matériaux
art_00793,Information Security Risk Assessment A Practical Approach with a Mathematical Formulation of Risk,2014,-1.9655509,-2.5459607,2,"C2 · model, control, data",Mohamed Ghazouani,Technologie de l'Information et Modélisation
art_00794,Innovative Applications of Sugarcane Bagasse in the Global Sugarcane Industry,2025,1.0537437,-1.2579541,1,"C1 · properties, water, mg",Omar Tanane,Laboratoire de Chimie Physique des Matériaux Appliqués
art_00795,Innovative structural and optical insights into synthesized BaTi(1-2x)SbxCrx(PO4)2 (0 ≤ x ≤ 0.5) yavapaiite phases,2025,3.341513,-0.3370436,7,"C7 · phosphate, properties, po4",Soufiane Zerraf,Laboratoire de Chimie Physique des Matériaux Appliqués
art_00796,"Insecticidal effects of essential oils against Hessian fly, Mayetiola destructor (Say)",2001,1.2715112,-0.272595,2,"C2 · model, control, data",Mohammed Berrada,Laboratoire Biologie et Santé
art_00797,Insights of the adsorption mechanism of Bemacid Red using coagulation-flocculation sludge: Optimisation using BBD-RSM and DFT calculations,2024,4.201628,-3.2319365,5,"C5 · molecular, corrosion, experimental",Asmaa Benbiyi,Laboratoire de Chimie Physique des Matériaux Appliqués
art_00798,"Integrated remote sensing data and field investigations for geological mapping and structural analysis. The case of SW Tichoukt ridge (Middle Atlas, Morocco)",2022,-1.0015349,3.1090252,0,"C0 · morocco, atlas, basin",Mostafa Oukassou,"Géosciences, Géomatique et Environnement"
art_00799,"Integrated seismic and aeromagnetic investigation of crustal structure and tectonic framework of the Rif region, Northern Morocco",2026,-0.15947296,4.699438,6,"C6 · morocco, maroc, rabat",Allal Labriki,"Géosciences, Géomatique et Environnement"
art_00800,Integrated Stability-Indicating RP-HPLC Strategy for Comprehensive Quality Control of a Phosphodiesterase-5 Inhibitor in Solid Pharmaceutical Dosage Forms,2026,2.9677331,-1.6330832,1,"C1 · properties, water, mg",Soumia Belouafa,Laboratoire Biologie et Santé
art_00801,Integrating Neutrosophic Concept into Stacking Ensemble Models for Electricity Theft Detection,2026,-2.101107,-3.4198835,4,"C4 · properties, synthesis, numerical",Issam Atouf,Laboratoire de Traitement de l'Information
art_00802,"Integrating Security into Industry 5.0: Challenges, Solutions, and Impacts",2024,-1.0572872,0.4799888,7,"C7 · phosphate, properties, po4",Mohamed Ghazouani,Technologie de l'Information et Modélisation
art_00803,Integration of a Computer Device for Learning and Training Situations: The Case of Faculty of Sciences Ben M'sik (FSBM),2019,-2.4438965,-1.8761274,2,"C2 · model, control, data",Mohssine Bentaib,Technologie de l'Information et Modélisation
art_00804,Intelligent algorithm for trapezoidal interval valued neutrosophic network analysis,2020,-0.9435005,-4.7254634,3,"C3 · learning, data, detection",Mohamed Talea,Laboratoire de Traitement de l'Information
art_00805,Intelligent Automated Resume Analysis and Ranking System for Profile Recruitment Based on Computer Vision and LLMs,2026,-2.6827018,-3.3764358,4,"C4 · properties, synthesis, numerical",Omar Zahour,Technologie de l'Information et Modélisation
art_00806,INTERACTIONS OF PHYTOESTROGENS WITH ESTROGEN-SIGNALLING PATHWAYS AND THEIR IMPLICATIONS IN PHYSIOLOGICAL AND PATHOLOGICAL PROCESSES: A REVIEW,2020,0.79291475,-0.060011286,1,"C1 · properties, water, mg",Driss Radallah,Laboratoire Biologie et Santé
art_00807,Interrelationships between Prey and Predators and How Predators Choose Their Prey to Maximize Their Utility Functions,2021,0.553086,-4.8675857,2,"C2 · model, control, data",Imane Agmour,"Laboratoire d'Analyse, Modélisation et Simulation"
art_00808,Interval Valued Neutrosophic Graphs,2016,-0.59548855,-5.7325106,2,"C2 · model, control, data",Mohamed Talea,Laboratoire de Traitement de l'Information
art_00809,Intrinsic growth rates influence on the net economic rents of fishermen,2019,0.70831,-4.0595555,2,"C2 · model, control, data",Imane Agmour,"Laboratoire d'Analyse, Modélisation et Simulation"
art_00810,Introducing Health Literacy at the Primary School Level: A Pedagogical Model for Early Scientific and Medical Education,2025,-1.6439744,-1.5622436,3,"C3 · learning, data, detection",Khadija Achtaich,Laboratoire d’Intelligence Artificielle et Systèmes
art_00811,Introduction of Ionic Liquids as Highly Efficient Plasticizers and Flame Retardants of Cellulose Triacetate Films,2022,2.760312,-0.49467573,7,"C7 · phosphate, properties, po4",Said Gmouh,Laboratoire d’Ingénierie et de Matériaux
art_00812,Inula ViscosaExtracts Induces Telomere Shortening and Apoptosis in Cancer Cells and Overcome Drug Resistance,2016,1.3263572,0.55499446,1,"C1 · properties, water, mg",Said Gmouh,Laboratoire d’Ingénierie et de Matériaux
art_00813,"Inventory and quantitative assessment of Devonian geosites in the Azrou-Khenifra Basin (eastern band of the Central Hercynian Massif, Morocco)",2024,0.4488247,-1.779938,1,"C1 · properties, water, mg",Allal Labriki,"Géosciences, Géomatique et Environnement"
art_00814,"Inversion of GPR data: 2D forms reconstruction for cavities based on born approximation, TSVD regularization and image processing algorithms",2016,2.4494545,-2.5885165,2,"C2 · model, control, data",Abdellatif Slimani,Laboratoire de Traitement de l'Information
art_00815,"Investigating double perovskites A2CrH6 (A = Ca, Sr, Ba) as hydrogen storage materials: A DFT and AIMD study",2026,4.3289294,-3.1921813,5,"C5 · molecular, corrosion, experimental",Mohamed Idiri,Laboratoire de Physique de la Matière Condensée
art_00816,Investigating the influence of light pollution on the bioeconomic dynamics of fisheries,2024,-0.5842912,0.47011903,7,"C7 · phosphate, properties, po4",Imane Agmour,"Laboratoire d'Analyse, Modélisation et Simulation"
art_00817,"Investigating the potential of blockchain technology for geospatial data sharing: Opportunities, challenges, and solutions",2024,-2.0369565,-2.6057272,3,"C3 · learning, data, detection",Tarik Chafiq,Laboratoire de Traitement de l'Information
art_00818,Investigation of FGM membrane wrinkling using reduced models based on a multi-scale method,2024,2.1152396,-4.5600142,4,"C4 · properties, synthesis, numerical",Abdellah Hamdaoui,Laboratoire de Physique de la Matière Condensée
art_00819,Investigation of LiScNiSi Heusler alloy's physical characteristics under pressure: Use in optoelectronics with the HSE06 hybrid function,2025,-2.7121046,-3.494771,4,"C4 · properties, synthesis, numerical",Mohamed Idiri,Laboratoire de Physique de la Matière Condensée
art_00820,Investigation of SAR reduction and gain enhancement using an all-textile antenna with metamaterial structure for wireless body area network applications,2023,0.48660874,-2.1115804,4,"C4 · properties, synthesis, numerical",Mohamed Idiri,Laboratoire de Physique de la Matière Condensée
art_00821,"Investigation of Structural, Electronic, and Optical Properties of ASnO3 (A = Ba, Ca, Sr, and Mg) Perovskite Oxides for the Optoelectronic Applications",2026,3.635057,-0.86494714,5,"C5 · molecular, corrosion, experimental",Rhma Adhiri,Laboratoire d’Ingénierie et de Matériaux
art_00822,"Investigation of the removal of malachite green by soybean meal biochar: characterization, modelling, and adsorption mechanism",2024,2.208458,-0.85319823,1,"C1 · properties, water, mg",Samia Yousfi,Laboratoire de Chimie Analytique et Moléculaire
art_00823,Investigation on Tin Electrodeposition from Sulphuric Acid Medium,2021,3.0226488,-2.107955,2,"C2 · model, control, data",Said Bakkali,Laboratoire de Chimie Physique des Matériaux Appliqués
art_00824,Ionic Liquid Droplet as e-Microreactor,2006,-0.7860967,-4.141413,2,"C2 · model, control, data",Said Gmouh,Laboratoire d’Ingénierie et de Matériaux
art_00825,IoT Architectures: A Brief Survey on Layers’ Services,2022,-1.0895021,0.31054342,7,"C7 · phosphate, properties, po4",Khadija Achtaich,Laboratoire d’Intelligence Artificielle et Systèmes
art_00826,IoT-Enabled Smart Parking: Enhancing Efficiency and Sustainability in Smart Cities,2023,-0.6144636,-2.3597813,2,"C2 · model, control, data",Tarik Chafiq,Laboratoire de Traitement de l'Information
art_00827,IOT et Cloud Computing : état de l'art,2019,-1.8431184,0.48899785,7,"C7 · phosphate, properties, po4",Sanaa Elfilali,Laboratoire d’Intelligence Artificielle et Systèmes
art_00828,IoT Intrusion Detection: A Review of ML and DL-Based Approaches,2024,-1.329271,-2.704585,3,"C3 · learning, data, detection",Issam Atouf,Laboratoire de Traitement de l'Information
art_00829,IoT methodologies: comparative study,2020,-1.6905234,-2.6683574,3,"C3 · learning, data, detection",Nawal Sael,Laboratoire d’Intelligence Artificielle et Systèmes
art_00830,IoT real-time monitoring system implemented to observe sunlight-influenced methylene blue degradation by AC/HAp,2024,3.2472978,-0.5738334,4,"C4 · properties, synthesis, numerical",Abdelilah Akouibaa,Laboratoire d’Ingénierie et de Matériaux
art_00831,IOT Search Engines: Exploratory Data Analysis,2020,-1.2578933,-2.3053732,2,"C2 · model, control, data",Elhabib Benlahmar; Khadija Achtaich,Technologie de l'Information et Modélisation
art_00832,IOT Search Engines: Study of Data Collection Methods,2020,-0.95724136,0.21642812,7,"C7 · phosphate, properties, po4",Khadija Achtaich,Laboratoire d’Intelligence Artificielle et Systèmes
art_00833,Isolated Single Valued Neutrosophic Graphs,2016,-0.5836619,-5.735819,2,"C2 · model, control, data",Mohamed Talea,Laboratoire de Traitement de l'Information
art_00834,J48 algorithms of machine learning for predicting user's the acceptance of an E-orientation systems,2019,-2.5611959,-4.32991,2,"C2 · model, control, data",Mohammed Aitdaoud,Laboratoire d’Intelligence Artificielle et Systèmes
art_00835,"Kalsilite-bearing plutonic rocks: The deep-seated Archean Awsard massif of the Reguibat Rise, South Morocco, West African Craton",2014,-0.58082235,2.8313606,7,"C7 · phosphate, properties, po4",Faouziya Haissen,"Géosciences, Géomatique et Environnement"
art_00836,Kannan fixed point theorem on generalized metric space with a graph,2019,-0.09139456,-5.9600086,7,"C7 · phosphate, properties, po4",Abderrahim Eladraoui,"Laboratoire d'Analyse, Modélisation et Simulation"
art_00837,Kinetic Control of Oxygenated Apatites: Dynamic Operation of a Pilot-Scale Precipitation Reactor for Bone-Mimetic Biomaterials,2025,0.46898246,-1.3044491,1,"C1 · properties, water, mg",Soumia Belouafa,Laboratoire Biologie et Santé
art_00838,Knowledge of Risk Factors of Health Professionals towards Colorectal Cancer at the Mohammed VI Center of Casablanca for the Treatment of Cancers,2019,-1.2513676,-1.0969799,1,"C1 · properties, water, mg",Driss Radallah,Laboratoire Biologie et Santé
art_00839,KP-USE: An Unsupervised Approach for Key-Phrases Extraction from Documents,2022,-2.152637,-3.8629296,3,"C3 · learning, data, detection",Elhabib Benlahmar,Technologie de l'Information et Modélisation
art_00840,La méthode de décomposition du domaine : Application à un problème de soutirage,2015,1.4935704,-4.3706656,2,"C2 · model, control, data",Khalid Adnaoui,"Laboratoire d'Analyse, Modélisation et Simulation"
art_00841,"La série phosphatée du gisement de Benguerir : séquences de faciès, évolution séquentielle, minéralogie et géochimie (Maastrichtien-Lutétien)",1991,-0.44211096,2.1887963,0,"C0 · morocco, atlas, basin",Mustapha Mouflih,"Géosciences, Géomatique et Environnement"
art_00842,La structure multicaule du genévrier thurifère : avantage adaptatif à un environnement sévère ?,2001,0.6742865,-0.38559535,0,"C0 · morocco, atlas, basin",Wadi Badri,Laboratoire d'Ecologie et d'Environnement
art_00843,"La végétation, le climat et l'environnement marin au Tortonien supérieur dans le bassin de Taza-Guercif (corridor rifain, Maroc Oriental) d'après la palynologie",2001,-0.5514457,2.2449515,4,"C4 · properties, synthesis, numerical",Nadia Barhoun,"Géosciences, Géomatique et Environnement"
art_00844,Lago Mare and the Messinian Salinity Crisis: Evidence from the Alboran Sea (S. Spain),2014,-0.514888,2.8544312,0,"C0 · morocco, atlas, basin",Nadia Barhoun,"Géosciences, Géomatique et Environnement"
art_00845,Lago Mare episodes around the Messinian–Zanclean boundary in the deep southwestern Mediterranean,2015,-0.18946373,3.2257211,7,"C7 · phosphate, properties, po4",Nadia Barhoun,"Géosciences, Géomatique et Environnement"
art_00846,"Late Aptian to early Cenomanian dinoflagellate cysts from Agadir Basin, southwestern Morocco: Biostratigraphy and palaeoenvironment",2020,-0.28121316,2.0473297,0,"C0 · morocco, atlas, basin",Rachid Essamoud,"Géosciences, Géomatique et Environnement"
art_00847,"Late Cretaceous-Paleogene Formation of the Bekrit Syncline, Middle Atlas, Morocco: Sedimentology, Geochemistry, Palynology and Paleoenvironments",2021,-0.36588708,2.0411093,0,"C0 · morocco, atlas, basin",Mustapha Mouflih,"Géosciences, Géomatique et Environnement"
art_00848,"Late Miocene biostratigraphy and paleoenvironment of the Sais Basin (southern Rifian Corridor, Morocco): New insights from the Moulay Yakoub area",2023,-0.23651487,2.0929446,0,"C0 · morocco, atlas, basin",Nadia Barhoun; Rachid Essamoud,"Géosciences, Géomatique et Environnement"
art_00849,Late Miocene-early Pliocene Palaeoenvironmental Changes in the Western Rifian corridor (NE Morocco),2022,-0.25782776,2.1092331,0,"C0 · morocco, atlas, basin",Nadia Barhoun,"Géosciences, Géomatique et Environnement"
art_00850,Late Miocene Paleoenvironmental Changes in the Gharb basin (NW Morocco),2023,-1.0334473,-2.2529907,2,"C2 · model, control, data",Nadia Barhoun,"Géosciences, Géomatique et Environnement"
art_00851,Late Miocene–Early Pliocene paleoenvironmental changes in the western Rifian corridor (NW Morocco),2022,-0.8249256,3.3080194,0,"C0 · morocco, atlas, basin",Nadia Barhoun,"Géosciences, Géomatique et Environnement"
art_00852,Leaf morphological variation in common yew (Taxus baccata L.) at the species’ southern range margin in North Africa,2026,-0.21870218,-2.8480077,1,"C1 · properties, water, mg",Wadi Badri,Laboratoire d'Ecologie et d'Environnement
art_00853,Learner-Centered Teaching: A Case Study of its Implementation in Physics and Chemistry Classes in Moroccan High Schools,2020,-1.8420718,-1.4889463,3,"C3 · learning, data, detection",Said Bakkali,Laboratoire de Chimie Physique des Matériaux Appliqués
art_00854,Learning Stochastic Feedback Control Laws via Path Signature Representations,2026,0.06693495,-4.7242765,4,"C4 · properties, synthesis, numerical",Khalid Adnaoui,"Laboratoire d'Analyse, Modélisation et Simulation"
art_00855,Les environnements continentaux du corridor rifain (Maroc) au Miocène supérieur d'après la palynologie,2008,-0.25556034,2.2956634,0,"C0 · morocco, atlas, basin",Nadia Barhoun,"Géosciences, Géomatique et Environnement"
art_00856,Les épisodes Lago Mare associés à la Crise messinienne,2021,-0.28683668,2.598024,0,"C0 · morocco, atlas, basin",Nadia Barhoun,"Géosciences, Géomatique et Environnement"
art_00857,Les facteurs de risque hormonaux et alimentaires des cancers du sein chez une population marocaine,2015,-0.46655566,4.3557,6,"C6 · morocco, maroc, rabat",Driss Radallah,Laboratoire Biologie et Santé
art_00858,Leveraging IBM Tools and Social Media Insights for Postpartum Depression Prediction,2025,-1.5103492,-2.7296426,3,"C3 · learning, data, detection",Khadija Achtaich,Laboratoire d’Intelligence Artificielle et Systèmes
art_00859,Leveraging LLM Techniques for Moroccan Agriculture: Performance Analysis of RAG and Fine-Tuning Approaches with Llama 3,2026,-1.4694417,0.45452532,7,"C7 · phosphate, properties, po4",Omar Zahour,Technologie de l'Information et Modélisation
art_00860,Lichen striatus: A Blaschko linear acquired inflammatory skin eruption,1991,-0.7065174,0.3414984,4,"C4 · properties, synthesis, numerical",Amal Elhamsaselyoubi,Laboratoire Biologie et Santé
art_00861,Lifestyle factors and breast cancer in a Moroccan population case-control study of the center Mohammed VI for cancer treatment,2019,-0.962262,-0.98611164,1,"C1 · properties, water, mg",Driss Radallah,Laboratoire Biologie et Santé
art_00862,Lignocellulosic Composites as Potential Resource,2026,1.5791156,-1.3380684,1,"C1 · properties, water, mg",Siham Slassi,Laboratoire d’Ingénierie et de Matériaux
art_00863,Lineaments Extraction and Analysis Using Landsat 8 (OLI/TIRS) in the Northeast of Morocco,2022,-0.41057193,2.479053,0,"C0 · morocco, atlas, basin",Faouziya Haissen,"Géosciences, Géomatique et Environnement"
art_00864,Linear and Two‐Photon Absorption Properties of Interacting Polar Chromophores: Standard and Unconventional Effects,2006,0.47814342,-2.1533172,1,"C1 · properties, water, mg",Said Gmouh,Laboratoire d’Ingénierie et de Matériaux
art_00865,"Lipolysis in isolated epididymal adipocytes from genetically obese Zucker rat treated with 3,5,3'-L-triiodothyronine",1990,0.43149564,-0.4426899,1,"C1 · properties, water, mg",Halima Lebrazi,Laboratoire Biologie et Santé
art_00866,List of contributors,2026,-1.1947179,0.58238596,7,"C7 · phosphate, properties, po4",Issam Atouf; Loubna Benidire,Laboratoire de Traitement de l'Information
art_00867,"Lithofacies analysis, sedimentary dynamics and genesis of Maastrichtian-Eocene phosphorites of BouCraa deposit (Southern Morocco)",2021,-0.50199354,2.1947668,7,"C7 · phosphate, properties, po4",Mustapha Mouflih,"Géosciences, Géomatique et Environnement"
art_00868,Lithological Mapping Using Landsat 8 OLI in the Meso-Cenozoic Tarfaya Laayoune Basin (South of Morocco): Comparison between ANN and SID Classification,2021,-2.3738096,-3.9730072,3,"C3 · learning, data, detection",Mustapha Mouflih,"Géosciences, Géomatique et Environnement"
art_00869,Load Balancing for Improved Quality of Service in the Cloud,2015,-1.06014,-4.755032,3,"C3 · learning, data, detection",Faouzia Benabbou,Laboratoire d’Intelligence Artificielle et Systèmes
art_00870,Local Parameterization and the Asymptotic Numerical Method,2010,2.1814213,-4.7062645,4,"C4 · properties, synthesis, numerical",Bouazza Braikat,Laboratoire de Physique de la Matière Condensée
art_00871,Low-cost ceramic peridotite membrane developed with geomaterial-based sintering aids for textile wastewater treatment,2025,2.2874594,-0.44048077,4,"C4 · properties, synthesis, numerical",Chaouki Sadik,Laboratoire de Chimie Physique des Matériaux Appliqués
art_00872,Low-temperature growth of highly crystalline ZnO nanopillars by mist chemical vapor deposition technique,2025,3.317922,-1.2312537,1,"C1 · properties, water, mg",Othmane Daoudi,Laboratoire de Physique de la Matière Condensée
art_00873,Machine Learning Algorithms For Breast Cancer Prediction And Diagnosis,2021,-2.5165682,-4.1092787,2,"C2 · model, control, data",Elhabib Benlahmar,Technologie de l'Information et Modélisation
art_00874,Machine Learning Algorithms for Satellite Image Classification Using Google Earth Engine and Landsat Satellite Data: Morocco Case Study,2023,-0.4892654,-4.753909,2,"C2 · model, control, data",Abdessamad Belangour,Laboratoire d’Intelligence Artificielle et Systèmes
art_00875,Machine Learning Application in Precision Marketing: A Systematic Literature Review and Comparative Study,2023,-1.7433491,-3.9202466,7,"C7 · phosphate, properties, po4",Mounir Sadiq,Technologie de l'Information et Modélisation
art_00876,Machine learning for decoding linear block codes: case of multi-class logistic regression model,2021,-1.0611603,-4.6297493,2,"C2 · model, control, data",Said Nouh,Technologie de l'Information et Modélisation
art_00877,Machine Learning for IoT based networks intrusion detection: a comparative study,2022,-2.328165,-4.4275503,3,"C3 · learning, data, detection",Nawal Sael,Laboratoire d’Intelligence Artificielle et Systèmes
art_00878,Machine learning for satellite image classification: A comprehensive review,2022,-1.3098058,-3.3974407,3,"C3 · learning, data, detection",Abdessamad Belangour,Laboratoire d’Intelligence Artificielle et Systèmes
art_00879,Machine learning for the analysis of quality of life using the World Happiness Index and Human Development Indicators,2023,-0.14776035,-2.9217143,2,"C2 · model, control, data",Faouzia Benabbou; Nawal Sael,Laboratoire d’Intelligence Artificielle et Systèmes
art_00880,"Macronutrients Intake, and Performance of Professional Football Players from Morocco in a Pre-season Training Period",2023,-1.3069074,-1.235313,2,"C2 · model, control, data",Halima Lebrazi; Karima Mohtadi,Laboratoire Biologie et Santé
art_00881,Macroprudential Policies and Financial Stability: A Quantitative Assessment of Strategies to Mitigate Systemic Risk in Banking Networks,2026,0.09364751,-3.345479,3,"C3 · learning, data, detection",Omar Zakary,"Laboratoire d'Analyse, Modélisation et Simulation"
art_00882,Majority Voting Procedure Allowing Soft Decision Decoding of Linear Block Codes on Binary Channels,2012,-0.91030085,-4.771354,2,"C2 · model, control, data",Said Nouh,Technologie de l'Information et Modélisation
art_00883,Management and Monitoring of Blockchain Systems,2020,-1.890956,-2.609439,3,"C3 · learning, data, detection",Abderrahmane Daif,Technologie de l'Information et Modélisation
art_00884,"Management of the mycorrhizal soil infectivity with Crotalaria ochroleuca , an indigenous wild legume in the tropics: Impacts on microbial functional diversity involved in phosphorus mobilization processes in a sahelian soil",2017,0.9214937,-0.32253766,1,"C1 · properties, water, mg",Wadi Badri,Laboratoire d'Ecologie et d'Environnement
art_00885,"Mapping and Assessment of Geological Lineaments with the Contribution of Earth Observation Data: A Case Study of the Zaer Granite Massif, Western Moroccan Meseta",2023,-1.0250281,2.8822887,0,"C0 · morocco, atlas, basin",Soufiane Maimouni,"Géosciences, Géomatique et Environnement"
art_00886,"Mapping soil suitability using phenological information derived from MODIS time series data in a semi-arid region: A case study of Khouribga, Morocco",2024,-0.13573702,-1.691995,3,"C3 · learning, data, detection",Soufiane Maimouni,"Géosciences, Géomatique et Environnement"
art_00887,Maps commuting with the λ -Aluthge transform for the Lie Star Jordan product,2025,-0.15738083,-5.208828,2,"C2 · model, control, data",Bouchra Aharmim,"Laboratoire d'Analyse, Modélisation et Simulation"
art_00888,Maps commuting with the λ -Aluthge transform for the semistar Jordan product,2023,-0.15994555,-5.1897326,2,"C2 · model, control, data",Bouchra Aharmim,"Laboratoire d'Analyse, Modélisation et Simulation"
art_00889,"Maps commuting with the (f, g)-Aluthge transform on triple and generalized triple Lie-star Jordan products",2026,-0.16019286,-5.1685524,4,"C4 · properties, synthesis, numerical",Bouchra Aharmim,"Laboratoire d'Analyse, Modélisation et Simulation"
art_00890,Marruecos deja huella: cursos de verano de paleoicnología y restauración de icnitas de dinosaurio de la Universidad de La Rioja- Universidad de Rabat,2008,-0.34406143,4.54659,6,"C6 · morocco, maroc, rabat",Allal Labriki,"Géosciences, Géomatique et Environnement"
art_00891,Materials Derived from Olive Pomace as Effective Bioadsorbents for the Process of Removing Total Phenols from Oil Mill Effluents,2023,2.1222897,-0.77122635,1,"C1 · properties, water, mg",Abdelmjid Abourriche,Laboratoire Biologie et Santé
art_00892,Maternal cytokine profile and anti-bacterial specific antibody response associated with neonatal infection by E. coli and K. pneumoniae,2026,-0.3877819,-2.6851163,3,"C3 · learning, data, detection",Karima Mohtadi,Laboratoire Biologie et Santé
art_00893,Mathematical Model to Estimate and Predict the COVID-19 Infections in Morocco: Optimal Control Strategy,2020,0.48485884,-3.9316297,3,"C3 · learning, data, detection",Omar Zakary,"Laboratoire d'Analyse, Modélisation et Simulation"
art_00894,Mathematical modeling and optimal control of multi-strain COVID-19 spread in discrete time,2024,0.3548741,-3.8348224,2,"C2 · model, control, data",Hassan Laarabi,"Laboratoire d'Analyse, Modélisation et Simulation"
art_00895,Mathematical modeling of fishing bioeconomic model including wind speed effects,2020,1.1276373,-2.734918,4,"C4 · properties, synthesis, numerical",Imane Agmour,"Laboratoire d'Analyse, Modélisation et Simulation"
art_00896,"Mathematical Modeling of Public Opinions: Parameter Estimation, Sensitivity Analysis, and Model Uncertainty Using an Agree-Disagree Opinion Model",2020,0.83443123,-3.5957253,2,"C2 · model, control, data",Omar Zakary,"Laboratoire d'Analyse, Modélisation et Simulation"
art_00897,Mathematical Modeling on Vacuum Drying of Olive Pomace,2022,-1.4807585,0.4323546,7,"C7 · phosphate, properties, po4",Laila Mouakkir,Laboratoire d’Ingénierie et de Matériaux
art_00898,Mathematical study and optimal control of bioeconomic model concerning harmful dinoflagellate phytoplankton,2021,-0.4507008,2.282703,4,"C4 · properties, synthesis, numerical",Imane Agmour,"Laboratoire d'Analyse, Modélisation et Simulation"
art_00899,𝜀-Maximum principle for stochastic delayed control problems with jump-diffusion processes and application to social network-based advertising model,2026,0.2380548,-4.0043497,2,"C2 · model, control, data",Driss Bouggar,Laboratoire d’Intelligence Artificielle et Systèmes
art_00900,Measuring learning quality by Moroccan university students,2017,0.15969501,1.7763563,0,"C0 · morocco, atlas, basin",Mohammed Aitdaoud,Laboratoire d’Intelligence Artificielle et Systèmes
art_00901,Mécanismes de l'amylose et protéines impliquées,2000,0.21267541,-0.4096924,4,"C4 · properties, synthesis, numerical",Halima Lebrazi,Laboratoire Biologie et Santé
art_00902,Mechanical and aging performances of Palm/ Wool and Palm/ Polyester nonwovens coated by waterborne polyurethane for automotive interiors,2021,2.0067484,-1.7694134,4,"C4 · properties, synthesis, numerical",Said Gmouh,Laboratoire d’Ingénierie et de Matériaux
art_00903,Mechanical and thermal conductivity properties of hemp fiber reinforced polyurethane composites,2018,2.0065632,-1.5256215,1,"C1 · properties, water, mg",Omar Tanane,Laboratoire de Chimie Physique des Matériaux Appliqués
art_00904,"Mechanism and stereoselectivity of epoxidation reaction of a β-himachalene derivative: Insights from DFT, molecular docking, ADMET, and molecular dynamics investigations",2024,4.3905907,-3.0301666,5,"C5 · molecular, corrosion, experimental",Mohamed Moumou,Laboratoire de Chimie Analytique et Moléculaire
art_00905,Medical Students’ Perception of a Serious Game (ECOGAME) of Simulating an OSCE Station: Case of Mohammed VI University of Health Sciences (UM6SS),2022,-0.50569606,4.2827187,0,"C0 · morocco, atlas, basin",Mounir Sadiq,Technologie de l'Information et Modélisation
art_00906,"Mediterranean forests, land use and climate change: a social-ecological perspective",2016,-0.7937824,0.6209955,7,"C7 · phosphate, properties, po4",Wadi Badri,Laboratoire d'Ecologie et d'Environnement
art_00907,"Melaminium dihydrogenpyrophosphate: synthesis, crystal packing, Hirshfeld surface analysis, and reactivity mapping: a combined experimental and theoretical study",2025,4.132154,-3.1866853,5,"C5 · molecular, corrosion, experimental",Soufiane Zerraf,Laboratoire de Chimie Physique des Matériaux Appliqués
art_00908,"mer-[Ni(dien)2]Cl2.H2O and mer-[Ni(dien)2](NO3)2 complexes (dien= diethylenetriamine): Synthesis, physical, computational studies, antioxidant activity, and their use as precursors for Ni/NiO nanoparticles’ preparation",2024,3.2276397,-1.1134543,4,"C4 · properties, synthesis, numerical",Siham Slassi,Laboratoire d’Ingénierie et de Matériaux
art_00909,Merging Big Data With the Metaverse,2023,-1.7699108,-2.1726131,3,"C3 · learning, data, detection",Mohamed Ghazouani,Technologie de l'Information et Modélisation
art_00910,Mesh‐free model for Hopf's bifurcation points in incompressible fluid flows problems,2022,1.574036,-3.984706,2,"C2 · model, control, data",Bouazza Braikat,Laboratoire de Physique de la Matière Condensée
art_00911,"Meso-Archean to Mid-Paleozoic Granitoids in Oulad Dlim Massif (the Pericratonic Terrane of the Reguibat Shield, West African Craton, Morocco): Petrology, Geochemistry, Geochronology and Geological Implications",2022,-0.920982,1.2490742,7,"C7 · phosphate, properties, po4",Faouziya Haissen,"Géosciences, Géomatique et Environnement"
art_00912,Messinian astrochronology of the Melilla Basin: Stepwise restriction of the Mediterranean–Atlantic connection through Morocco,2006,-0.19595118,4.550197,6,"C6 · morocco, maroc, rabat",Nadia Barhoun,"Géosciences, Géomatique et Environnement"
art_00913,Mesures de section efficace de réaction de noyaux exotiques riches en neutrons dans la zone de fermeture des couches N=20 et N=28,2003,1.6751429,-3.7138026,5,"C5 · molecular, corrosion, experimental",Abdenbi Khouaja,Laboratoire de Physique de la Matière Condensée
art_00914,Meta-Modeling of Data Sources and Ingestion Big Data Layers,2018,-1.198458,0.17678404,7,"C7 · phosphate, properties, po4",Abdessamad Belangour,Laboratoire d’Intelligence Artificielle et Systèmes
art_00915,Meta-modeling of Zookeeper and MapReduce processing,2018,-2.4384115,-2.6149073,2,"C2 · model, control, data",Abdessamad Belangour,Laboratoire d’Intelligence Artificielle et Systèmes
art_00916,Metamaterial inspired miniaturized ultra-wideband monopole hexagonal antenna with triple band-filter functions,2025,1.7767804,-3.1701531,1,"C1 · properties, water, mg",Abdelmoghit Zaarane,Laboratoire de Traitement de l'Information
art_00917,Method of fundamental solutions and a high order continuation for bifurcation analysis within Föppl-von Karman plate theory,2020,1.8919246,-4.4718485,2,"C2 · model, control, data",Bouazza Braikat,Laboratoire de Physique de la Matière Condensée
art_00918,Method of fundamental solutions and high order algorithm to solve nonlinear elastic problems,2018,2.0413907,-4.7173076,4,"C4 · properties, synthesis, numerical",Bouazza Braikat,Laboratoire de Physique de la Matière Condensée
art_00919,Method validation for the determination of organochlorine pesticides in bivalves “molds” by modified quechers and Gaz Chromatography-Tandem with Mass Spectrometry,2016,-1.0607467,-2.613091,2,"C2 · model, control, data",Soumia Belouafa,Laboratoire Biologie et Santé
art_00920,Méthode de décomposition du domaine pour la modélisation numérique d’un jet par la méthode particule-maillage,2014,1.4014019,-4.478185,2,"C2 · model, control, data",Khalid Adnaoui,"Laboratoire d'Analyse, Modélisation et Simulation"
art_00921,Méthodes asymptotiques numériques pour la plasticité,1997,1.9729737,-4.716418,2,"C2 · model, control, data",Bouazza Braikat,Laboratoire de Physique de la Matière Condensée
art_00922,Methodology of the Blockchain Monitoring Framework,2023,-1.573446,-2.5560434,3,"C3 · learning, data, detection",Abderrahmane Daif,Technologie de l'Information et Modélisation
art_00923,Methoxybifurcarenone: an antifungal and antibacterial meroditerpenoid from the brown alga Cystoseira tamariscifolia,1999,-0.5795265,3.451385,7,"C7 · phosphate, properties, po4",Abdelmjid Abourriche; Mohammed Berrada,Laboratoire Biologie et Santé
art_00924,MFCC coefficient and ANN classifier applied to roadway classification,2019,-2.4826472,-4.4191413,3,"C3 · learning, data, detection",Issam Atouf,Laboratoire de Traitement de l'Information
art_00925,Microbial Fuel Cells for Depollution of Stagnant Water and Production of Electrical Energy,2022,0.8226628,-3.725225,2,"C2 · model, control, data",Youssef Naimi,Laboratoire de Traitement de l'Information
art_00926,Microcystin-tolerant Rhizobium protects plants and improves nitrogen assimilation in Vicia faba irrigated with microcystin-containing waters,2016,1.7025566,-0.3887985,4,"C4 · properties, synthesis, numerical",Loubna Benidire,Laboratoire d'Ecologie et d'Environnement
art_00927,Microneedle-Based Natural Polysaccharide for Drug Delivery Systems (DDS): Progress and Challenges,2022,0.69001657,-0.98742586,1,"C1 · properties, water, mg",Fouad Damiri; Mohammed Berrada,Laboratoire Biologie et Santé
art_00928,"Microwave-Assisted Regioselective Synthesis and 2D-NMR Studies of New 1,2,3-Triazole Compounds Derived from Acridone",2021,4.012025,-1.9068661,5,"C5 · molecular, corrosion, experimental",Siham Slassi,Laboratoire d’Ingénierie et de Matériaux
art_00929,"Microwave assisted synthesis, photoisomerization study and antioxidant activity of a series of N-acylhydrazones",2024,2.1875765,0.8445144,1,"C1 · properties, water, mg",Siham Slassi,Laboratoire d’Ingénierie et de Matériaux
art_00930,"Middle East respiratory syndrome coronavirus (MERS-CoV) neutralising antibodies in a high-risk human population, Morocco, November 2017 to January 2018",2019,0.86699706,-0.45579216,1,"C1 · properties, water, mg",Nadia Iounes,Laboratoire d'Ecologie et d'Environnement
art_00931,"Middle to late Cambrian shallow marine trace fossils from the Imfout Syncline (Western Meseta, Morocco): Palaeoecological and palaeoenvironmental significance in NW-Gondwana",2017,-0.38583633,2.8233175,0,"C0 · morocco, atlas, basin",Mostafa Oukassou,"Géosciences, Géomatique et Environnement"
art_00932,Mind Maps and Artificial Intelligence: Towards an Active Understanding of Redox in Secondary School Students,2024,-2.8334298,-1.2493572,4,"C4 · properties, synthesis, numerical",Mounir Sadiq,Technologie de l'Information et Modélisation
art_00933,"Mineralogical and physico-chemical characterization of bentonite materials from the Oued Zemmour area (Oriental Rif, Nador-Morocco): Valorization in ceramic field",2022,-1.1873136,2.5726604,7,"C7 · phosphate, properties, po4",Chaouki Sadik,Laboratoire de Chimie Physique des Matériaux Appliqués
art_00934,Mineralogical constraints on carbon deportment in phosphate ores: Implications for decarbonizing ore processing,2025,2.5992084,-0.77200043,7,"C7 · phosphate, properties, po4",Mustapha Mouflih,"Géosciences, Géomatique et Environnement"
art_00935,"Mineralogy and Geochemistry of Clay Minerals from the Ouled Bou-Sbaa Phosphate Deposit (Meskala Basin, Morocco)",2022,3.4844384,-1.3348367,0,"C0 · morocco, atlas, basin",Mustapha Mouflih,"Géosciences, Géomatique et Environnement"
art_00936,"MISE EN PLACE D'UN MODÈLE QUALITATIF POUR LA CARTOGRAPHIE DES ZONES À RISQUE D'ÉROSION HYDRIQUE DANS LA CHAÎNE ATLASIQUE: CAS DU BASSIN VERSANT DE LA TESSAOUTE AMONT. (HAUT ATLAS CENTRAL, MAROC)",2015,0.031240137,-1.7312739,2,"C2 · model, control, data",Soufiane Maimouni,"Géosciences, Géomatique et Environnement"
art_00937,Modeling and analysis of the flexural response of porous functionally graded plates through an advanced refined theory,2026,0.9909032,-3.7465134,2,"C2 · model, control, data",Khalid Adnaoui; Laila Mouakkir,"Laboratoire d'Analyse, Modélisation et Simulation"
art_00938,Modeling and Control of the Public Opinion: An Agree-Disagree Opinion Model,2020,0.8122397,-3.5719473,2,"C2 · model, control, data",Omar Zakary,"Laboratoire d'Analyse, Modélisation et Simulation"
art_00939,Modeling and optimization of olive mill wastewater dephenolization by a process combining coagulation and advanced oxidation using an activated lime coagulant and hydrogen peroxide,2024,3.553714,-0.28979582,4,"C4 · properties, synthesis, numerical",Soumia Belouafa,Laboratoire Biologie et Santé
art_00940,MODELING AND OPTIMIZATION OF THREE-DIMENSIONAL Y-SHAPED MICRO-MIXERS FOR BEST MICROFLUIDIC MIXING EFFICIENCY,2024,0.26062313,-2.7938259,1,"C1 · properties, water, mg",Rhma Adhiri,Laboratoire d’Ingénierie et de Matériaux
art_00941,Modeling and simulation of multiprocessor systems MPSoC by SystemC/TLM2,2014,-1.3112216,-4.973623,2,"C2 · model, control, data",Abdelhakim Alali,Laboratoire de Traitement de l'Information
art_00942,Modeling Elastoplastic Structures in Finite Transformation by a High-Order Algorithm,2023,1.4947327,-4.8403773,4,"C4 · properties, synthesis, numerical",Abdellah Hamdaoui,Laboratoire de Physique de la Matière Condensée
art_00943,Modeling Functional Urban Centrality via Graph Attention Networks and Multi-Source Spatial Data Fusion,2026,-0.32666868,-2.0153823,3,"C3 · learning, data, detection",Tarik Chafiq,Laboratoire de Traitement de l'Information
art_00944,Modeling of Electromagnetic Wave Propagation in Graphene,2024,2.2323985,-3.4190545,2,"C2 · model, control, data",Mohamed Moumou,Laboratoire de Chimie Analytique et Moléculaire
art_00945,Modeling of Functionally Graded Material Shells,2025,1.8739406,-3.9722686,2,"C2 · model, control, data",Abdellah Hamdaoui,Laboratoire de Physique de la Matière Condensée
art_00946,Modeling of sediment transport of Capo Negro bay,2021,0.75106263,-2.6435199,2,"C2 · model, control, data",Laila Mouakkir,Laboratoire d’Ingénierie et de Matériaux
art_00947,MODELING OF SOIL WATER EROSION IN OUED CHERRAT WATERSHED (MOROCCO) BY APPLYING THE UNIVERSEL SOIL LOSS EQUATION (USLE),2022,0.2271424,-1.874396,2,"C2 · model, control, data",Wadi Badri,Laboratoire d'Ecologie et d'Environnement
art_00948,Modeling of the Fate and Behaviors of an Oil Spill in the Azemmour River Estuary in Morocco,2023,0.14772679,-2.4297955,3,"C3 · learning, data, detection",Laila Mouakkir,Laboratoire d’Ingénierie et de Matériaux
art_00949,Modeling Sustainable Production Systems and Ecological Transition: The Key Role of Education Based on AI in the Green Economy,2025,1.3384372,-1.3926114,7,"C7 · phosphate, properties, po4",Omar Tanane,Laboratoire de Chimie Physique des Matériaux Appliqués
art_00950,Modeling the Acceptance of the E-Orientation Systems by Using the Predictions Algorithms,2019,-2.7860334,-4.363453,4,"C4 · properties, synthesis, numerical",Mohammed Aitdaoud; Sanaa Elfilali,Laboratoire d’Intelligence Artificielle et Systèmes
art_00951,Modeling the Impact of the Imperfect Vaccination of the COVID-19 with Optimal Containment Strategy,2022,0.6210861,-4.5774198,2,"C2 · model, control, data",Omar Zakary,"Laboratoire d'Analyse, Modélisation et Simulation"
art_00952,Modeling the Intercalation and Pulverization Phenomena of Lithium Ions in Energy Storage Battery Systems,2025,4.301338,-0.2339073,4,"C4 · properties, synthesis, numerical",Rachida Moultif,Laboratoire de Physique de la Matière Condensée
art_00953,Modeling wave interaction in long wave theory during its spread over a stratified porous bottom,2021,1.5926073,-4.237524,2,"C2 · model, control, data",Laila Mouakkir,Laboratoire d’Ingénierie et de Matériaux
art_00954,Modélisation des unités d'apprentissage sur des plates-formes de formation à distance,2010,-2.4022708,-2.213768,3,"C3 · learning, data, detection",Mounir Sadiq,Technologie de l'Information et Modélisation
art_00955,Modélisation numérique de l’hydrodynamique avec interaction houle-courant. Effet sur le taux de cisaillement au fond,2008,1.0456387,-2.6904187,2,"C2 · model, control, data",Laila Mouakkir,Laboratoire d’Ingénierie et de Matériaux
art_00956,Modelization and optimization of the treatment of the reactive black-5 dye from industry effluents using experimental design methodology,2022,1.7789181,-0.9014436,1,"C1 · properties, water, mg",Soumia Belouafa,Laboratoire Biologie et Santé
art_00957,"Modelling change detection for unveiling urban transitions: using machine learning algorithms and Sentinel-2 data in Larache City, Morocco",2023,0.029549891,4.905782,6,"C6 · morocco, maroc, rabat",Tarik Chafiq,Laboratoire de Traitement de l'Information
art_00958,Modelling operation of proton exchange membrane fuel cells - A brief review of current status,2019,0.5984872,-2.0913181,1,"C1 · properties, water, mg",Youssef Naimi,Laboratoire de Traitement de l'Information
art_00959,Modelling the effect of wave-current interaction on the sediment transport,2006,1.0505267,-2.4710534,4,"C4 · properties, synthesis, numerical",Laila Mouakkir,Laboratoire d’Ingénierie et de Matériaux
art_00960,"Mohamed Laarabi, Badreeddine Chegri, Abdelilah Maach and Khaoula Lafriouni The Commonly used Approaches for the Diagnosis of Discrete Event Systems: Overview and Comparative …",,-1.3880765,-3.4730809,3,"C3 · learning, data, detection",Aziza Elbakali,Laboratoire de Traitement de l'Information
art_00961,Molecular characterization of phosphate-solubilizing rhizobia isolated from V. faba in Marrakech region field cultures,2014,0.99557,-0.2934209,1,"C1 · properties, water, mg",Loubna Benidire,Laboratoire d'Ecologie et d'Environnement
art_00962,Molecular docking of a set of flavonoid compounds with Helicobacter pylori virulence factors CagA and VacA,2020,1.4189159,0.65657943,1,"C1 · properties, water, mg",Anass Kettani; Halima Lebrazi,Laboratoire Biologie et Santé
art_00963,Molecular Dynamics Approach in the Comparison of Wild-Type and Mutant Paraoxonase-1 Apoenzyme Form,2015,0.08637735,-0.69755733,1,"C1 · properties, water, mg",Anass Kettani,Laboratoire Biologie et Santé
art_00964,Molecular dynamics simulation of lithium fluoride in aqueous solutions at different temperatures 300 K – 360 K,2021,3.8703406,-2.4648254,5,"C5 · molecular, corrosion, experimental",Asmaa Benbiyi,Laboratoire de Chimie Physique des Matériaux Appliqués
art_00965,Molecular Dynamics Studies of Temperature and Grain Size Effects on Mechanical Properties of Nanocrystalline Tungsten,2018,1.6177421,-3.6984699,5,"C5 · molecular, corrosion, experimental",Mohamed Idiri,Laboratoire de Physique de la Matière Condensée
art_00966,"Monitoring of Faecal Contamination and Physicochemical Variables in Surface Waters in Oued Inaouène (Upper Sebou, Morocco)",2022,1.2455555,-0.75214714,1,"C1 · properties, water, mg",Abdelmottalib Nahli,Laboratoire d'Ecologie et d'Environnement
art_00967,"Monitoring structural and functional responses of the macroinvertebrate community in a resilient stream after its depollution (Casablanca, Morocco)",2022,-0.7040986,3.7684305,0,"C0 · morocco, atlas, basin",Abdelmottalib Nahli,Laboratoire d'Ecologie et d'Environnement
art_00968,Monte Carlo simulations of MgO and complex oxide protective thin layers bombarded with noble-gas ion in plasma discharge devices,2020,3.2986066,-0.70877486,7,"C7 · phosphate, properties, po4",Asmae Guennoun,Laboratoire de Traitement de l'Information
art_00969,Monte Carlo simulations of MgO and Mg(OH)2 thin films sputtering yields by noble-gas ion bombardment in plasma display panel PDP,2018,2.810637,-2.5692759,2,"C2 · model, control, data",Rachida Moultif,Laboratoire de Physique de la Matière Condensée
art_00970,"Monte Carlo simulations of noble gas ion beam sputtering yield of MgO, CaO, SrO, and BaO with various thin coatings in AC‐PDP cells",2019,2.9185333,-2.0331206,1,"C1 · properties, water, mg",Rachida Moultif,Laboratoire de Physique de la Matière Condensée
art_00971,Monte Carlo simulations of pure tungsten and advanced “smart” tungsten alloys under helium bombardment for future fusion power plants,2021,2.76321,-2.5779183,2,"C2 · model, control, data",Asmae Guennoun; Rachida Moultif,Laboratoire de Traitement de l'Information
art_00972,Monte Carlo Simulations of the Plasma-Wall Interactions,2015,2.706301,-2.5668857,2,"C2 · model, control, data",Rachida Moultif,Laboratoire de Physique de la Matière Condensée
art_00973,Moroccan Dialect “Darija” Automatic Speech Recognition: A Survey,2021,-1.2271751,-3.2128358,3,"C3 · learning, data, detection",Abdessamad Belangour,Laboratoire d’Intelligence Artificielle et Systèmes
art_00974,Moroccan Obese Patients with or without Metabolic Syndrome: Dietary Pattern and Risk of Cardiovascular Disease,2018,-0.94312304,-0.9428159,1,"C1 · properties, water, mg",Halima Lebrazi; Karima Mohtadi,Laboratoire Biologie et Santé
art_00975,"Morphodynamic analysis and identification of triggering mechanisms of flow-like landslides in the Trougoût torrential watershed (Rif, Morocco)",2025,0.15274923,-1.8195484,3,"C3 · learning, data, detection",Allal Labriki; Tarik Chafiq,"Géosciences, Géomatique et Environnement"
art_00976,"MORPHODYNAMIC AND STRUCTURAL ANALYSIS OF TAMDA LANDSLIDE DAM (MIDDLE ATLAS, MOROCCO)",2020,0.22623675,-1.7586099,0,"C0 · morocco, atlas, basin",Allal Labriki,"Géosciences, Géomatique et Environnement"
art_00977,Mouvements verticaux dans l'Anti-Atlas (Maroc) : apport de la thermochronologie par traces de fission,2010,-1.0909842,1.2049834,7,"C7 · phosphate, properties, po4",Mostafa Oukassou,"Géosciences, Géomatique et Environnement"
art_00978,Multi-Agent Architecture for Implementation of ITIL Processes: Case of Incident Management Process,2014,-2.4852462,-2.8765779,3,"C3 · learning, data, detection",Youssef Sekhara,Laboratoire d’Intelligence Artificielle et Systèmes
art_00979,Multi-Cell Discrete-Time SIRI Epidemic Model with Travel Restrictions and Vaccination Controls,2024,0.15518664,-4.127631,4,"C4 · properties, synthesis, numerical",Hassan Laarabi,"Laboratoire d'Analyse, Modélisation et Simulation"
art_00980,Multi object tracking: a survey,2021,-1.2967257,-3.3265755,3,"C3 · learning, data, detection",Abdessamad Belangour,Laboratoire d’Intelligence Artificielle et Systèmes
art_00981,Multi-scale analysis of randomly reinforced polyester composites with short phosphate glass fibers: experimental insights and kinematic homogenization modeling,2024,1.9472935,-4.63761,4,"C4 · properties, synthesis, numerical",Abdellah Hamdaoui,Laboratoire de Physique de la Matière Condensée
art_00982,Multidentate Cyclohexylphosphonic Acid as Corrosion Inhibitor for Structural Steel in 3.5% NaCl Solution: An Experimental and Computational Study,2021,4.311142,-3.1145554,5,"C5 · molecular, corrosion, experimental",Aziz Boutouil,Laboratoire de Chimie Physique des Matériaux Appliqués
art_00983,"Multilevel MPSoC Performance Evaluation, ISS Model with Timing and Priority Management",2015,-1.3067613,-4.992465,2,"C2 · model, control, data",Abdelhakim Alali,Laboratoire de Traitement de l'Information
art_00984,Multilevel MPSoC Performance Evaluation: New ISSPT Model,2015,-1.3318528,-4.966814,2,"C2 · model, control, data",Abdelhakim Alali,Laboratoire de Traitement de l'Information
art_00985,Multimodal data fusion techniques in smart healthcare,2024,-1.0183613,-2.769377,3,"C3 · learning, data, detection",Mohamed Ghazouani,Technologie de l'Information et Modélisation
art_00986,Multiplicatively spectrum preserving maps on rectangular matrices,2020,-0.089547895,-5.298249,2,"C2 · model, control, data",Bouchra Aharmim,"Laboratoire d'Analyse, Modélisation et Simulation"
art_00987,Multiquadric radial basis function approximation method and asymptotic numerical method for nonlinear and linear static analysis of single-walled carbon nanotubes,2020,1.5416964,-3.9532669,2,"C2 · model, control, data",Abdellah Hamdaoui,Laboratoire de Physique de la Matière Condensée
art_00988,Muscle Injuries and Antioxidant Vitamins in Elite Football Players in Morocco: An Exploratory and Correlational Study,2025,-1.2230017,-0.18366939,7,"C7 · phosphate, properties, po4",Karima Mohtadi,Laboratoire Biologie et Santé
art_00989,Mutational heterogeneity in low-density lipoprotein receptor gene related to familial hypercholesterolemia in Morocco,2006,-0.23403712,4.636556,6,"C6 · morocco, maroc, rabat",Anass Kettani,Laboratoire Biologie et Santé
art_00990,Mutual coupling Reduction in 4*1 array antennas using Mushroom-like structures,2019,2.1860766,-3.765894,5,"C5 · molecular, corrosion, experimental",Abdellatif Slimani,Laboratoire de Traitement de l'Information
art_00991,Mutual interaction of the free surface and a depression on the bottom during the propagation of a gravity wave,2022,1.0348463,-3.6744974,2,"C2 · model, control, data",Laila Mouakkir,Laboratoire d’Ingénierie et de Matériaux
art_00992,MXene (Ti3C2Tx)-Embedded Nanocomposite Hydrogels for Biomedical Applications: A Review,2022,0.63006663,-1.0499988,1,"C1 · properties, water, mg",Fouad Damiri; Mohammed Berrada,Laboratoire Biologie et Santé
art_00993,Myopia Prevalence and Associated Factors IN School-Aged Children in Southern Morocco: A Cross-Sectional Study,2025,-1.0149575,-1.3460484,1,"C1 · properties, water, mg",Rhma Adhiri,Laboratoire d’Ingénierie et de Matériaux
art_00994,Naloxone blockade of myocardial ischemic preconditioning does not require central nervous system participation,1999,0.6803213,0.041885864,4,"C4 · properties, synthesis, numerical",Karima Mohtadi,Laboratoire Biologie et Santé
art_00995,Nano-engineered lignin from Rubia tinctorum L. waste: A breakthrough in sustainable UV-protective textile coatings,2025,-0.83785427,-2.7505062,3,"C3 · learning, data, detection",Asmaa Benbiyi,Laboratoire de Chimie Physique des Matériaux Appliqués
art_00996,"Nano-hydroxyapatite (nHAp) scaffolds for bone regeneration: Preparation, characterization and biological applications",2024,-0.15197918,0.3404726,7,"C7 · phosphate, properties, po4",Fouad Damiri; Mohammed Berrada,Laboratoire Biologie et Santé
art_00997,Nano-indentation of Nanocrystalline Tungsten - A Molecular Dynamic Simulation,2018,-1.4562942,0.6186874,7,"C7 · phosphate, properties, po4",Mohamed Idiri,Laboratoire de Physique de la Matière Condensée
art_00998,Near-optimal stochastic control for radiotherapy treatment in a random cancer model,2022,0.35762215,0.35846302,4,"C4 · properties, synthesis, numerical",Driss Bouggar,Laboratoire d’Intelligence Artificielle et Systèmes
art_00999,Neural Lyapunov Function for Stability Analysis of Stochastic Nonlinear Systems,2025,0.41158512,-4.3499184,4,"C4 · properties, synthesis, numerical",Khalid Adnaoui,"Laboratoire d'Analyse, Modélisation et Simulation"
art_01000,"New alkali metal compounds XCo3H8 (X = Li, Na and K) for hydrogen storage technology",2025,4.481837,-0.026190719,4,"C4 · properties, synthesis, numerical",Mohamed Idiri,Laboratoire de Physique de la Matière Condensée
art_01001,"New bidentate Schiff base ligands derived from histidine and their metal complexes: synthesis, structural analysis, antibacterial and antioxidant evaluation",2022,2.2429018,1.2902844,4,"C4 · properties, synthesis, numerical",Siham Slassi,Laboratoire d’Ingénierie et de Matériaux
art_01002,"New bis-isoxazole with monoterpenic skeleton: Regioselective Synthesis, Spectroscopic investigation, Electrochemical, and DFT studies",2021,4.040898,-3.091553,5,"C5 · molecular, corrosion, experimental",Aziz Boutouil,Laboratoire de Chimie Physique des Matériaux Appliqués
art_01003,"New bis-isoxazole with monoterpenic skeleton: regioselective synthesis, spectroscopicinvestigation, electrochemical, and density functional theory (DFT) studies",2022,4.0697637,-3.1126523,5,"C5 · molecular, corrosion, experimental",Aziz Boutouil,Laboratoire de Chimie Physique des Matériaux Appliqués
art_01004,NEW CHARACTERIZATIONS FOR SPECIAL CURVES USING THE SPHERICAL INDICATRICES,2013,-0.16924107,-5.672799,2,"C2 · model, control, data",Malika Izid,"Laboratoire d'Analyse, Modélisation et Simulation"
art_01005,NEW CONTRIBUTION TO STOKES EQUATIONS,2017,1.7388186,-4.2921214,4,"C4 · properties, synthesis, numerical",Soumia Mordane,Laboratoire d’Ingénierie et de Matériaux
art_01006,"New copper(II) and zinc(II) complexes based on azo Schiff base ligand: Synthesis, crystal structure, photoisomerization study and antibacterial activity",2020,2.1199925,1.6062653,4,"C4 · properties, synthesis, numerical",Siham Slassi,Laboratoire d’Ingénierie et de Matériaux
art_01007,New dinosaur tracks from the Middle Jurassic red beds of the Middle Atlas (Morocco): Application of photogrammetry to ichnology and conservation of geological heritage,2024,-0.7842532,1.0875555,7,"C7 · phosphate, properties, po4",Mostafa Oukassou,"Géosciences, Géomatique et Environnement"
art_01008,New Efficient Scheme Based on Reduction of the Dimension in the Multiple Impulse Method to Find the Minimum Distance of Linear Codes,2016,-0.7301428,-4.8394117,2,"C2 · model, control, data",Said Nouh,Technologie de l'Information et Modélisation
art_01009,"New evidence of xiphosurids from the Middle Jurassic of Morocco: Palaeoenvironmental, palaeoecological and palaeobiogeographical implications",2018,-0.06582026,2.3039007,0,"C0 · morocco, atlas, basin",Mostafa Oukassou,"Géosciences, Géomatique et Environnement"
art_01010,New low-cost ceramic microfiltration membrane made from natural magnesite for industrial wastewater treatment,2020,1.9136845,-0.48065165,1,"C1 · properties, water, mg",Chaouki Sadik,Laboratoire de Chimie Physique des Matériaux Appliqués
art_01011,New Numerical Investigation Using Meshless Methods Applied to the Linear Free Surface Water Waves,2018,1.4254712,-3.1963325,4,"C4 · properties, synthesis, numerical",Soumia Mordane,Laboratoire d’Ingénierie et de Matériaux
art_01012,New operational formulas and generating functions for the generalized Zernike polynomials,2013,-0.48010704,-2.4988863,7,"C7 · phosphate, properties, po4",Bouchra Aharmim,"Laboratoire d'Analyse, Modélisation et Simulation"
art_01013,"New Practical Teaching Model Design for mutualized practical works based on low cost ICT, IoT and AI developed solutions",2021,1.2073921,-1.899086,2,"C2 · model, control, data",Youssef Sekhara,Laboratoire d’Intelligence Artificielle et Systèmes
art_01014,New Pre-Processing Approach Based on Clustering Users Traces According to their Learning Styles in Moodle LMS,2023,-2.56943,-2.0666828,3,"C3 · learning, data, detection",Mohammed Aitdaoud,Laboratoire d’Intelligence Artificielle et Systèmes
art_01015,New Security Risk Value Estimate Method for Android Applications,2019,-1.8582177,-3.3608131,2,"C2 · model, control, data",Mohamed Ghazouani,Technologie de l'Information et Modélisation
art_01016,New Way to Enumerate Large Quadratic Residue Codes Based on Hash and Automorphism Group,2022,-0.46522206,-5.065911,4,"C4 · properties, synthesis, numerical",Mounir Sadiq,Technologie de l'Information et Modélisation
art_01017,"Nickel pyrophosphate: Development, physicochemical properties and theoretical perspectives for energy storage and catalysis",2026,3.7726512,-0.38156307,4,"C4 · properties, synthesis, numerical",Soufiane Zerraf,Laboratoire de Chimie Physique des Matériaux Appliqués
art_01018,"Noble gas ion beam bombardment effects on H-, graphite-, Na-, Fe-and Zn-doped MgO thin films in plasma-related discharge devices",2021,3.010565,-2.0553136,2,"C2 · model, control, data",Asmae Guennoun,Laboratoire de Traitement de l'Information
art_01019,Nouveau Procede de Synthese d'une Apatite Carbonatée à Caractère Antiseptique,2005,3.7163215,-1.5955535,5,"C5 · molecular, corrosion, experimental",Soumia Belouafa,Laboratoire Biologie et Santé
art_01020,"Novel alkali metal AFe3H8 (A = Na, K, Rb) hydrides explored by first-principles calculations for hydrogen storage",2025,4.5114613,-0.018445807,4,"C4 · properties, synthesis, numerical",Mohamed Idiri,Laboratoire de Physique de la Matière Condensée
art_01021,Novel approach for adaptive flipped classroom based on learning management system,2019,-2.6734347,-1.8954366,4,"C4 · properties, synthesis, numerical",Mohamed Talea,Laboratoire de Traitement de l'Information
art_01022,Novel approach for detecting Bacterial spot combining Transfer Learning and Large Language Models,2024,-2.1439123,-2.7181783,3,"C3 · learning, data, detection",Sanaa Elfilali,Laboratoire d’Intelligence Artificielle et Systèmes
art_01023,Novel Carbon Fiber–Basalt Fiber Reinforced Polymer Hydrogen Tank: Design Optimization and Cost–Strength Assessment,2026,2.001584,-4.1576786,2,"C2 · model, control, data",Issam Atouf,Laboratoire de Traitement de l'Information
art_01024,Novel highly selective and sensitive fluorescent sensor for copper detection based on N-acylhydrazone acridone derivative,2019,1.3556738,-0.7250373,2,"C2 · model, control, data",Siham Slassi,Laboratoire d’Ingénierie et de Matériaux
art_01025,Novel Nanotechnology-Based Approaches for Targeting HIV Reservoirs,2022,0.6945564,-1.0166936,1,"C1 · properties, water, mg",Fouad Damiri,Laboratoire Biologie et Santé
art_01026,Novel SDN architecture for smart MPLS Traffic Engineering-DiffServ Aware management,2018,-1.2888973,-4.4951534,2,"C2 · model, control, data",Mohamed Talea,Laboratoire de Traitement de l'Information
art_01027,"Novel series of acridone-1,2,3-triazole derivatives: microwave-assisted synthesis, DFT study and antibacterial activities",2019,2.1075084,1.5607966,4,"C4 · properties, synthesis, numerical",Siham Slassi,Laboratoire d’Ingénierie et de Matériaux
art_01028,"Novel series of N-acylhydrazone based on acridone: Synthesis, conformational and theoretical studies",2020,4.153011,-3.1793952,5,"C5 · molecular, corrosion, experimental",Siham Slassi,Laboratoire d’Ingénierie et de Matériaux
art_01029,"Novel triazole derivatives possessing imidazole: Synthesis, spectroscopic characterization (FT-IR, NMR, UV–Vis), DFT studies and antibacterial in vitro evaluation",2022,2.1192005,1.5690409,4,"C4 · properties, synthesis, numerical",Siham Slassi,Laboratoire d’Ingénierie et de Matériaux
art_01030,Nspp: A novel algorithm for neutrosophic shortest path problem,2020,-0.8401492,-5.151815,3,"C3 · learning, data, detection",Asmae Guennoun,Laboratoire de Traitement de l'Information
art_01031,Numerical Analysis of an Absorbing Boundary Condition Applied to the Free Surface Water Waves Using the Method of Fundamental Solutions,2019,1.5377597,-3.9915848,2,"C2 · model, control, data",Soumia Mordane,Laboratoire d’Ingénierie et de Matériaux
art_01032,Numerical analysis of single-layered graphene sheets by a mesh-free approach,2020,1.5794011,-4.2508984,4,"C4 · properties, synthesis, numerical",Abdellah Hamdaoui,Laboratoire de Physique de la Matière Condensée
art_01033,Numerical analysis of surface plasmon resonance and photothermal properties of silica/gold/graphene and hollow/gold/graphene core-multi-shell nanoparticles,2025,3.0218644,-0.73379946,4,"C4 · properties, synthesis, numerical",Abdelilah Akouibaa; Soumia Mordane,Laboratoire d’Ingénierie et de Matériaux
art_01034,Numerical Computation of Plasticity in Large Deformations Using the Asymptotic Numerical Method,2023,1.6744773,-4.8055663,4,"C4 · properties, synthesis, numerical",Abdellah Hamdaoui,Laboratoire de Physique de la Matière Condensée
art_01035,"Numerical investigation of electronic, dielectric and optical properties of CdO, SnO2/CdO and SnO2/CdO/PVP nanocomposites",2021,3.1413457,-0.62658495,4,"C4 · properties, synthesis, numerical",Abdelilah Akouibaa,Laboratoire d’Ingénierie et de Matériaux
art_01036,Numerical Modeling and Simulation of Monolayer Graphene in the Mid-Infrared Regime,2026,1.8443072,-3.7058692,2,"C2 · model, control, data",Mohamed Moumou,Laboratoire de Chimie Analytique et Moléculaire
art_01037,Numerical modeling of the tide in the coast ar-ea Casablanca-Mohammedia (Morocco),2017,1.4247304,-3.5628161,2,"C2 · model, control, data",Laila Mouakkir,Laboratoire d’Ingénierie et de Matériaux
art_01038,Numerical Modeling of the Wave-Plate-Current Interaction by the Boundary Element Method,2021,1.6628369,-3.7637858,2,"C2 · model, control, data",Laila Mouakkir; Soumia Mordane,Laboratoire d’Ingénierie et de Matériaux
art_01039,Numerical Modeling of the Wave-Structure Interaction Using the Boundary Element Method,2020,1.6307389,-4.2762547,4,"C4 · properties, synthesis, numerical",Laila Mouakkir,Laboratoire d’Ingénierie et de Matériaux
art_01040,Numerical Modelling Means for the Fight against Eutrophication of Lakes: Artificial Destratification and Selective Racking,2015,1.5650022,-3.0000942,2,"C2 · model, control, data",Khalid Adnaoui,"Laboratoire d'Analyse, Modélisation et Simulation"
art_01041,Numerical Modelling of the Impact of Dredging on Stability of Oum Rabiâ Estuary (Morocco) Using SWAN Model,2021,1.3084522,-3.0224216,4,"C4 · properties, synthesis, numerical",Laila Mouakkir,Laboratoire d’Ingénierie et de Matériaux
art_01042,Numerical Simulation of Early Detection of Cancer Cells Using a D-Shaped Fiber-Optic Biosensor Based on Surface Plasmon Resonance,2024,2.7755833,-1.950138,4,"C4 · properties, synthesis, numerical",Abdelilah Akouibaa,Laboratoire d’Ingénierie et de Matériaux
art_01043,Numerical study of a D-shaped optical fiber SPR biosensor for monitoring refractive index variations in biological tissue via a thin layer of gold coated with titanium dioxide,2023,2.7009401,-2.018688,1,"C1 · properties, water, mg",Abdelilah Akouibaa,Laboratoire d’Ingénierie et de Matériaux
art_01044,Numerical study of a quayside wave energy recovery system in the presence of a dike,2025,1.052475,-2.6788664,1,"C1 · properties, water, mg",Laila Mouakkir,Laboratoire d’Ingénierie et de Matériaux
art_01045,"Numerical Study of Damaged, Failure and Cracking of Concrete Beam Reinforced by Honeycomb Sandwich Panel Structures",2020,2.098002,-1.8879803,4,"C4 · properties, synthesis, numerical",Mohamed Idiri,Laboratoire de Physique de la Matière Condensée
art_01046,Numerical study of the effect friction coefficient particles on morphological properties of separation membrane surface,2023,0.34004334,-3.4218774,2,"C2 · model, control, data",Rachida Moultif,Laboratoire de Physique de la Matière Condensée
art_01047,Numerical study of the effects of polymeric shell on plasmonic resonance of gold nanorods,2014,2.455098,-2.4086504,2,"C2 · model, control, data",Abdelilah Akouibaa,Laboratoire d’Ingénierie et de Matériaux
art_01048,Numerical study of the plasmonic resonance of multi-phases nanoparticles,2012,3.00509,-0.60310537,7,"C7 · phosphate, properties, po4",Abdelilah Akouibaa,Laboratoire d’Ingénierie et de Matériaux
art_01049,Object detection approaches in images: a survey,2021,-1.747246,-3.6471138,3,"C3 · learning, data, detection",Abdessamad Belangour,Laboratoire d’Intelligence Artificielle et Systèmes
art_01050,Object Detection Approaches in Images: A Weighted Scoring Model based Comparative Study,2021,-1.31385,-3.4493177,3,"C3 · learning, data, detection",Abdessamad Belangour,Laboratoire d’Intelligence Artificielle et Systèmes
art_01051,Observer for Perturbed Linear Continuous Systems 1,2010,0.25577113,-4.9421725,2,"C2 · model, control, data",Hassan Laarabi,"Laboratoire d'Analyse, Modélisation et Simulation"
art_01052,Observer for Perturbed Linear Discrete Systems 1,2010,0.36818883,-4.7015877,2,"C2 · model, control, data",Hassan Laarabi,"Laboratoire d'Analyse, Modélisation et Simulation"
art_01053,Offshore-to-Harbour Model Chaining for Floating Pontoon Sizing: Case Study of Larache Port,2026,0.92731076,-2.7958946,2,"C2 · model, control, data",Hassan Laarabi; Laila Mouakkir,"Laboratoire d'Analyse, Modélisation et Simulation"
art_01054,Offshore Wind Energy Resource in the Kingdom of Morocco: Assessment of the Seasonal Potential Variability Based on Satellite Data,2020,-0.61444277,3.4996626,0,"C0 · morocco, atlas, basin",Soumia Mordane,Laboratoire d’Ingénierie et de Matériaux
art_01055,On Effectiveness of an Optimal Antiviral Bitherapy in HBV-HDV Coinfection Model,2015,1.0933406,-4.8114643,2,"C2 · model, control, data",Omar Zakary,"Laboratoire d'Analyse, Modélisation et Simulation"
art_01056,On the analysis of a multi-regions discrete SIR epidemic model: an optimal control approach,2016,0.96684813,-4.8234177,2,"C2 · model, control, data",Omar Zakary,"Laboratoire d'Analyse, Modélisation et Simulation"
art_01057,On the computation of the automorphisms group of low density parity check codes using genetic algorithm,2022,-0.63457906,-4.877158,2,"C2 · model, control, data",Said Nouh,Technologie de l'Information et Modélisation
art_01058,On the Computation of the Automorphisms Group of Some Optimal Codes Using Genetic Algorithm,2022,-0.60089105,-4.9545703,2,"C2 · model, control, data",Said Nouh,Technologie de l'Information et Modélisation
art_01059,On the Computing of the Minimum Distance of Linear Block Codes by Heuristic Methods,2012,-0.550796,-4.721025,2,"C2 · model, control, data",Said Nouh,Technologie de l'Information et Modélisation
art_01060,On the Impact of Awareness Programs in HIV/AIDS Prevention: An SIR Model with Optimal Control,2016,1.034021,-4.7947392,2,"C2 · model, control, data",Omar Zakary,"Laboratoire d'Analyse, Modélisation et Simulation"
art_01061,On the importance of the supporting material for activity of immobilized Candida antarctica lipase B in ionic liquid/hexane and ionic liquid/supercritical carbon dioxide biphasic media,2006,3.8379898,-1.2235165,4,"C4 · properties, synthesis, numerical",Said Gmouh,Laboratoire d’Ingénierie et de Matériaux
art_01062,On the temporal memory of coastal upwelling off NW Africa,2014,0.7787042,-2.5011442,0,"C0 · morocco, atlas, basin",Soumia Mordane,Laboratoire d’Ingénierie et de Matériaux
art_01063,On the translation surfaces generated by spherical indicatrices of regular curves in Euclidean 3-space and their characterizations,2025,0.008618721,-5.564463,2,"C2 · model, control, data",Malika Izid,"Laboratoire d'Analyse, Modélisation et Simulation"
art_01064,On the use of Hermit-type WLS approximation in a high order continuation method for buckling and wrinkling analysis of von-Kàrmàn plates,2023,2.22621,-4.6774817,4,"C4 · properties, synthesis, numerical",Bouazza Braikat,Laboratoire de Physique de la Matière Condensée
art_01065,On the use of Padé approximant in the Asymptotic Numerical Method ANM to compute the post-buckling of shells,2017,2.24357,-4.6833887,7,"C7 · phosphate, properties, po4",Abdellah Hamdaoui,Laboratoire de Physique de la Matière Condensée
art_01066,On the use of Radial Point Interpolation Method (RPIM) in a high order continuation for the resolution of the geometrically nonlinear elasticity problems,2019,1.5848244,-4.061196,2,"C2 · model, control, data",Bouazza Braikat,Laboratoire de Physique de la Matière Condensée
art_01067,Open 3D-CT Vision-Language Models Do Not Clear a Pre-Registered Biomarker Gate Under Zero-Shot Prompting at n = 96 NSCLC-Radiogenomics,2026,-1.2509267,0.04286218,7,"C7 · phosphate, properties, po4",Sanaa Elfilali,Laboratoire d’Intelligence Artificielle et Systèmes
art_01068,"Open-source Hardware FPGA Platforms for IoT: Paradigms, opportunities and open issues",2023,-1.4082907,-2.4768758,3,"C3 · learning, data, detection",Abdelhakim Alali,Laboratoire de Traitement de l'Information
art_01069,Operator-Informed Convolutional Networks for Semi-Linear Inverse Problems: When Is Born-Inspired Filtering Enough?,2026,-0.7486695,-3.1526012,2,"C2 · model, control, data",Abdellah Hamdaoui,Laboratoire de Physique de la Matière Condensée
art_01070,Optical and Dielectric Properties of Plasmonic Core–Shell Nanoparticles: Fe2O3/Au and Fe3O4/Au,2021,3.0756397,-0.7299435,4,"C4 · properties, synthesis, numerical",Abdelilah Akouibaa,Laboratoire d’Ingénierie et de Matériaux
art_01071,Optical and thermo-plasmonic properties of spherical and hollow gold nanoparticles injected in cell organelles,2024,2.6127932,-2.0253015,4,"C4 · properties, synthesis, numerical",Abdelilah Akouibaa; Soumia Mordane,Laboratoire d’Ingénierie et de Matériaux
art_01072,Optical and thermoplasmonic properties of core (AuxAg1- x)- shell (Au) nanostructures,2024,3.0869808,-0.6898863,4,"C4 · properties, synthesis, numerical",Abdelilah Akouibaa; Soumia Mordane,Laboratoire d’Ingénierie et de Matériaux
art_01073,"Optical, magnetic and dielectric properties of CaO-B2O3-V2O5 glasses",2025,2.948214,-0.4384234,7,"C7 · phosphate, properties, po4",Fouad Alloun,Laboratoire de Chimie Physique des Matériaux Appliqués
art_01074,Optical-model analysis of antiproton-nucleus elastic scattering at 50 and 180 MeV,1986,2.9257667,-2.648941,4,"C4 · properties, synthesis, numerical",Mohammed Berrada,Laboratoire Biologie et Santé
art_01075,"Optical properties of Al2O3 thin films doped with hollow monometallic and core/shell bimetallic gold, silver nanoparticles",2022,3.0083969,-0.6182879,4,"C4 · properties, synthesis, numerical",Abdelilah Akouibaa,Laboratoire d’Ingénierie et de Matériaux
art_01076,Optimal Antiviral Treatment Strategies of HBV Infection Model with Logistic Hepatocyte Growth,2013,1.0988846,-4.5459514,2,"C2 · model, control, data",Hassan Laarabi,"Laboratoire d'Analyse, Modélisation et Simulation"
art_01077,Optimal Containment Control Strategy of the Second Phase of the COVID-19 Lockdown in Morocco,2020,0.6248061,-3.868902,2,"C2 · model, control, data",Omar Zakary,"Laboratoire d'Analyse, Modélisation et Simulation"
art_01078,Optimal Control of a Delayed Alcoholism Model with Saturated Treatment,2021,-0.5858242,0.14887011,7,"C7 · phosphate, properties, po4",Hassan Laarabi,"Laboratoire d'Analyse, Modélisation et Simulation"
art_01079,Optimal control of a delayed rumor propagation model with saturated control functions and $$L^1$$-type objectives,2020,0.5448326,-4.480194,4,"C4 · properties, synthesis, numerical",Hassan Laarabi,"Laboratoire d'Analyse, Modélisation et Simulation"
art_01080,Optimal Control of a Delayed SIRS Epidemic Model with Vaccination and Treatment,2015,-0.3775473,0.14208701,7,"C7 · phosphate, properties, po4",Hassan Laarabi,"Laboratoire d'Analyse, Modélisation et Simulation"
art_01081,Optimal control of a phytoplankton-zooplankton spatiotemporal discrete bioeconomic model,2022,0.9958898,-4.8212347,2,"C2 · model, control, data",Imane Agmour,"Laboratoire d'Analyse, Modélisation et Simulation"
art_01082,Optimal control of an epidemic model with a saturated incidence rate,2012,1.1444215,-4.793877,2,"C2 · model, control, data",Hassan Laarabi,"Laboratoire d'Analyse, Modélisation et Simulation"
art_01083,Optimal Control of an SIR Model with Delay in State and Control Variables,2013,0.4036144,-3.686996,2,"C2 · model, control, data",Elhabib Benlahmar,Technologie de l'Information et Modélisation
art_01084,Optimal control problem for COVID-19 with multiple time-delays in state and control,2025,0.011791894,-3.42007,2,"C2 · model, control, data",Hassan Laarabi,"Laboratoire d'Analyse, Modélisation et Simulation"
art_01085,Optimal control problem for mathematical modeling of Zika virus transmission using fractional order derivatives,2024,0.18924832,-3.75321,2,"C2 · model, control, data",Khalid Adnaoui,"Laboratoire d'Analyse, Modélisation et Simulation"
art_01086,Optimal control strategy for a discrete-time mathematical modeling of water pollution,2025,0.30673116,-3.7587771,3,"C3 · learning, data, detection",Khalid Adnaoui,"Laboratoire d'Analyse, Modélisation et Simulation"
art_01087,Optimal Control Strategy for SEIR with Latent Period and a Saturated Incidence Rate,2013,1.1736654,-4.798417,2,"C2 · model, control, data",Hassan Laarabi,"Laboratoire d'Analyse, Modélisation et Simulation"
art_01088,Optimal control strategy of COVID-19 spread in Morocco using SEIRD model,2020,0.92964816,-4.317679,2,"C2 · model, control, data",Omar Zakary,"Laboratoire d'Analyse, Modélisation et Simulation"
art_01089,Optimal control therapy and vaccination for a new coronavirus model,2021,0.6146279,-3.9568334,7,"C7 · phosphate, properties, po4",Hassan Laarabi,"Laboratoire d'Analyse, Modélisation et Simulation"
art_01090,Optimal Method Combining Blockchain and Multi-Agent System to Ensure Data Integrity and Deduplication in the Cloud Environment,2024,-2.644231,-2.822936,3,"C3 · learning, data, detection",Mohamed Ghazouani,Technologie de l'Information et Modélisation
art_01091,Optimal Vaccination Strategies of an SIR Epidemic Model with a Saturated Treatment,2013,0.42089427,-4.1103096,2,"C2 · model, control, data",Hassan Laarabi,"Laboratoire d'Analyse, Modélisation et Simulation"
art_01092,Optimisation de la Synthèse des Apatites Phosphocalciques Vectrices D’antiseptiques Élaborées à Partir du Nitrate de Calcium et de L’Acide Phosphorique,2010,0.13250077,-3.0213673,2,"C2 · model, control, data",Soumia Belouafa,Laboratoire Biologie et Santé
art_01093,Optimisation des Performances de Rayonnement d'une Nouvelle Structure d'Antenne Patch de Forme Carrée pour un Lecteur RFID,2015,2.1769552,-3.732713,5,"C5 · molecular, corrosion, experimental",Abdellatif Slimani,Laboratoire de Traitement de l'Information
art_01094,Optimization of the radiation performances of square shaped patch antenna for RFID reader,2015,2.1624458,-3.758794,5,"C5 · molecular, corrosion, experimental",Abdellatif Slimani,Laboratoire de Traitement de l'Information
art_01095,Optimization of the Two Fishermen’s Profits Exploiting Three Competing Species Where Prices Depend on Harvest,2017,0.5954618,-4.54799,2,"C2 · model, control, data",Imane Agmour,"Laboratoire d'Analyse, Modélisation et Simulation"
art_01096,Optimization parameters of ultra wideband microstrip array antenna for wireless communication usign beam steering,2015,2.1717782,-3.7872007,5,"C5 · molecular, corrosion, experimental",Abdellatif Slimani,Laboratoire de Traitement de l'Information
art_01097,Optimization synthesis geopolymer based mixture metakaolin and fly ash activated by alkaline solution,2020,2.2361379,-1.3690213,2,"C2 · model, control, data",Soumia Belouafa,Laboratoire Biologie et Santé
art_01098,"Optimization use of watermelon rind in the coagulation-flocculation process by Box Behnken design for copper, zinc, and turbidity removal",2024,1.2038469,-1.1022048,1,"C1 · properties, water, mg",Asmaa Benbiyi,Laboratoire de Chimie Physique des Matériaux Appliqués
art_01099,Optimizing breast cancer diagnosis: Harnessing the power of nature-inspired metaheuristics for feature selection with soft voting classifiers,2024,-1.1379749,-0.021059237,7,"C7 · phosphate, properties, po4",Said Nouh,Technologie de l'Information et Modélisation
art_01100,Optimizing CZTS Solar Cell Performance with Advanced Layer Configurations Using SCAPS Simulation,2024,2.8663707,-1.7267234,1,"C1 · properties, water, mg",Rachida Moultif; Laila Mouakkir,Laboratoire de Physique de la Matière Condensée
art_01101,Optimizing CZTS Solar Cells Efficiency using Eco-Friendly Layers by SCAPS Simulation,2024,3.1604311,-1.4785359,2,"C2 · model, control, data",Rachida Moultif; Laila Mouakkir,Laboratoire de Physique de la Matière Condensée
art_01102,Optimizing infection trajectories: Innovation in Controllability of Nonlinear SIR Model,2024,0.36055848,-3.9218912,3,"C3 · learning, data, detection",Omar Zakary,"Laboratoire d'Analyse, Modélisation et Simulation"
art_01103,Optimizing Microarray Gene Selection in Colon Cancer: An Enhanced Metaheuristic Algorithm for Feature Selection,2024,-2.3742332,-4.380461,4,"C4 · properties, synthesis, numerical",Said Nouh,Technologie de l'Information et Modélisation
art_01104,Optimizing Training Hyperparameters for Multilayer Perceptrons in Deep Learning,2025,-1.1557143,-2.7947884,3,"C3 · learning, data, detection",Abdelhakim Alali; Aziza Elbakali,Laboratoire de Traitement de l'Information
art_01105,Optimizing ZnO as an electron transport layer in perovskite solar cells: Study on aluminum doping and thickness variation,2024,1.197888,-1.8786579,4,"C4 · properties, synthesis, numerical",Youssef Naimi,Laboratoire de Traitement de l'Information
art_01106,"Origin, Paleoenvironment and Paleoclimate of the Paleocene-Eocene Clays of the BouCraa Deposit, Southern Morocco",2023,-0.17619696,4.69901,6,"C6 · morocco, maroc, rabat",Mustapha Mouflih,"Géosciences, Géomatique et Environnement"
art_01107,Overview of E-learning Platforms for Teaching and Learning,2021,-1.0324856,-1.8630174,3,"C3 · learning, data, detection",Tarik Chafiq,Laboratoire de Traitement de l'Information
art_01108,Overview of Road Traffic Management Solutions based on IoT and AI,2022,-1.3047674,-2.5409813,3,"C3 · learning, data, detection",Mohamed Talea,Laboratoire de Traitement de l'Information
art_01109,Oxidative self-coupling of aromatic compounds in ionic liquids,2005,3.9630306,-1.1168394,4,"C4 · properties, synthesis, numerical",Said Gmouh,Laboratoire d’Ingénierie et de Matériaux
art_01110,Oxygen reduction on platinum electrode coated with Nafion®,2004,3.2437115,-0.6701122,4,"C4 · properties, synthesis, numerical",Youssef Naimi,Laboratoire de Traitement de l'Information
art_01111,Oxygen-rich apatites: toward preventive antiseptic strategies in bone and dental applications,2026,-0.4201575,-2.6134288,1,"C1 · properties, water, mg",Soumia Belouafa,Laboratoire Biologie et Santé
art_01112,P32-016-23 Evaluation of Antioxidant Vitamins Intake of a Professional Soccer Team in Morocco During a Week of Competition and Training,2023,-1.0967523,-0.40599212,4,"C4 · properties, synthesis, numerical",Halima Lebrazi; Karima Mohtadi,Laboratoire Biologie et Santé
art_01113,P32-021-23 Nutritional Status and Energy Expenditure for A Group of Adolescents in Physical Education and Sports in Morocco in One Week of Study,2023,-1.1444055,-0.25406522,7,"C7 · phosphate, properties, po4",Halima Lebrazi; Karima Mohtadi,Laboratoire Biologie et Santé
art_01114,Palaeogeographic evolution of the late Miocene Rifian Corridor (Morocco): Reconstructions from surface and subsurface data,2018,-0.70026684,1.5073338,7,"C7 · phosphate, properties, po4",Nadia Barhoun,"Géosciences, Géomatique et Environnement"
art_01115,"Paleoenvironmental events in the Boudinar basin (NE, Morocco) before the Messinian salinity crisis",2023,-1.0396682,-2.2248433,2,"C2 · model, control, data",Nadia Barhoun; Rachid Essamoud,"Géosciences, Géomatique et Environnement"
art_01116,Paleoenvironmental reconstructions of the pre-evaporitic Messinian in northeastern Morocco (Boudinar and Melilla-Nador basins) based on benthic foraminifera,2025,-0.48435473,2.2411342,4,"C4 · properties, synthesis, numerical",Nadia Barhoun,"Géosciences, Géomatique et Environnement"
art_01117,"Parallel Implementation of Nios Ii Multiprocessors, Cepstral Coefficients of Mel Frequency and MLP Architecture in Fpga: the Application of Speech Recognition",2021,-2.1752622,-5.7858067,2,"C2 · model, control, data",Issam Atouf,Laboratoire de Traitement de l'Information
art_01118,Parametric Equations for Space Curves Whose Spherical Images Are Slant Helices,2019,-0.1809362,-5.7009764,2,"C2 · model, control, data",Malika Izid,"Laboratoire d'Analyse, Modélisation et Simulation"
art_01119,Paraoxonase-1 (PON1) activity in patients with coronary artery diseases and in diabetic patients,2011,-0.79074055,-0.8987684,1,"C1 · properties, water, mg",Anass Kettani,Laboratoire Biologie et Santé
art_01120,Pedagogical engineering to the teaching of the practical experiments of chemistry: Development of an application of three-dimensional digital modelling of crystalline structures,2019,-2.5548291,-1.4136533,3,"C3 · learning, data, detection",Soufiane Zerraf,Laboratoire de Chimie Physique des Matériaux Appliqués
art_01121,Peer Review Report For: The impact of numerical simulation on concepts related to electrochemistry and on situational interest among high school students in their final year [version 1; peer review: 1 approved with reservations],2026,-2.8050048,-1.278034,5,"C5 · molecular, corrosion, experimental",Mounir Sadiq,Technologie de l'Information et Modélisation
art_01122,Peer Review Report For: The impact of numerical simulation on concepts related to electrochemistry and on situational interest among high school students in their final year [version 1; peer review: 2 approved with reservations],2026,-2.8188133,-1.2672038,5,"C5 · molecular, corrosion, experimental",Mounir Sadiq,Technologie de l'Information et Modélisation
art_01123,Peer Review Report For: The impact of numerical simulation on concepts related to electrochemistry and on situational interest among high school students in their final year [version 2; peer review: 3 approved with reservations],2026,-2.8275259,-1.2563478,5,"C5 · molecular, corrosion, experimental",Mounir Sadiq,Technologie de l'Information et Modélisation
art_01124,Peer Review Report For: The impact of numerical simulation on concepts related to electrochemistry and on situational interest among high school students in their final year [version 2; peer review: 4 approved with reservations],2026,-2.7998,-1.2873043,5,"C5 · molecular, corrosion, experimental",Mounir Sadiq,Technologie de l'Information et Modélisation
art_01125,"Pegmatite mapping using spectroradiometry and ASTER data (Zenaga, Central Anti-Atlas, Morocco)",2021,-0.39447522,-1.8377852,3,"C3 · learning, data, detection",Soufiane Maimouni,"Géosciences, Géomatique et Environnement"
art_01126,Perception layer security in the internet of things,2020,-1.8508708,-2.7422314,3,"C3 · learning, data, detection",Elhabib Benlahmar,Technologie de l'Information et Modélisation
art_01127,Performance Analysis of Routing Protocols in Vehicular Ad Hoc Network,2016,-1.267836,-4.415597,2,"C2 · model, control, data",Elhabib Benlahmar,Technologie de l'Information et Modélisation
art_01128,"Performance Assessment of AODV, DSR and DSDV in an Urban VANET Scenario",2019,-1.2554852,-4.1502075,4,"C4 · properties, synthesis, numerical",Khalid Kandali,Technologie de l'Information et Modélisation
art_01129,Performance-Based Governance of Trade Corridors: Designing a Balanced Scorecard Integrating the TCEI Dimensions,2025,-0.3240479,-2.2907827,3,"C3 · learning, data, detection",Mohammed Aitdaoud,Laboratoire d’Intelligence Artificielle et Systèmes
art_01130,"Performance evaluation and implementations of MFCC, SVM and MLP algorithms in the FPGA board",2021,-2.1744745,-5.7640653,2,"C2 · model, control, data",Issam Atouf,Laboratoire de Traitement de l'Information
art_01131,Performance of machine learning techniques in the detection of financial frauds,2019,-1.5394275,-3.5813413,3,"C3 · learning, data, detection",Faouzia Benabbou; Nawal Sael,Laboratoire d’Intelligence Artificielle et Systèmes
art_01132,"Performance of triazole derivatives as potential corrosion in-hibitors for mild steel in a strong phosphoric acid medium: Combining experimental and computational (DFT, MDs & QSAR) approaches",2022,4.0654483,-3.0480194,5,"C5 · molecular, corrosion, experimental",Youssef Naimi,Laboratoire de Traitement de l'Information
art_01133,Performance variables and nutritional status analysis from Moroccan professional and adolescent football players during the competition period: a descriptive study,2024,-1.3181252,-1.1529346,1,"C1 · properties, water, mg",Anass Kettani; Halima Lebrazi,Laboratoire Biologie et Santé
art_01134,Permeate flux in air gap membrane distillation for seawater desalination,2020,0.83314455,-3.5307834,2,"C2 · model, control, data",Rachida Moultif,Laboratoire de Physique de la Matière Condensée
art_01135,"Petrogenesis of Derraman Peralkaline granite (Oulad Dlim Massif, West African Craton Margin, Morocco): New constraints from zircon Hf and O isotopic compositions",2018,-0.6174938,2.4869068,0,"C0 · morocco, atlas, basin",Faouziya Haissen,"Géosciences, Géomatique et Environnement"
art_01136,pH-sensitive biodegradable nanocomposite films incorporating chitosan and red cabbage anthocyanins,2025,2.1299312,-0.939336,1,"C1 · properties, water, mg",Abdelmjid Abourriche,Laboratoire Biologie et Santé
art_01137,Pharmacological Properties of Bioactive Extracts from the Rhizome of Aristolochia longa L,2020,1.0563903,0.39885056,1,"C1 · properties, water, mg",Amal Elhamsaselyoubi,Laboratoire Biologie et Santé
art_01138,Phase shift switching of a miniaturized ultra‐wideband hybrid coupler for 5G technology,2021,2.071259,-3.512069,5,"C5 · molecular, corrosion, experimental",Abdellatif Slimani,Laboratoire de Traitement de l'Information
art_01139,"Phenolic compounds, antioxidant and antibacterial activities of the methanolic extracts of Euphorbia resinifera and Euphorbia echinus",2023,2.1673012,1.6826689,1,"C1 · properties, water, mg",Wadi Badri,Laboratoire d'Ecologie et d'Environnement
art_01140,Phenotypic and genetic diversity of Moroccan rhizobia isolated from Vicia faba and study of genes that are likely to be involved in their osmotolerance,2017,2.5158842,-1.1262785,4,"C4 · properties, synthesis, numerical",Loubna Benidire,Laboratoire d'Ecologie et d'Environnement
art_01141,Phosphate-solubilizing rhizobacteria and their effects on the growth and phosphorus uptake by wheat plants,2024,1.1596215,-0.2382175,1,"C1 · properties, water, mg",Loubna Benidire,Laboratoire d'Ecologie et d'Environnement
art_01142,"Photocatalysis and microwave absorption performance of cobalt particles dispersed on activated carbon surface under the role of surface, optical, and magnetic properties",2024,3.1879807,-1.0874833,4,"C4 · properties, synthesis, numerical",Abdelilah Akouibaa,Laboratoire d’Ingénierie et de Matériaux
art_01143,"PHYSICAL-CHEMICAL CHARACTERIZATION AND HEAVY METALS ASSESSMENT OF WATERS AND SEDIMENTS OF SEBOU WATERSHED (TOP SEBOU, MOROCCO)",2021,1.1258949,-0.6776744,1,"C1 · properties, water, mg",Nadia Iounes,Laboratoire d'Ecologie et d'Environnement
art_01144,Physico-Chemical Characterization of an Urban Wastewater Effluent and Its Impact on the Receiving Environment: Oued Nfifikh (Morocco),2022,1.098188,-0.7928969,1,"C1 · properties, water, mg",Nadia Iounes,Laboratoire d'Ecologie et d'Environnement
art_01145,Physicochemical Characterization and Metallic Contamination of the Waters of Oued Nfifikh (Morocco),2022,1.0555763,-0.8036263,1,"C1 · properties, water, mg",Abdelmottalib Nahli; Nadia Iounes,Laboratoire d'Ecologie et d'Environnement
art_01146,"Physicochemical characterization of university campus’ wastewater for internal treatment system installation (Casablanca, Morocco)",2023,1.1894855,-1.0663595,1,"C1 · properties, water, mg",Abdelmottalib Nahli,Laboratoire d'Ecologie et d'Environnement
art_01147,Phytobeneficial bacteria improve saline stress tolerance in Vicia faba and modulate microbial interaction network,2020,0.53378975,-0.4224282,1,"C1 · properties, water, mg",Loubna Benidire,Laboratoire d'Ecologie et d'Environnement
art_01148,Phytochemical and Biological Validation of the Underexplored Medicinal Plant Tamarix canariensis,2026,1.2363322,0.33423567,1,"C1 · properties, water, mg",Karima Mohtadi; Rachid Saile,Laboratoire Biologie et Santé
art_01149,"Phytochemistry and pharmacological activities of essential oils, flavonoids, and ascorbic acid in Smyrnium olusatrum L.: A comprehensive review",2024,0.6276673,-0.5767738,1,"C1 · properties, water, mg",Amal Elhamsaselyoubi; Driss Radallah,Laboratoire Biologie et Santé
art_01150,Plant Growth-Promotion and IAA Secretion With Pseudomonas fluorescens and Pseudomonas putida,2023,0.36076698,-3.0124955,2,"C2 · model, control, data",Loubna Benidire,Laboratoire d'Ecologie et d'Environnement
art_01151,Plant Health—Detecting Leaf Diseases: A Systematic Review of the Literature,2024,-1.7549818,0.4236379,7,"C7 · phosphate, properties, po4",Mohamed Ghazouani,Technologie de l'Information et Modélisation
art_01152,Plasmonic heating and optical response of Au nanorods and spheroids in the NIR window for photothermal applications,2025,0.53809834,0.47264367,4,"C4 · properties, synthesis, numerical",Abdelilah Akouibaa,Laboratoire d’Ingénierie et de Matériaux
art_01153,Plio-Quaternary Volcanism in Northeastern Morocco: Petrography and Geochemistry of Outcrops with High Geothermal Potential,2022,0.42878962,-3.3050313,2,"C2 · model, control, data",Faouziya Haissen,"Géosciences, Géomatique et Environnement"
art_01154,Political social media bot detection: Unveiling cutting-edge feature selection and engineering strategies in machine learning model development,2024,-2.6903052,-4.343529,3,"C3 · learning, data, detection",Faouzia Benabbou,Laboratoire d’Intelligence Artificielle et Systèmes
art_01155,Polymeric biomaterials for wound healing applications: a comprehensive review,2022,0.87967795,-1.155447,1,"C1 · properties, water, mg",Fouad Damiri; Mohammed Berrada,Laboratoire Biologie et Santé
art_01156,Polymeric Hydrogel Sponges for Wound Healing Applications: A Comprehensive Review,2024,-1.9222637,0.49911973,7,"C7 · phosphate, properties, po4",Fouad Damiri,Laboratoire Biologie et Santé
art_01157,Polymorphisms of Tumor Necrosis Factor Alpha in Moroccan Patients with Gastric Pathology: New Single‐Nucleotide Polymorphisms in TNF‐α−193 (G/A),2015,-0.60146505,-0.9701823,2,"C2 · model, control, data",Anass Kettani,Laboratoire Biologie et Santé
art_01158,Polyonyx-like tracks from Middle-?Upper Jurassic red beds of Morocco: Implications for sauropod communities on southern margins of tethys,2019,-0.16267532,2.0832384,0,"C0 · morocco, atlas, basin",Mostafa Oukassou,"Géosciences, Géomatique et Environnement"
art_01159,Polysaccharide-based nanogels for biomedical applications: A comprehensive review,2023,-1.884429,0.487174,7,"C7 · phosphate, properties, po4",Fouad Damiri,Laboratoire Biologie et Santé
art_01160,Pontryagin’s Principle in Optimal Control for a Stochastic Epidemic System,2025,0.12923807,-4.220846,4,"C4 · properties, synthesis, numerical",Driss Bouggar,Laboratoire d’Intelligence Artificielle et Systèmes
art_01161,Position Vectors of Curves Generalizing General Helices and Slant Helices in Euclidean 3-Space,2021,-0.053340893,-5.595354,2,"C2 · model, control, data",Malika Izid,"Laboratoire d'Analyse, Modélisation et Simulation"
art_01162,Post-Curing Effects on the Tensile Properties of Hybrid Fiber-Reinforced Polymers: Experimental and Numerical Insights,2025,0.26393542,-2.6757274,3,"C3 · learning, data, detection",Mohamed Idiri,Laboratoire de Physique de la Matière Condensée
art_01163,Post-harvest biopreservation of tomato (Solanum lycopersicum L.) using Moroccan Vachellia tortilis subsp. raddiana gum coating.,2026,1.797684,-0.82230127,1,"C1 · properties, water, mg",Loubna Benidire,Laboratoire d'Ecologie et d'Environnement
art_01164,Post‐Variscan exhumation of the Central Anti‐Atlas (Morocco) constrained by zircon and apatite fission‐track thermochronology,2012,-0.932456,3.2225795,0,"C0 · morocco, atlas, basin",Mostafa Oukassou,"Géosciences, Géomatique et Environnement"
art_01165,"Potential inhibitors of Dipeptidyl Peptidase IV dependent from Moroccan phytocompound: molecular docking, molecular dynamics simulations, and MM-PBSA analyses",2026,1.2308259,0.36463583,1,"C1 · properties, water, mg",Karima Mohtadi,Laboratoire Biologie et Santé
art_01166,Potential of Clay-Based Geomaterials for Passive Treatment of Brackish and Saline Waters,2026,2.156449,-0.77553165,1,"C1 · properties, water, mg",Fouad Alloun,Laboratoire de Chimie Physique des Matériaux Appliqués
art_01167,"Potentiality of new dark clay-rich materials for porous ceramic applications in Ouled Sidi Ali Ben Youssef Area (Coastal Meseta, Morocco)",2020,3.600864,-1.4337702,4,"C4 · properties, synthesis, numerical",Chaouki Sadik,Laboratoire de Chimie Physique des Matériaux Appliqués
art_01168,Potentiels et limites des indices spectraux pour caractériser la dégradation des sols en milieu semi-aride,2011,-0.67785704,-0.13718203,7,"C7 · phosphate, properties, po4",Soufiane Maimouni,"Géosciences, Géomatique et Environnement"
art_01169,Power and Temperature Estimation for Soft-core Processor Task at the SystemC/TLM,2018,-1.4248639,-5.000072,2,"C2 · model, control, data",Abdelhakim Alali,Laboratoire de Traitement de l'Information
art_01170,Pre-Zanclean end of the Messinian Salinity Crisis: new evidence from central Mediterranean reference sections,2021,-0.28756776,2.3914542,0,"C0 · morocco, atlas, basin",Nadia Barhoun,"Géosciences, Géomatique et Environnement"
art_01171,Predicting academic performance: toward a model based on machine learning and learner’s intelligences,2024,-2.346314,-2.0797923,3,"C3 · learning, data, detection",Said Nouh,Technologie de l'Information et Modélisation
art_01172,Predicting Quality of Life using Machine Learning: case of World Happiness Index,2021,-2.6992967,-4.230191,2,"C2 · model, control, data",Faouzia Benabbou; Nawal Sael,Laboratoire d’Intelligence Artificielle et Systèmes
art_01173,"Predicting the mechanical properties of $$\:{Li}_{2}Ti{O}_{3}$$ using machine learning process: linear regression, random forests and XGBoost models",2026,-2.7304628,-4.324939,4,"C4 · properties, synthesis, numerical",Rachida Moultif,Laboratoire de Physique de la Matière Condensée
art_01174,Predictive Analytics as A Service on Moroccan Tax Evasion,2018,-0.36315867,-3.0715814,2,"C2 · model, control, data",Abderrahmane Daif,Technologie de l'Information et Modélisation
art_01175,"Predictive modelling and optimization of green solvent extraction and isolation of antioxidants from rosemary leaves: Integrating RSM, GPR, and ANN",2026,-2.767691,-4.4098115,4,"C4 · properties, synthesis, numerical",Abdelmjid Abourriche,Laboratoire Biologie et Santé
art_01176,Predictors of mortality in hemodialysis patients,2019,-0.8746969,-0.9840797,1,"C1 · properties, water, mg",Anass Kettani; Halima Lebrazi; Karima Mohtadi,Laboratoire Biologie et Santé
art_01177,"Preliminary physicochemical diagnosis of water quality of Hassar stream after installing the waste water treatment Plant (wwtp) of Mediouna (Casablanca, Morocco)",2015,1.1480689,-0.83274454,1,"C1 · properties, water, mg",Abdelmottalib Nahli,Laboratoire d'Ecologie et d'Environnement
art_01178,Première caractérisation palynologique du Trias moyen dans le Haut Atlas ; implications pour l'initiation du rifting téthysien au Maroc,2006,-0.6152168,2.369722,0,"C0 · morocco, atlas, basin",Rachid Essamoud,"Géosciences, Géomatique et Environnement"
art_01179,Preparation and characterization of possible basic ceramics from Moroccan magnesite,2018,3.0271797,-0.6632895,7,"C7 · phosphate, properties, po4",Chaouki Sadik,Laboratoire de Chimie Physique des Matériaux Appliqués
art_01180,PREPROCESSING ARABIC DIALECT FOR SENTIMENT MINING: STATE OF ART,2020,-1.7050999,-2.9996488,3,"C3 · learning, data, detection",Nawal Sael,Laboratoire d’Intelligence Artificielle et Systèmes
art_01181,Preserving the Privacy of COVID-19 Infected Patients Data Using a Divergent-Scale Supervised Learning for Publishing the Informative Data,2021,-1.0150833,0.32581738,7,"C7 · phosphate, properties, po4",Mounir Sadiq,Technologie de l'Information et Modélisation
art_01182,Pressure-induced band gap shift and enhanced optical properties of quaternary Heusler TaAlCuCo: DFT study,2024,4.256182,-3.3493965,5,"C5 · molecular, corrosion, experimental",Mohamed Idiri,Laboratoire de Physique de la Matière Condensée
art_01183,Pricing American put options model with application to oil options,2023,1.646467,-2.047663,2,"C2 · model, control, data",Imane Agmour,"Laboratoire d'Analyse, Modélisation et Simulation"
art_01184,Primjena tehnika segmentacije i klasifikacije slika na podatke Sentinela 2A za pracenje procesa dezertifikacije,2025,-0.5420224,-1.4595481,7,"C7 · phosphate, properties, po4",Allal Labriki,"Géosciences, Géomatique et Environnement"
art_01185,Priority Task Scheduling Strategy for Heterogeneous Multi-Datacenters in Cloud Computing,2017,-1.5475637,-3.3403258,2,"C2 · model, control, data",Faouzia Benabbou,Laboratoire d’Intelligence Artificielle et Systèmes
art_01186,Probability analysis and near-optimal control for a stochastic epidemic treatment model with relapse,2023,0.5344527,-4.117309,2,"C2 · model, control, data",Driss Bouggar,Laboratoire d’Intelligence Artificielle et Systèmes
art_01187,Processing and characterization of alumina–mullite ceramics,2014,2.2638557,-1.400161,1,"C1 · properties, water, mg",Chaouki Sadik,Laboratoire de Chimie Physique des Matériaux Appliqués
art_01188,Processing and properties of biopolymer-based materials from polysaccharides especially cellulose,2026,2.5983853,-0.31201375,7,"C7 · phosphate, properties, po4",Abdelmjid Abourriche,Laboratoire Biologie et Santé
art_01189,Production of a new anti-A monoclonal reagent,2005,-0.38167825,-1.1412822,2,"C2 · model, control, data",Driss Radallah,Laboratoire Biologie et Santé
art_01190,Production of cellulose nanocrystals from vine shoots and their use for the development of nanocomposite materials,2018,2.4200833,-1.3821039,1,"C1 · properties, water, mg",Said Gmouh,Laboratoire d’Ingénierie et de Matériaux
art_01191,Profils épidémiologique et anatomoclinique d’une population marocaine atteinte de cancer colorectal,2015,0.3703474,0.44553083,7,"C7 · phosphate, properties, po4",Driss Radallah,Laboratoire Biologie et Santé
art_01192,Progress of Digital Learning Resources: Development and Pedagogical Integration of a Virtual Environment Laboratory for the Practical Experiments in Chemistry,2019,-2.418881,-1.6357623,3,"C3 · learning, data, detection",Soufiane Zerraf,Laboratoire de Chimie Physique des Matériaux Appliqués
art_01193,Projection techniques to improve high-order iterative correctors,2004,1.4585439,-4.8680277,7,"C7 · phosphate, properties, po4",Bouazza Braikat,Laboratoire de Physique de la Matière Condensée
art_01194,"Promises, Challenges and Opportunities of Integrating SDN and Blockchain with IoT Applications: A Survey",2023,-1.5642803,-2.634788,3,"C3 · learning, data, detection",Sanaa Elfilali,Laboratoire d’Intelligence Artificielle et Systèmes
art_01195,Properties and valuable applications of superabsorbent polymers: a comprehensive review,2023,-1.8547304,0.46633115,7,"C7 · phosphate, properties, po4",Fouad Damiri,Laboratoire Biologie et Santé
art_01196,Protection of low carbon steel by oxadiazole derivatives and biocide against corrosion in simulated cooling water system,2014,1.877987,-0.41932413,4,"C4 · properties, synthesis, numerical",Said Bakkali,Laboratoire de Chimie Physique des Matériaux Appliqués
art_01197,Protective Role of Native Rhizospheric Soil Microbiota Against the Exposure to Microcystins Introduced into Soil-Plant System via Contaminated Irrigation Water and Health Risk Assessment,2021,1.1136453,-0.42451382,1,"C1 · properties, water, mg",Loubna Benidire,Laboratoire d'Ecologie et d'Environnement
art_01198,Punica granatum leave extract as green corrosion inhibitor for mild steel in Hydrochloric acid,2013,3.9068627,-1.7288262,5,"C5 · molecular, corrosion, experimental",Omar Tanane,Laboratoire de Chimie Physique des Matériaux Appliqués
art_01199,"QSAR, molecular docking and ADMET properties in silico studies of novel 4,5,6,7-tetrahydrobenzo[D]-thiazol-2-Yl derivatives derived from dimedone as potent anti-tumor agents through inhibition of C-Met receptor tyrosine kinase",2021,1.5086918,0.80477184,5,"C5 · molecular, corrosion, experimental",Samir Chtita,Laboratoire de Chimie Analytique et Moléculaire
art_01200,QSAR study of unsymmetrical aromatic disulfides as potent avian SARS-CoV main protease inhibitors using quantum chemical descriptors and statistical methods,2021,1.582829,0.8125043,5,"C5 · molecular, corrosion, experimental",Samir Chtita,Laboratoire de Chimie Analytique et Moléculaire
art_01201,Quantitative phase analysis of anhydrous clinker Portland using Rietveld method,2022,3.6569042,-1.6800299,2,"C2 · model, control, data",Siham Slassi,Laboratoire d’Ingénierie et de Matériaux
art_01202,Radar Rainfall Estimation in Morocco: Quality Control and Gauge Adjustment,2019,1.1719898,-3.26212,2,"C2 · model, control, data",Soumia Mordane,Laboratoire d’Ingénierie et de Matériaux
art_01203,Radial point interpolation method and high-order continuation for solving nonlinear transient heat conduction problems,2020,1.4682685,-3.9995263,2,"C2 · model, control, data",Bouazza Braikat,Laboratoire de Physique de la Matière Condensée
art_01204,Rainfall Variability and Droughts in the Sebou Basin (Morocco): ERA5 Bias Correction by Quantile Mapping and Trend Analysis over 1980–2024,2026,-1.7931151,1.0928377,7,"C7 · phosphate, properties, po4",Wadi Badri,Laboratoire d'Ecologie et d'Environnement
art_01205,Real Case Study of Moroccan Tri-Trophic Model with Alternative Food,2024,0.5553731,-3.2418017,2,"C2 · model, control, data",Imane Agmour,"Laboratoire d'Analyse, Modélisation et Simulation"
art_01206,Real-case study of the Moroccan tri-trophic model with alternative food,2024,0.49883428,-3.2538555,2,"C2 · model, control, data",Imane Agmour,"Laboratoire d'Analyse, Modélisation et Simulation"
art_01207,Real division algebras satisfying some identities,2021,-1.4568237,0.59566265,7,"C7 · phosphate, properties, po4",Bouchra Aharmim,"Laboratoire d'Analyse, Modélisation et Simulation"
art_01208,"Real division algebras with central idempotent satisfying (x^2, y^2, x^2) = 0",2021,-1.4035226,0.5387118,7,"C7 · phosphate, properties, po4",Bouchra Aharmim,"Laboratoire d'Analyse, Modélisation et Simulation"
art_01209,Real-time Detection of Vehicles Using the Haar-like Features and Artificial Neuron Networks,2015,-2.0220342,-4.302351,2,"C2 · model, control, data",Issam Atouf,Laboratoire de Traitement de l'Information
art_01210,Real-Time Image Preprocessing for Abandoned Object Detection in Urban Surveillance,2025,-0.88528806,-1.9332038,2,"C2 · model, control, data",Sanaa Elfilali,Laboratoire d’Intelligence Artificielle et Systèmes
art_01211,Real-Time Implementation of Artificial Neural Network in FPGA Platform,2020,-2.1874268,-5.805337,4,"C4 · properties, synthesis, numerical",Issam Atouf,Laboratoire de Traitement de l'Information
art_01212,Real-Time Traffic Light Control System Based on Background Updating and Edge Detection,2019,-1.7646031,-4.1039214,2,"C2 · model, control, data",Issam Atouf,Laboratoire de Traitement de l'Information
art_01213,Real‐Time Vehicle Detection Using Cross‐Correlation and 2D‐DWT for Feature Extraction,2019,-2.0120382,-4.3320007,3,"C3 · learning, data, detection",Abdelmoghit Zaarane; Issam Atouf,Laboratoire de Traitement de l'Information
art_01214,Recent Advancements in Microneedle Technology for Multifaceted Biomedical Applications,2022,0.6409917,-1.0560896,3,"C3 · learning, data, detection",Fouad Damiri; Mohammed Berrada,Laboratoire Biologie et Santé
art_01215,Recent advances in 3D bioprinted polysaccharide hydrogels for biomedical applications: A comprehensive review,2024,0.67574304,-1.2989528,1,"C1 · properties, water, mg",Fouad Damiri,Laboratoire Biologie et Santé
art_01216,Recent Advances in Adsorptive Nanocomposite Membranes for Heavy Metals Ion Removal from Contaminated Water: A Comprehensive Review,2022,0.7087113,-0.96341425,1,"C1 · properties, water, mg",Fouad Damiri; Mohammed Berrada,Laboratoire Biologie et Santé
art_01217,Recent advances in silica-alumina refractory: A review,2014,0.66442704,-0.9553225,1,"C1 · properties, water, mg",Chaouki Sadik,Laboratoire de Chimie Physique des Matériaux Appliqués
art_01218,Recent Advances in Supercapacitor Materials,2025,4.4229846,-0.08857811,4,"C4 · properties, synthesis, numerical",Said Bakkali,Laboratoire de Chimie Physique des Matériaux Appliqués
art_01219,Reconstruction of the last cretaceous anoxic event in the Tarfaya Laayoune basin (South of Morocco): Biostratigraphy and Paleoenvironment of the Oum Debaa Formation,2021,-0.24857056,2.01933,0,"C0 · morocco, atlas, basin",Mustapha Mouflih,"Géosciences, Géomatique et Environnement"
art_01220,Recovery of household waste by generation of biogas as energy and compost as bio-fertilizer—a review,2021,-0.17977864,-2.9001067,3,"C3 · learning, data, detection",Abdelhakim Alali,Laboratoire de Traitement de l'Information
art_01221,"Rehamnia (Lycopodiophyta), a new enigmatic Late Devonian plant from Morocco",2021,-0.22767514,4.60956,6,"C6 · morocco, maroc, rabat",Mostafa Oukassou,"Géosciences, Géomatique et Environnement"
art_01222,Reinvestigation of the crystal structure of barium cesium cyclotriphosphate dihydrate and vibrational study,2017,5.2035794,-2.0696733,4,"C4 · properties, synthesis, numerical",Soufiane Zerraf,Laboratoire de Chimie Physique des Matériaux Appliqués
art_01223,RELATIONSHIP BETWEEN DIETARY PHYTOESTROGENS AND ENDOGENOUS ESTROGEN: A REVIEW,2019,0.61992246,-0.22194123,1,"C1 · properties, water, mg",Driss Radallah,Laboratoire Biologie et Santé
art_01224,"Remote Sensing and Geospatial Approach for Assessing the Impact of Automobiles on Air Quality, Case Study: Casablanca",2024,-0.38032943,-1.964247,3,"C3 · learning, data, detection",Rachid Essamoud,"Géosciences, Géomatique et Environnement"
art_01225,Removal of Cadmium from Water Using Natural Phosphate as Adsorbent,2014,2.1805794,-0.63551515,1,"C1 · properties, water, mg",Mustapha Mouflih,"Géosciences, Géomatique et Environnement"
art_01226,Removal of heavy metal ions from water by using calcined phosphate as a new adsorbent,2004,2.8114634,-0.30810037,4,"C4 · properties, synthesis, numerical",Mustapha Mouflih,"Géosciences, Géomatique et Environnement"
art_01227,Removal of lead from aqueous solutions by activated phosphate,2005,3.1889005,0.034202855,7,"C7 · phosphate, properties, po4",Mustapha Mouflih,"Géosciences, Géomatique et Environnement"
art_01228,Removal of lead from aqueous solutions by natural phosphate,2006,3.183459,0.047503654,7,"C7 · phosphate, properties, po4",Mustapha Mouflih,"Géosciences, Géomatique et Environnement"
art_01229,"Répartition stratigraphique et biozones des kystes de dinoflagellés au passage Jurassique moyen–Jurassique supérieur (Bathonien supérieur–Oxfordien inférieur) dans le Bassin de Guercif, Maroc nord-oriental",2017,-0.5408776,4.105259,6,"C6 · morocco, maroc, rabat",Mustapha Mouflih; Rachid Essamoud,"Géosciences, Géomatique et Environnement"
art_01230,Reply to comment by Michard et al. on “The Mesozoic Margin of the Maghrebian Tethys in the Rif Belt (Morocco): Evidence for Polyphase Rifting and Related Magmatic Activity”,2020,-0.40071735,2.7944992,0,"C0 · morocco, atlas, basin",Faouziya Haissen,"Géosciences, Géomatique et Environnement"
art_01231,Reproduction of the Western Marsh Harrier Circus aeruginosus at the El Maleh Dam reservoir in north-western Morocco,2023,0.098220244,-1.5104637,1,"C1 · properties, water, mg",Abdelmottalib Nahli,Laboratoire d'Ecologie et d'Environnement
art_01232,Research on Precision Marketing based on Big Data Analysis and Machine Learning:Case Study of Morocco,2022,-2.1353586,-2.8191385,2,"C2 · model, control, data",Abdessamad Belangour,Laboratoire d’Intelligence Artificielle et Systèmes
art_01233,Response Surface Modeling for Malachite Green Removal Using the Box-Behnken Experimental Design,2022,2.0052536,-0.76196915,1,"C1 · properties, water, mg",Asmaa Benbiyi,Laboratoire de Chimie Physique des Matériaux Appliqués
art_01234,RETRACTED: An Overview of Antimicrobial Stewardship Optimization: The Use of Antibiotics in Humans and Animals to Prevent Resistance,2022,0.5938328,-0.6816378,1,"C1 · properties, water, mg",Fouad Damiri; Mohammed Berrada,Laboratoire Biologie et Santé
art_01235,"RETRACTED: Synthesis, crystal structure, DFT studies, and Hirshfeld surface analysis of a new Strontium Polyphosphate Form α-Sr(PO)",2023,3.2323418,0.117576875,4,"C4 · properties, synthesis, numerical",Soufiane Zerraf,Laboratoire de Chimie Physique des Matériaux Appliqués
art_01236,"Retraction notice to “Synthesis, crystal structure, DFT studies, and Hirshfeld surface analysis of a new Strontium Polyphosphate Form α-Sr(PO) ” [J. Solid State Chem. 329 (2024) 124306]",2025,0.54072994,0.9069068,2,"C2 · model, control, data",Soufiane Zerraf,Laboratoire de Chimie Physique des Matériaux Appliqués
art_01237,Reverse vaccinology-based prediction of a multi-epitope SARS-CoV-2 vaccine and its tailoring to new coronavirus variants,2022,-2.137079,1.232552,7,"C7 · phosphate, properties, po4",Anass Kettani,Laboratoire Biologie et Santé
art_01238,Review current CRM architectures and introducing new adapted architecture to Big Data,2015,-2.3418744,-2.655065,3,"C3 · learning, data, detection",Abderrahmane Daif,Technologie de l'Information et Modélisation
art_01239,Review Mineral Clay Doped Semiconductor for Dye-Pollutant Degradation,2025,3.411779,-0.403191,4,"C4 · properties, synthesis, numerical",Abdelilah Akouibaa,Laboratoire d’Ingénierie et de Matériaux
art_01240,"Review of: ""Economic System Rationality Entropy setting for Kenya by Fiscal Policy, Job Re-assignment and Job Creation: Human Capital-based Resilience Indexing against China""",2023,-0.8535742,-2.5891905,3,"C3 · learning, data, detection",Imane Agmour,"Laboratoire d'Analyse, Modélisation et Simulation"
art_01241,"Review of: ""Nutritional Status and Dietary Patterns of Children Aged Ten Years and Below In the Buea Municipality, South West Region Cameroon""",2023,-1.3021799,-2.706222,3,"C3 · learning, data, detection",Karima Mohtadi,Laboratoire Biologie et Santé
art_01242,"Review of: ""Results in Cone Metric Spaces and Related Fixed Point Theorems for Contractive Type Mappings""",2024,-1.3211863,-2.73922,2,"C2 · model, control, data",Abdelhafid Bassou,"Laboratoire d'Analyse, Modélisation et Simulation"
art_01243,"Review of: ""Synthesis and Antibacterial Screening of Cefradine Schiff Bases and Their Metal Salts""",2023,2.099316,1.443823,4,"C4 · properties, synthesis, numerical",Mohamed Moumou,Laboratoire de Chimie Analytique et Moléculaire
art_01244,Review on the elaboration and characterization of ceramics refractories based on magnesite and dolomite,2016,2.797191,-1.1397305,1,"C1 · properties, water, mg",Chaouki Sadik,Laboratoire de Chimie Physique des Matériaux Appliqués
art_01245,Revitalizing Continuous Education,2024,0.94754535,-1.5415293,2,"C2 · model, control, data",Mounir Sadiq,Technologie de l'Information et Modélisation
art_01246,Revolutionizing supermarket services with hierarchical association rule mining,2023,-2.2346833,-2.5988321,3,"C3 · learning, data, detection",Mohamed Ghazouani,Technologie de l'Information et Modélisation
art_01247,Road users detection for traffic congestion classification,2023,-2.3681138,-3.9414485,2,"C2 · model, control, data",Abderrahmane Daif,Technologie de l'Information et Modélisation
art_01248,SafeSmartDrive: Real-Time Traffic Environment Detection and Driver Behavior Monitoring With Machine and Deep Learning,2024,-2.0148218,-3.8815777,3,"C3 · learning, data, detection",Faouzia Benabbou; Nawal Sael,Laboratoire d’Intelligence Artificielle et Systèmes
art_01249,Salt intake assessed by 24 hour urinary sodium excretion of Moroccan adults: A pilot study,2017,-1.2169751,-0.064693734,7,"C7 · phosphate, properties, po4",Karima Mohtadi,Laboratoire Biologie et Santé
art_01250,"Salt stress–soil microbiome interactions: structure, diversity, and physiological functions",2026,-0.32958007,0.3426917,7,"C7 · phosphate, properties, po4",Loubna Benidire,Laboratoire d'Ecologie et d'Environnement
art_01251,Sardina pilchardus scales: a potential alternative source for the development of marine apatitic calcium phosphates for biomedical applications,2025,1.6977795,-1.12598,1,"C1 · properties, water, mg",Soumia Belouafa,Laboratoire Biologie et Santé
art_01252,Satellite data analysis and geographic information system for urban planning: A systematic review,2022,-0.44903573,-1.9060376,3,"C3 · learning, data, detection",Abdessamad Belangour,Laboratoire d’Intelligence Artificielle et Systèmes
art_01253,Satellite image classification methods and techniques: A survey,2021,-1.2632651,-3.3497245,3,"C3 · learning, data, detection",Abdessamad Belangour,Laboratoire d’Intelligence Artificielle et Systèmes
art_01254,Science Mapping of Nanogenerator Research Development to Harvest Energy from Human Body Motion for Wearable IoT Devices,2025,0.4555446,-2.0926309,4,"C4 · properties, synthesis, numerical",Abdelilah Akouibaa,Laboratoire d’Ingénierie et de Matériaux
art_01255,Seasonal and Spatial Variability of Coastal Upwelling Activity in Northwest Africa: A Climatological Analysis and Interpretation,2024,-1.1287811,0.6845078,7,"C7 · phosphate, properties, po4",Samia Yousfi,Laboratoire de Chimie Analytique et Moléculaire
art_01256,Seasonal upwelling drives surface water biogeochemistry with implication for ocean acidification along the Northwest African coast,2025,-0.93052113,0.7577886,7,"C7 · phosphate, properties, po4",Samia Yousfi,Laboratoire de Chimie Analytique et Moléculaire
art_01257,Seasonal Upwelling Effects on Seawater Carbonate Chemistry and Ocean Acidification in Northwest Africa,2025,0.09565492,-1.3508917,3,"C3 · learning, data, detection",Samia Yousfi,Laboratoire de Chimie Analytique et Moléculaire
art_01258,Second order microstrip bandpass filter design based on square resonator for 5G sub-6 GHz band,2022,2.0900805,-3.5180883,5,"C5 · molecular, corrosion, experimental",Abdellatif Slimani,Laboratoire de Traitement de l'Information
art_01259,Sedimentological and sequence stratigraphy analyses of the syn-rift Triassic series of the Mohammedia–Benslimane–ElGara–Berrechid basin (Moroccan Meseta),2020,-0.30222312,2.4647715,0,"C0 · morocco, atlas, basin",Rachid Essamoud,"Géosciences, Géomatique et Environnement"
art_01260,"SEDIMENTOLOGIE DE FACIES DES DEPOTS TRIASIQUES DE LA REGION DE OUED EL MALEH ET ELGARA (BASSIN DE MOHAMMEDIA-BENSLIMANE-ELGARA-BERRECHID, MAROC).",2017,-0.20850153,-2.7695627,3,"C3 · learning, data, detection",Rachid Essamoud,"Géosciences, Géomatique et Environnement"
art_01261,"Sedimentology and Palaeoenvironments of the Triassic Deposits of the Imini Basin (High Atlas of Marrakesh, Morocco)",2023,-0.73218536,2.8151174,0,"C0 · morocco, atlas, basin",Rachid Essamoud,"Géosciences, Géomatique et Environnement"
art_01262,Sedimentology and Paleo-environment of Phosphate Facies of the High Atlas of Marrakech (Morocco),2022,-0.7584317,2.8617573,0,"C0 · morocco, atlas, basin",Mustapha Mouflih,"Géosciences, Géomatique et Environnement"
art_01263,"Selective and competitive removal of three basic dyes from single, binary and ternary systems in aqueous solutions: A combined experimental and theoretical study",2020,4.3867517,-3.0396008,5,"C5 · molecular, corrosion, experimental",Aziz Boutouil,Laboratoire de Chimie Physique des Matériaux Appliqués
art_01264,Sentiment Analysis in Moroccan Dialect via Arabic Transcoding: Evaluating Different Machine Learning Strategies,2024,-2.694787,-4.282098,4,"C4 · properties, synthesis, numerical",Sanaa Elfilali,Laboratoire d’Intelligence Artificielle et Systèmes
art_01265,Sentiment analysis through word embedding using AraBERT: Moroccan dialect use case,2021,-2.4876785,-3.8579307,3,"C3 · learning, data, detection",Faouzia Benabbou; Nawal Sael,Laboratoire d’Intelligence Artificielle et Systèmes
art_01266,Sentiment Classification on Movie Reviews and Twitter: An Experimental Study of Supervised Learning Models,2019,-2.6022167,-4.2387547,3,"C3 · learning, data, detection",Elhabib Benlahmar,Technologie de l'Information et Modélisation
art_01267,"Série stéphano-permienne de la région de Marrakech, Maroc (Haut-Atlas nord, sondages du Haouz, Jbilets orientales) : dynamique sédimentale, pétrographie, charbon",1989,-0.7170908,2.6231012,0,"C0 · morocco, atlas, basin",Rachid Essamoud,"Géosciences, Géomatique et Environnement"
art_01268,Séries charbonneuses dans des séquences rétrogradantes: cas du bassin houiller paralique westphalien de Jérada (Maroc),1998,-0.8925884,2.8677032,0,"C0 · morocco, atlas, basin",Rachid Essamoud,"Géosciences, Géomatique et Environnement"
art_01269,"Serum paraoxonase activity, high-sensitivity C-reactive protein, and lipoprotein disturbances in end-stage renal disease patients on long-term hemodialysis",2008,-0.50911963,-0.90915525,4,"C4 · properties, synthesis, numerical",Anass Kettani,Laboratoire Biologie et Santé
art_01270,"SERUMSPEC-PCa: analysis code, extended tables and additional figures for a tumour-type specificity audit of serum microRNA classifiers in prostate cancer (GEO GSE112264)",2026,-1.0460706,-2.9839535,3,"C3 · learning, data, detection",Abdelmjid Abourriche,Laboratoire Biologie et Santé
art_01271,"Sex ratio and sexual dimorphism in mountain dioecious thuriferous juniper (Juniperus thurifera L., Cupressaceae)",2002,1.7577353,-2.5934668,2,"C2 · model, control, data",Wadi Badri,Laboratoire d'Ecologie et d'Environnement
art_01272,"Shortest path problem in fuzzy, intuitionistic fuzzy and neutrosophic environment: an overview",2019,-1.0230528,-4.710693,3,"C3 · learning, data, detection",Mohamed Talea,Laboratoire de Traitement de l'Information
art_01273,Shortest path problem on single valued neutrosophic graphs,2017,-0.53200287,-5.7595587,2,"C2 · model, control, data",Mohamed Talea,Laboratoire de Traitement de l'Information
art_01274,Shortest Path Problem under Bipolar Neutrosphic Setting,2016,-0.52477354,-5.6719604,2,"C2 · model, control, data",Mohamed Talea,Laboratoire de Traitement de l'Information
art_01275,Shortest path problem under triangular fuzzy neutrosophic information,2016,-0.5615881,-5.7270064,2,"C2 · model, control, data",Mohamed Talea,Laboratoire de Traitement de l'Information
art_01276,Shortest path problem using Bellman algorithm under neutrosophic environment,2019,-0.94372076,-4.7864842,3,"C3 · learning, data, detection",Mohamed Talea,Laboratoire de Traitement de l'Information
art_01277,"SHRIMP U–Pb zircon geochronology of the granitoids of the Imiter Inlier: Constraints on the Pan-African events in the Saghro massif, Anti-Atlas (Morocco)",2018,-0.74449444,2.6053965,0,"C0 · morocco, atlas, basin",Faouziya Haissen,"Géosciences, Géomatique et Environnement"
art_01278,"SILAR-engineered ZnO thin films: exploring the impact of Ni, Co, and Fe dopants on structural, optical, and electronic properties",2024,3.5838563,-0.7676044,4,"C4 · properties, synthesis, numerical",Othmane Daoudi,Laboratoire de Physique de la Matière Condensée
art_01279,"Siliceous complexes and silicification dynamics in the Maastrichtian–Eocene phosphate series of Boucraa, Morocco",2026,-0.47189036,-1.9451364,3,"C3 · learning, data, detection",Mustapha Mouflih,"Géosciences, Géomatique et Environnement"
art_01280,"Siliceous Forms of Phosphate Deposits of Cretaceous Age in Oulad Abdoun Basin (Central Morocco). Mineralogy, Geochemistry and Diagenetic Phenomena",2014,-0.44707218,2.241962,0,"C0 · morocco, atlas, basin",Mustapha Mouflih,"Géosciences, Géomatique et Environnement"
art_01281,Simulating and analyzing the dynamics of collective movement with elastic interactions and leadership influence,2025,0.40595746,-3.281476,3,"C3 · learning, data, detection",Rachida Moultif,Laboratoire de Physique de la Matière Condensée
art_01282,Simulation of a 2D Large Transformation Elastoplasticity Problem Using the ANM,2022,-0.7696902,0.48474032,7,"C7 · phosphate, properties, po4",Abdellah Hamdaoui,Laboratoire de Physique de la Matière Condensée
art_01283,Simulation of the Optical Properties of Gold Nanorods : Comparison to Experiment,2013,2.0243955,-3.4187376,5,"C5 · molecular, corrosion, experimental",Abdelilah Akouibaa,Laboratoire d’Ingénierie et de Matériaux
art_01284,"Single valued neutrosophic graphs: Degree, order and size",2016,-0.62933373,-5.7226295,2,"C2 · model, control, data",Mohamed Talea,Laboratoire de Traitement de l'Information
art_01285,"Site Selections for Hill Dams in Oued Cherrat Watershed, NW Morocco: Weighted Overlay Approach",2025,-0.18487383,-2.1442747,3,"C3 · learning, data, detection",Allal Labriki,"Géosciences, Géomatique et Environnement"
art_01286,"Size-Dependent Antibacterial, Antidiabetic, and Toxicity of Silver Nanoparticles Synthesized Using Solvent Extraction of Rosa indica L. Petals",2022,-0.18971899,0.35302535,7,"C7 · phosphate, properties, po4",Fouad Damiri,Laboratoire Biologie et Santé
art_01287,Slodkowski’s Spectra Of Some New Generalized Spherical Aluthge Transform,2025,-0.15008208,-5.2523036,4,"C4 · properties, synthesis, numerical",Bouchra Aharmim,"Laboratoire d'Analyse, Modélisation et Simulation"
art_01288,Small jump approximation and Malliavin integration by parts for infinite activity Lévy processes for Monte Carlo estimate of the Delta option price sensitivity,2026,-1.101225,-4.8893385,2,"C2 · model, control, data",Driss Bouggar,Laboratoire d’Intelligence Artificielle et Systèmes
art_01289,Smart irrigation system based on IoT and machine learning,2022,-0.7163662,-2.2781162,2,"C2 · model, control, data",Sanaa Elfilali,Laboratoire d’Intelligence Artificielle et Systèmes
art_01290,Smart stimuli-responsive polysaccharide nanohydrogels for drug delivery: a review,2023,0.74321866,-1.0549598,1,"C1 · properties, water, mg",Fouad Damiri; Mohammed Berrada,Laboratoire Biologie et Santé
art_01291,"Smart water: An innovative approach to integrated water management at the Faculty of Sciences Ben M’sick (Casablanca, Morocco) in the face of water stress",2024,1.2923194,-0.7218298,1,"C1 · properties, water, mg",Abdelmottalib Nahli,Laboratoire d'Ecologie et d'Environnement
art_01292,SoC Power Consumption Estimation at High Level of Abstraction: A Survey Study,2022,-1.2033474,-3.226997,3,"C3 · learning, data, detection",Abdelhakim Alali,Laboratoire de Traitement de l'Information
art_01293,"Sociodemographic and Lifestyle Factors Associated with Adherence to Mediterranean Diet in Representative Adult Population in Casablanca City, Morocco: A Cross-Sectional Study",2020,-1.1128674,-1.0080044,1,"C1 · properties, water, mg",Anass Kettani; Halima Lebrazi; Karima Mohtadi,Laboratoire Biologie et Santé
art_01294,Sol-gel engineered co-substituted pyrophosphates: Bridging high-performance corrosion inhibition and chromatic properties,2026,2.5596638,-0.36377573,4,"C4 · properties, synthesis, numerical",Youssef Naimi,Laboratoire de Traitement de l'Information
art_01295,Sol–gel based water repellent coatings for textiles,2015,2.4486818,-0.510592,7,"C7 · phosphate, properties, po4",Said Gmouh,Laboratoire d’Ingénierie et de Matériaux
art_01296,Solubility and Thermodynamic Properties of Dipotassium or Disodium Hydrogenphosphates in Aqueous Solutions at Various Temperatures,2022,6.39699,0.6374719,4,"C4 · properties, synthesis, numerical",Asmaa Benbiyi,Laboratoire de Chimie Physique des Matériaux Appliqués
art_01297,Solving elastoplasticity problems by the Asymptotic Numerical Method: Influence of the parameterizations,2016,-0.9550509,0.6669544,7,"C7 · phosphate, properties, po4",Abdellah Hamdaoui,Laboratoire de Physique de la Matière Condensée
art_01298,Solving the incompressible fluid flows by a high‐order mesh‐free approach,2019,1.493819,-3.9302099,2,"C2 · model, control, data",Bouazza Braikat,Laboratoire de Physique de la Matière Condensée
art_01299,Some aspects of current State of Knowledge on Triassic series on both sides of the Central Atlantic Margin,2021,-0.34026793,3.005001,0,"C0 · morocco, atlas, basin",Rachid Essamoud,"Géosciences, Géomatique et Environnement"
art_01300,Some Common Fixed Point Theorems in Partially Ordered Sets,2020,0.036148112,-5.9844666,2,"C2 · model, control, data",Said Benkaddour,"Laboratoire d'Analyse, Modélisation et Simulation"
art_01301,"SOME FIXED POINT THEOREMS OF GENERALIZED $(\psi_{1},\psi_{2},\varphi,\phi)-$CONTRACTION IN PARTIALLY ORDERED MODULAR METRIC SPACES",2018,-0.04359891,-5.920461,4,"C4 · properties, synthesis, numerical",Abderrahim Eladraoui,"Laboratoire d'Analyse, Modélisation et Simulation"
art_01302,SPARQL2Hive: An approach to processing SPARQL queries on Hive based on meta-models,2019,-0.96252644,-4.580954,3,"C3 · learning, data, detection",Abdessamad Belangour,Laboratoire d’Intelligence Artificielle et Systèmes
art_01303,Spatial and temporal variability of coastal upwelling activity in Northwest Africa (1994–2022),2025,-0.33371148,1.9050858,0,"C0 · morocco, atlas, basin",Samia Yousfi,Laboratoire de Chimie Analytique et Moléculaire
art_01304,SPATIAL DATA INFRASTRUCTURE. BENEFITS AND STRATEGY,2015,-0.9510072,-2.0934596,3,"C3 · learning, data, detection",Tarik Chafiq,Laboratoire de Traitement de l'Information
art_01305,Spatial Data Mining technology for GIS: a review,2022,-1.4376781,-2.6418505,3,"C3 · learning, data, detection",Abdessamad Belangour,Laboratoire d’Intelligence Artificielle et Systèmes
art_01306,Spatial Evaluation of Groundwater Recharge Potential Using GIS and the Analytical Hierarchy Process: The Case of the Oued Cherrat Basin (Morocco),2026,0.040421586,-1.7143189,1,"C1 · properties, water, mg",Allal Labriki,"Géosciences, Géomatique et Environnement"
art_01307,Spatiotemporal Assessment of Groundwater Quality in the Oum Rbia Watershed Using GIS-Pro and Water Quality Indices,2024,-1.2363602,-2.5664356,3,"C3 · learning, data, detection",Soufiane Zerraf,Laboratoire de Chimie Physique des Matériaux Appliqués
art_01308,Spatiotemporal evolution of the physicochemical parameters of the waters of the Oum Errabiaa watershed dams (Morocco),2024,-0.7191568,3.7244117,0,"C0 · morocco, atlas, basin",Soufiane Zerraf,Laboratoire de Chimie Physique des Matériaux Appliqués
art_01309,Spatiotemporal monitoring of low water turbidity in Moroccan coastal lagoon using Sentinel-2 data,2022,-0.5635549,-0.36077273,4,"C4 · properties, synthesis, numerical",Soufiane Maimouni,"Géosciences, Géomatique et Environnement"
art_01310,Specific Effects of Room Temperature Ionic Liquids on Cleavage Reactivity: Example of the Carbon−Halogen Bond Breaking in Aromatic Radical Anions,2004,3.8538768,-2.0581508,1,"C1 · properties, water, mg",Said Gmouh,Laboratoire d’Ingénierie et de Matériaux
art_01311,Spectral Chebyshev method coupled with a high order continuation for nonlinear bending and buckling analysis of functionally graded sandwich beams,2022,2.297361,-2.5049038,2,"C2 · model, control, data",Bouazza Braikat,Laboratoire de Physique de la Matière Condensée
art_01312,SPECTRAL INDEXES TO DETECT LAND COVER CHANGES DUE TO THE FLOODS (MOROCCO).,2017,-0.72139496,3.620689,0,"C0 · morocco, atlas, basin",Soufiane Maimouni,"Géosciences, Géomatique et Environnement"
art_01313,Spectrophotometric determination of Metronidazole and Secnidazole in pharmaceutical preparations based on the formation of dyes,2005,2.6096933,-0.26667878,7,"C7 · phosphate, properties, po4",Mohammed Berrada,Laboratoire Biologie et Santé
art_01314,Sputtering yield for Na and Cl ions on a graphene and SiC membrane in the reverse osmosis method,2018,2.7683501,-2.5933838,5,"C5 · molecular, corrosion, experimental",Rachida Moultif,Laboratoire de Physique de la Matière Condensée
art_01315,Stability Analysis and Optimal Vaccination Strategies for an SIR Epidemic Model with a Nonlinear Incidence Rate,2013,0.5490452,-4.1713266,2,"C2 · model, control, data",Hassan Laarabi,"Laboratoire d'Analyse, Modélisation et Simulation"
art_01316,Stability Analysis of a Biological Model of a Marine Resources Allowing Density Dependent Migration,2017,0.69797397,-4.1679955,2,"C2 · model, control, data",Imane Agmour,"Laboratoire d'Analyse, Modélisation et Simulation"
art_01317,Stability Analysis of a Delayed Rumor Propagation Model,2015,0.16684578,-4.2184463,4,"C4 · properties, synthesis, numerical",Hassan Laarabi,"Laboratoire d'Analyse, Modélisation et Simulation"
art_01318,Stability analysis of a delayed sir epidemic model with diffusion and saturated incidence rate,2020,0.21391341,-4.2438445,4,"C4 · properties, synthesis, numerical",Hassan Laarabi,"Laboratoire d'Analyse, Modélisation et Simulation"
art_01319,Stability analysis of thin-walled beams with open section subject to arbitrary loads,2016,1.8292211,-4.597027,4,"C4 · properties, synthesis, numerical",Bouazza Braikat,Laboratoire de Physique de la Matière Condensée
art_01320,Stability and Global Sensitivity Analysis for an Agree-Disagree Model: Partial Rank Correlation Coefficient and Latin Hypercube Sampling Methods,2020,0.8034771,-3.6197512,2,"C2 · model, control, data",Omar Zakary,"Laboratoire d'Analyse, Modélisation et Simulation"
art_01321,Stability study for the rehabilitation of the protective dike of the port El Jadida (Morocco),2021,1.0282452,-2.5958624,2,"C2 · model, control, data",Laila Mouakkir,Laboratoire d’Ingénierie et de Matériaux
art_01322,Stability Study of a Protection Structure by Stacking GSC Geosynthetics: Application to the Port of Corisco (Equatorial Guinea),2020,-0.24704586,3.5440989,0,"C0 · morocco, atlas, basin",Laila Mouakkir,Laboratoire d’Ingénierie et de Matériaux
art_01323,Stabilization of the integrase‐DNA complex by Mg2+ ions and prediction of key residues for binding HIV‐1 integrase inhibitors,2013,-2.6309333,-2.2618065,2,"C2 · model, control, data",Anass Kettani,Laboratoire Biologie et Santé
art_01324,Standardized modeling learners ontology «SLMonto» to support interactive learning environment,2015,-2.5892885,-2.1412306,2,"C2 · model, control, data",Mohammed Aitdaoud,Laboratoire d’Intelligence Artificielle et Systèmes
art_01325,Standardized modeling learners to enhance the learning service in the ILE,2017,-1.1927403,0.27959806,7,"C7 · phosphate, properties, po4",Mohammed Aitdaoud,Laboratoire d’Intelligence Artificielle et Systèmes
art_01326,Statistical tools and approaches to validate analytical methods: methodology and practical examples★,2017,0.39392325,-4.0476804,2,"C2 · model, control, data",Abdelmjid Abourriche; Soumia Belouafa,Laboratoire Biologie et Santé
art_01327,"Stereoselective 1,3‐Dipolar Cycloaddition of Nitrile Oxides With 9α‐Hydroxy‐1β,10α‐epoxyparthenolide: A Combined Experimental and DFT Study",2026,4.1800127,-3.1969507,5,"C5 · molecular, corrosion, experimental",Mohamed Moumou,Laboratoire de Chimie Analytique et Moléculaire
art_01328,"Stereoselective Synthesis and Characterization of Eudesmane Derivatives From α‐Costic Acid: DFT Approach and In Silico Evaluation Through Molecular Docking, MD Simulations, and ADMET Analysis",2025,1.6103505,0.75199616,5,"C5 · molecular, corrosion, experimental",Mohamed Moumou,Laboratoire de Chimie Analytique et Moléculaire
art_01329,Stochastic Decision-Making in a White Noise HCV Model,2026,0.17517203,-4.241831,4,"C4 · properties, synthesis, numerical",Driss Bouggar,Laboratoire d’Intelligence Artificielle et Systèmes
art_01330,STOCHASTIC MODELING AND ANALYSIS OF MARKET SHARE DYNAMICS BETWEEN TWO COMPETING FIRMS: INVARIANT MEASURES AND EMPIRICAL ESTIMATORS,2025,-0.98001486,0.44981703,7,"C7 · phosphate, properties, po4",Khalid Adnaoui,"Laboratoire d'Analyse, Modélisation et Simulation"
art_01331,STOCHASTIC MODELING AND OPTIMAL DECISION-MAKING FOR AN IMPRECISE HCV SYSTEM UNDER TREATMENT,2026,0.42930347,-4.230946,2,"C2 · model, control, data",Driss Bouggar,Laboratoire d’Intelligence Artificielle et Systèmes
art_01332,Stochastic near-optimal control for drug therapy in a random viral model with cellular immune response,2021,0.35277048,-3.8753648,2,"C2 · model, control, data",Driss Bouggar,Laboratoire d’Intelligence Artificielle et Systèmes
art_01333,Stochastic near-optimal controls for treatment and vaccination in a COVID-19 model with transmission incorporating Lévy jumps,2024,0.38228783,-3.9138427,2,"C2 · model, control, data",Driss Bouggar,Laboratoire d’Intelligence Artificielle et Systèmes
art_01334,Stochastic optimal control model for COVID-19: mask wearing and active screening/testing,2024,-0.5678455,0.06423455,7,"C7 · phosphate, properties, po4",Hassan Laarabi,"Laboratoire d'Analyse, Modélisation et Simulation"
art_01335,Storing RDF Data into Big Data NoSQL Databases,2018,-2.2544222,-3.0087092,7,"C7 · phosphate, properties, po4",Abdessamad Belangour,Laboratoire d’Intelligence Artificielle et Systèmes
art_01336,Strain effects on an electrostrictive polymer composite for power harvesting: experiments and modeling,2015,0.28420243,-3.135307,5,"C5 · molecular, corrosion, experimental",Mohamed Idiri,Laboratoire de Physique de la Matière Condensée
art_01337,Stratégie diagnostique des amyloses,2000,2.6555307,-0.2476576,7,"C7 · phosphate, properties, po4",Halima Lebrazi,Laboratoire Biologie et Santé
art_01338,Streamlining Student Support: Enhancing Administrative Assistance and Interaction Through a Chatbot Solution,2024,-2.5515237,-3.1216767,4,"C4 · properties, synthesis, numerical",Abderrahmane Daif; Mohamed Ghazouani,Technologie de l'Information et Modélisation
art_01339,Strong Modulation of Two-Photon Excited Fluorescence of Quadripolar Dyes by (De)Protonation,2004,3.0002186,-1.9788917,2,"C2 · model, control, data",Said Gmouh,Laboratoire d’Ingénierie et de Matériaux
art_01340,Structural and Electrical Characterization of Powders and Ceramics of Ttb Compounds Sr2(1-X)Na(1+X)Nb5o15 Modified with Gd,2023,3.2207935,-0.036904648,7,"C7 · phosphate, properties, po4",Rhma Adhiri,Laboratoire d’Ingénierie et de Matériaux
art_01341,Structural and magnetic insights of the novel phosphate Ca2NiFe2(PO4)4,2024,3.222408,0.10446405,7,"C7 · phosphate, properties, po4",Fouad Alloun,Laboratoire de Chimie Physique des Matériaux Appliqués
art_01342,Structural and mechanical properties of alkali silicate glasses: Insights from molecular dynamics simulations and artificial intelligence,2025,-2.8112965,-4.3929753,7,"C7 · phosphate, properties, po4",Tarik Chafiq,Laboratoire de Traitement de l'Information
art_01343,Structural and vibrational study of diphenylhydrazine dihydrogenophosphate single crystal (C 6 H 9 N 2 ) 2 H 2 P 2 O 7 (DPHDP),2018,3.028366,0.08960223,4,"C4 · properties, synthesis, numerical",Soufiane Zerraf,Laboratoire de Chimie Physique des Matériaux Appliqués
art_01344,"Structural and vibrational study of titanium Monophosphates Na0.5M0.25Ti2 (PO4)3 (M = Mn, Ni)",2019,3.751907,-1.9023279,2,"C2 · model, control, data",Youssef Naimi; Soufiane Zerraf,Laboratoire de Traitement de l'Information
art_01345,"Structure and trophic organisation of the macrobenthic community of the Hassar stream after installation of the Mediouna wastewater treatment plant (Casablanca, Morocco)",2022,0.40757027,-1.0408788,1,"C1 · properties, water, mg",Abdelmottalib Nahli,Laboratoire d'Ecologie et d'Environnement
art_01346,Structure et dégradation des peuplements à Genévrier thurifère dans les différents massifs atlasiques,2003,-0.8059419,3.7636552,0,"C0 · morocco, atlas, basin",Wadi Badri,Laboratoire d'Ecologie et d'Environnement
art_01347,"Structure‐Based Virtual Screening, ADMET analysis, and Molecular Dynamics Simulation of Moroccan Natural Compounds as Candidates α‐Amylase Inhibitors",2023,4.2470746,-2.4755864,5,"C5 · molecular, corrosion, experimental",Samir Chtita,Laboratoire de Chimie Analytique et Moléculaire
art_01348,Student Engagement and Motivation in Video Microlearning Quizzes,2025,-2.4930165,-1.567787,2,"C2 · model, control, data",Mounir Sadiq,Technologie de l'Information et Modélisation
art_01349,Student Profile Modeling Using Boosting Algorithms,2021,-2.616596,-4.304883,3,"C3 · learning, data, detection",Faouzia Benabbou; Nawal Sael,Laboratoire d’Intelligence Artificielle et Systèmes
art_01350,Student’s Engagement Detection Based on Computer Vision: A Systematic Literature Review,2025,-1.3053651,-3.1911347,3,"C3 · learning, data, detection",Nawal Sael,Laboratoire d’Intelligence Artificielle et Systèmes
art_01351,Students’ Perception About Mobile Learning in Morocco: Survey Analysis,2016,-1.7282672,-1.902445,3,"C3 · learning, data, detection",Mohamed Talea,Laboratoire de Traitement de l'Information
art_01352,"Study of Banana Peel Biocoagulant and Hydroxyapatite on the Removal of Copper, Zinc, and Turbidity",2024,1.8684003,-0.4101334,4,"C4 · properties, synthesis, numerical",Asmaa Benbiyi,Laboratoire de Chimie Physique des Matériaux Appliqués
art_01353,Study of di-hydrogen (Na; K or NH4) orthophosphates in aqueous solutions at temperatures from 298.15 K to 353.15 K,2015,2.9088485,-1.8244085,4,"C4 · properties, synthesis, numerical",Asmaa Benbiyi,Laboratoire de Chimie Physique des Matériaux Appliqués
art_01354,Study of electrical properties of Al/Si3N4/n-GaAs MIS capacitors deposited at low and high frequency PECVD,2022,3.3604827,-2.135075,2,"C2 · model, control, data",Rhma Adhiri,Laboratoire d’Ingénierie et de Matériaux
art_01355,"Study of fired clay bricks with coconut shell waste as a renewable pore-forming agent: Technological, mechanical, and thermal properties",2023,2.50775,-1.100687,4,"C4 · properties, synthesis, numerical",Omar Tanane,Laboratoire de Chimie Physique des Matériaux Appliqués
art_01356,"Study of Hopf bifurcation of delayed tritrophic system: dinoflagellates, mussels, and crabs",2023,0.6012379,-4.0450897,2,"C2 · model, control, data",Imane Agmour,"Laboratoire d'Analyse, Modélisation et Simulation"
art_01357,Study of nanofiltration membrane process by Langevin dynamic model,2024,0.16958605,-2.7149725,3,"C3 · learning, data, detection",Rachida Moultif,Laboratoire de Physique de la Matière Condensée
art_01358,Study of Optical and Thermoplasmonic Properties of Silica‐Core/Gold‐Shell Nanoparticles Integrated within Cell Organelles: A Finite Element Method,2025,2.559672,-2.154234,1,"C1 · properties, water, mg",Abdelilah Akouibaa,Laboratoire d’Ingénierie et de Matériaux
art_01359,"Study of optical properties of gold nanoparticles embedded in normal, benign, and malignant breast tissues",2021,0.42724267,0.36607993,4,"C4 · properties, synthesis, numerical",Abdelilah Akouibaa,Laboratoire d’Ingénierie et de Matériaux
art_01360,Study of the acute and subacute toxicity of alkaloids from Tetraena gaetula,2026,0.9063733,0.2475813,1,"C1 · properties, water, mg",Amal Elhamsaselyoubi; Driss Radallah,Laboratoire Biologie et Santé
art_01361,Study of the Impact of Bathymetry on the Tidal Wave: Case of the Port of Casablanca (Moroccan Atlantic Facade),2025,-0.2557981,3.5665836,0,"C0 · morocco, atlas, basin",Laila Mouakkir,Laboratoire d’Ingénierie et de Matériaux
art_01362,Study of the Optical and Thermoplasmonics Properties of Gold Nanoparticle Embedded in Al2O3 Matrix,2022,2.5598915,-1.4479293,4,"C4 · properties, synthesis, numerical",Abdelilah Akouibaa,Laboratoire d’Ingénierie et de Matériaux
art_01363,Study of the physical properties of CuO thin films grown by modified SILAR method for solar cells applications,2018,3.8227413,-1.6485528,5,"C5 · molecular, corrosion, experimental",Othmane Daoudi,Laboratoire de Physique de la Matière Condensée
art_01364,Study of the Self-Determined Motivation among Students in the Context of Online Pedagogical Activities,2020,-2.5186217,-1.5709047,3,"C3 · learning, data, detection",Mounir Sadiq,Technologie de l'Information et Modélisation
art_01365,Study of the Sensitivity of D-Shaped Optical Fiber Sensor Based on Surface Plasmon Resonance to Detect the Refractive Index Changes in the Human Blood,2022,1.7307853,-0.13685681,7,"C7 · phosphate, properties, po4",Abdelilah Akouibaa,Laboratoire d’Ingénierie et de Matériaux
art_01366,Study of the Sensitivity of D‐Shaped Optical Fiber Sensors Based on Surface Plasmon Resonance with a Silver Pyramidal Nanostructure Coated with a Thin Layer of TiO 2,2025,2.5440676,-2.2674294,2,"C2 · model, control, data",Abdelilah Akouibaa,Laboratoire d’Ingénierie et de Matériaux
art_01367,"Study of the Swelling of a Composite Based on Argan Nut, Urea-Formaldehyde and Water as a Non-Polluting Solvent",2021,2.150265,-2.387558,2,"C2 · model, control, data",Soumia Mordane,Laboratoire d’Ingénierie et de Matériaux
art_01368,Study on the Enhancement of a Square‐Core D‐Shaped Optical Fiber Sensor Based on Surface Plasmon Resonance Functionalized With Ag φ Au 1−φ Alloy and Amorphous Ge 2 Sb 2 Te 5 Nanolayer,2025,2.713355,-1.9777819,1,"C1 · properties, water, mg",Abdelilah Akouibaa,Laboratoire d’Ingénierie et de Matériaux
art_01369,Study using the Boltzmann dynamics approach of nanofiltration phenomena in electrodialysis membrane,2025,2.9232922,-0.52414125,4,"C4 · properties, synthesis, numerical",Rachida Moultif,Laboratoire de Physique de la Matière Condensée
art_01370,Studying Learner’s Player Learning Style for Generating Adaptive Learning Game,2022,-2.5479934,-1.9655458,2,"C2 · model, control, data",Khalid Kandali,Technologie de l'Information et Modélisation
art_01371,"Sub-chapter 2.4.1. Mediterranean forests, biocultural heritage and climate change",2016,0.75879866,-2.2356412,4,"C4 · properties, synthesis, numerical",Wadi Badri,Laboratoire d'Ecologie et d'Environnement
art_01372,Successive ionic layer adsorption and reaction (SILAR) synthesis of micro-structured Cu-doped ZnO thin films with enhanced photocatalytic activity,2023,3.5118837,-0.57771564,4,"C4 · properties, synthesis, numerical",Othmane Daoudi,Laboratoire de Physique de la Matière Condensée
art_01373,Superoxide-stable ionic liquids: new and efficient media for electrosynthesis of functional siloxanes,2004,3.8205714,-1.190288,1,"C1 · properties, water, mg",Said Gmouh,Laboratoire d’Ingénierie et de Matériaux
art_01374,"Supplementary Materials for: Artificial Intelligence for Rheumatoid Arthritis and Osteoporosis Diagnosis from Radiography, Computed Tomography, and Multimodal Clinical Data: A Systematic Review",2026,-1.3143883,-2.8493886,2,"C2 · model, control, data",Mohamed Ghazouani,Technologie de l'Information et Modélisation
art_01375,Sur l'existence et l'unicité de la solution des problèmes de complémentarité linéaire,2021,0.4432926,-5.0035086,2,"C2 · model, control, data",Imane Agmour,"Laboratoire d'Analyse, Modélisation et Simulation"
art_01376,Survey of Machine Learning Techniques for Student Profile Modeling,2021,-2.4841046,-4.351173,3,"C3 · learning, data, detection",Faouzia Benabbou; Nawal Sael,Laboratoire d’Intelligence Artificielle et Systèmes
art_01377,Survey of Plagiarism Detection Approaches and Big data Techniques related to Plagiarism Candidate Retrieval,2017,-2.0726645,-3.0790694,2,"C2 · model, control, data",Elhabib Benlahmar,Technologie de l'Information et Modélisation
art_01378,Survey of the Consumption of Energy Drinks and Frequency of Obesity in a Population of Academics from Casablanca,2016,-1.2398838,-1.1529697,1,"C1 · properties, water, mg",Nadia Iounes,Laboratoire d'Ecologie et d'Environnement
art_01379,Sustainable Logistics in Healthcare: Addressing Environmental Challenges and Optimizing Medical Supply Chains for a Greener Future,2026,1.3984104,-1.3443207,7,"C7 · phosphate, properties, po4",Omar Zahour,Technologie de l'Information et Modélisation
art_01380,SWAN Modeling of Dredging Effect on the Oued Sebou Estuary,2022,0.87245613,-2.223831,0,"C0 · morocco, atlas, basin",Laila Mouakkir,Laboratoire d’Ingénierie et de Matériaux
art_01381,Symbiotic Rhizobacteria for Improving of the Agronomic Effectiveness of Phosphate Fertilizers,2016,0.7731886,-0.43119404,1,"C1 · properties, water, mg",Loubna Benidire,Laboratoire d'Ecologie et d'Environnement
art_01382,SYNTHESE DE L'HYDROXYAPATITE PURE A PARTIR DE L'ACIDE PHOSPHORIQUE ET DU CARBONATE DE CALCIUM,2004,3.2734742,-1.0151218,4,"C4 · properties, synthesis, numerical",Soumia Belouafa,Laboratoire Biologie et Santé
art_01383,"Synthèse, étude structurale et propriétés magnétique, électrique et catalytique de nouveaux orthophosphates à base du fer et du cobalt",2023,2.778674,-1.843644,2,"C2 · model, control, data",Fouad Alloun,Laboratoire de Chimie Physique des Matériaux Appliqués
art_01384,Synthesis and Antimicrobial Activity of Some New Spiropyrazoline Derivatives of 9α‐ and 9β‐Hydroxyparthenolide,2022,2.1378899,1.5627544,1,"C1 · properties, water, mg",Mohamed Moumou,Laboratoire de Chimie Analytique et Moléculaire
art_01385,Synthesis and biological evaluation of 9α- and 9β-hydroxyamino-parthenolides as novel anticancer agents,2014,1.334341,0.92531055,4,"C4 · properties, synthesis, numerical",Mohamed Moumou,Laboratoire de Chimie Analytique et Moléculaire
art_01386,Synthesis and biological evaluation of novel isoxazole derivatives from acridone,2020,4.370788,-2.5525732,5,"C5 · molecular, corrosion, experimental",Siham Slassi,Laboratoire d’Ingénierie et de Matériaux
art_01387,Synthesis and characterization of 4-formylphenylboronic acid cross-linked chitosan hydrogel with dual action: Glucose-sensitivity and controlled insulin release,2022,1.4112917,-0.028612517,4,"C4 · properties, synthesis, numerical",Fouad Damiri,Laboratoire Biologie et Santé
art_01388,Synthesis and Characterization of Lyophilized Chitosan-Based Hydrogels Cross-Linked with Benzaldehyde for Controlled Drug Release,2020,3.2869987,-2.4775648,2,"C2 · model, control, data",Fouad Damiri; Mohammed Berrada,Laboratoire Biologie et Santé
art_01389,"Synthesis and structural analysis of new materials, ferroelectric Ba(2−x)Sr x GdFeNb4O15 solid solution with (0 ≤ x ≤ 2)",2022,3.1265683,-1.6898769,2,"C2 · model, control, data",Rhma Adhiri,Laboratoire d’Ingénierie et de Matériaux
art_01390,"Synthesis, antibacterial evaluation and computational studies of new acridone-1,2,3-triazole hybrids",2021,2.3931649,0.8739269,7,"C7 · phosphate, properties, po4",Siham Slassi,Laboratoire d’Ingénierie et de Matériaux
art_01391,"Synthesis, antibacterial evaluation and molecular docking studies of novel series of acridone- 1,2,3-triazole derivatives",2020,2.3099365,0.99996537,4,"C4 · properties, synthesis, numerical",Siham Slassi,Laboratoire d’Ingénierie et de Matériaux
art_01392,"Synthesis, antibacterial evaluation, in silico ADMET and molecular docking studies of new N-acylhydrazone derivatives from acridone",2020,4.3346024,-2.5535464,5,"C5 · molecular, corrosion, experimental",Siham Slassi,Laboratoire d’Ingénierie et de Matériaux
art_01393,"Synthesis, biological evaluation, molecular docking and in silico ADMET screening studies of novel isoxazoline derivatives from acridone",2021,1.6224877,0.83205456,1,"C1 · properties, water, mg",Siham Slassi,Laboratoire d’Ingénierie et de Matériaux
art_01394,"Synthesis, characterization and machine learning prediction of novel quinolone derivatives",2025,2.0001156,1.3166732,4,"C4 · properties, synthesis, numerical",Siham Slassi,Laboratoire d’Ingénierie et de Matériaux
art_01395,"Synthesis, Characterization, and Swelling Properties of a New Highly Absorbent Hydrogel Based on Carboxymethyl Guar Gum Reinforced with Bentonite and Silica Particles for Disposable Hygiene Products",2022,2.1644502,-1.1383715,1,"C1 · properties, water, mg",Fouad Damiri; Mohammed Berrada,Laboratoire Biologie et Santé
art_01396,"Synthesis, characterization and thermal behaviour of a Phosphocalcic Oxygenated Apatite",2007,3.287248,-1.6181692,2,"C2 · model, control, data",Soumia Belouafa,Laboratoire Biologie et Santé
art_01397,"Synthesis, Characterization, DFT Mechanistic Study, Antimicrobial Activity, Molecular Modeling, and ADMET Properties of Novel Pyrazole-isoxazoline Hybrids",2022,2.3287323,0.91132754,7,"C7 · phosphate, properties, po4",Samir Chtita,Laboratoire de Chimie Analytique et Moléculaire
art_01398,"Synthesis, Crystal Structure, and Computational Techniques (DFT, HSA, ELF) Studies of a New 2-Ethylanilinium Phosphite [CH3CH2C6H4NH3]PO3",2025,3.2135115,0.11491003,7,"C7 · phosphate, properties, po4",Soufiane Zerraf,Laboratoire de Chimie Physique des Matériaux Appliqués
art_01399,"Synthesis, crystal structure, DFT calculations, Hirshfeld surfaces, and antibacterial activities of schiff base based on imidazole",2019,2.0972416,1.6231687,1,"C1 · properties, water, mg",Siham Slassi,Laboratoire d’Ingénierie et de Matériaux
art_01400,"Synthesis, crystal structure, electrical and magnetic properties of a novel phosphate: Ag4CoFe2(PO4)4",2023,3.214809,0.102128476,7,"C7 · phosphate, properties, po4",Fouad Alloun,Laboratoire de Chimie Physique des Matériaux Appliqués
art_01401,"Synthesis, crystal structure, IR spectroscopy, and DFT computation of the new variety of 2-carboxyanilinium dihydrogen phosphate (C7H8NO2+. H2PO4−)",2021,2.876187,0.24942458,4,"C4 · properties, synthesis, numerical",Soufiane Zerraf,Laboratoire de Chimie Physique des Matériaux Appliqués
art_01402,"Synthesis, crystal structure, photoisomerization, and DFT studies of novel azo compounds based on imidazole",2023,4.1741605,-3.2380192,5,"C5 · molecular, corrosion, experimental",Siham Slassi,Laboratoire d’Ingénierie et de Matériaux
art_01403,"Synthesis, molecular geometry, Hirshfeld surface analysis, spectroscopic (NMR, UV–visible), DFT and TD-DFT calculations of an azoimidazole-based Schiff base",2022,2.3570595,0.9685871,4,"C4 · properties, synthesis, numerical",Siham Slassi,Laboratoire d’Ingénierie et de Matériaux
art_01404,Synthesis of novel spiro-pyrazole and spiro-isoxazoline derivatives of 9α- and 9β-hydroxyparthenolide,2020,4.0606394,-1.8046025,5,"C5 · molecular, corrosion, experimental",Mohamed Moumou,Laboratoire de Chimie Analytique et Moléculaire
art_01405,"Synthesis, spectroscopic (13C/1H-NMR, FT-IR) investigations, quantum chemical modelling (FMO, MEP, NBO analysis), and antioxidant activity of the bis-benzimidazole molecule",2022,2.3693259,0.87177896,4,"C4 · properties, synthesis, numerical",Mohammed Berrada,Laboratoire Biologie et Santé
art_01406,"Synthesis, spectroscopic characterization (FT-IR, NMR) and DFT computational studies of new isoxazoline derived from acridone",2021,4.1067896,-3.034298,5,"C5 · molecular, corrosion, experimental",Siham Slassi,Laboratoire d’Ingénierie et de Matériaux
art_01407,"Synthesis, spectroscopic characterization (FT-IR, NMR, UV-Vis), DFT study, antibacterial and antioxidant in vitro investigations of 4,6-bis((E)-1-((3-(1H-imidazol-1-yl)propyl)imino)ethyl)benzene-1,3-diol",2022,2.207586,0.8727504,7,"C7 · phosphate, properties, po4",Siham Slassi,Laboratoire d’Ingénierie et de Matériaux
art_01408,"Synthesis, structural and magnetic investigation of the mixed-metal Langbeinite phosphate Ba2FeCo(PO4)3",2025,3.2996347,0.015503332,7,"C7 · phosphate, properties, po4",Fouad Alloun,Laboratoire de Chimie Physique des Matériaux Appliqués
art_01409,"Synthesis, structural characterization and magnetic behavior of a novel phosphate: K4(Co0.25Fe0.75)4(PO4)5",2023,3.2281256,0.13731948,7,"C7 · phosphate, properties, po4",Fouad Alloun,Laboratoire de Chimie Physique des Matériaux Appliqués
art_01410,"Synthesis, XRD structure, spectroscopy, hirshfeld surface analysis, and computational and in silico ADME studies of 13-(piperidinyl)parthenolid-9-one",2024,1.9965826,0.7792044,7,"C7 · phosphate, properties, po4",Mohamed Moumou,Laboratoire de Chimie Analytique et Moléculaire
art_01411,Systematic Literature Review of Social Media Bots Detection Systems,2023,-1.2779623,-2.623955,3,"C3 · learning, data, detection",Faouzia Benabbou,Laboratoire d’Intelligence Artificielle et Systèmes
art_01412,Systematic Review of Prostate Cancer Diagnostic Techniques and the Role of Urinary Biomarkers and Artificial Intelligence in Enhancing Diagnostic Precision and Efficiency,2025,-0.3753469,-0.04026211,7,"C7 · phosphate, properties, po4",Abdelmjid Abourriche,Laboratoire Biologie et Santé
art_01413,Technological Implication and Pedagogical Effects of Reading Difficulties on the Linguistic Achievements of the Moroccan Child for Some Primary Schools,2019,-0.99891835,-1.9342896,2,"C2 · model, control, data",Soufiane Zerraf,Laboratoire de Chimie Physique des Matériaux Appliqués
art_01414,Technological Innovation in Teaching and Research in Chemical Science: Development of a Computer Application for the Simulation of the Practical Works of Crystallography,2019,-2.4614503,-1.5872924,3,"C3 · learning, data, detection",Soufiane Zerraf,Laboratoire de Chimie Physique des Matériaux Appliqués
art_01415,Technologies of Information and Modeling,2026,-1.0845479,0.5509895,7,"C7 · phosphate, properties, po4",Omar Zahour,Technologie de l'Information et Modélisation
art_01416,Temperature control in an ultrasonic bath: a statistical experimental approach,2026,0.9518617,-3.4068189,2,"C2 · model, control, data",Soumia Belouafa,Laboratoire Biologie et Santé
art_01417,Temporal changes in Ce-anomalies in biogenic apatite from the Upper Cretaceous-Lower Eocene phosphate beds of Morocco. Is there a link to global paleoceanography?,2012,-0.19015549,2.1581774,0,"C0 · morocco, atlas, basin",Mustapha Mouflih,"Géosciences, Géomatique et Environnement"
art_01418,The abundance and diversity of penetrative tracks: a critical re-evaluation of theropod ichnotaxa,2026,0.22478689,1.3624982,2,"C2 · model, control, data",Mostafa Oukassou,"Géosciences, Géomatique et Environnement"
art_01419,"The anti-SARS-CoV-2 activity of novel 9, 10-dihydrophenanthrene derivatives: an insight into molecular docking, ADMET analysis, and molecular dynamics simulation",2023,1.5453373,0.71435016,5,"C5 · molecular, corrosion, experimental",Samir Chtita,Laboratoire de Chimie Analytique et Moléculaire
art_01420,The Antioxidant and Antidepressant Properties of Dietary Proteins Derived from Egg and Bean Extracts and Their Acute Toxicity: A Journey from Nutrition to Pharmacognosy,2023,-0.84831524,-1.441916,2,"C2 · model, control, data",Driss Radallah,Laboratoire Biologie et Santé
art_01421,"The Archean kalsilite-nepheline syenites of the Awsard intrusive massif (Reguibat Shield, West African Craton, Morocco) and its relationship to the alkaline magmatism of Africa",2016,-0.080418326,4.584423,7,"C7 · phosphate, properties, po4",Faouziya Haissen,"Géosciences, Géomatique et Environnement"
art_01422,"The Archean to Late-Paleozoic architecture of the Oulad Dlim Massif, the main Gondwanan indenter during the collision with Laurentia",2020,-1.0187138,2.6013045,0,"C0 · morocco, atlas, basin",Faouziya Haissen,"Géosciences, Géomatique et Environnement"
art_01423,"The association between nutritional knowledge and eating habits among a representative adult population in Casablanca City, Morocco",2022,-0.0006989468,4.88088,6,"C6 · morocco, maroc, rabat",Anass Kettani; Halima Lebrazi; Karima Mohtadi,Laboratoire Biologie et Santé
art_01424,The Benefits of Combining Digitalization with Quality Tools: Application in the Field of Wiring Systems Manufacturing for the Automotive Industry,2022,2.0162704,-1.8570982,4,"C4 · properties, synthesis, numerical",Samia Yousfi,Laboratoire de Chimie Analytique et Moléculaire
art_01425,The ϵ-capacity of a gain matrix and tolerable disturbances: Discrete-time perturbed linear systems,2015,0.45991084,-4.6547747,2,"C2 · model, control, data",Omar Zakary,"Laboratoire d'Analyse, Modélisation et Simulation"
art_01426,"The Cardiorespiratory Endurance (VO2max), Body Composition and Macronutrient's Intake in the Pre-competitive Period: A Correlation Study among Moroccan Professional Soccer Players",2024,-1.315706,-1.2110254,2,"C2 · model, control, data",Halima Lebrazi; Karima Mohtadi,Laboratoire Biologie et Santé
art_01427,"The chromitites of the Neoproterozoic Bou Azzer ophiolite (central Anti-Atlas, Morocco) revisited",2021,-0.8796995,1.3269686,7,"C7 · phosphate, properties, po4",Faouziya Haissen,"Géosciences, Géomatique et Environnement"
art_01428,The current state and future prospects of green energy generation from green hydrogen,2026,0.95962805,-1.3073834,3,"C3 · learning, data, detection",Youssef Naimi,Laboratoire de Traitement de l'Information
art_01429,The development of a standard qualification protocol for all climatic and thermostatic chambers according to the requirements of the Good Manufacturing Practices (GMP) and the standards of characterization: NF X 15-140 and NF EN 60068-3.,2019,-0.941643,0.8360849,7,"C7 · phosphate, properties, po4",Samia Yousfi,Laboratoire de Chimie Analytique et Moléculaire
art_01430,"The Diagenetic Nodules Significance in the Cretaceous Carbonate of the Akrabou Formation from Errachidia Region, Southern Morocco",2022,-0.11340508,4.753043,6,"C6 · morocco, maroc, rabat",Rachid Essamoud,"Géosciences, Géomatique et Environnement"
art_01431,"The distribution of dinoflagellate cyst assemblages in recent sediments of the Oualidia Lagoon, Morocco, with a focus on toxic species",2021,0.18630216,-1.335313,1,"C1 · properties, water, mg",Soufiane Maimouni,"Géosciences, Géomatique et Environnement"
art_01432,"The effect of alkali treatment on mechanical, morphological and thermal properties of date palm fibers (DPFs): Study of the interface of DPF–Polyurethane composite",2017,3.866635,-1.7213763,2,"C2 · model, control, data",Omar Tanane,Laboratoire de Chimie Physique des Matériaux Appliqués
art_01433,"The Eocene Bryozoans of Bekrit-Timahdite Formation, Middle-Atlas, Morocco: Taxonomy, Paleoenvironments and Paleoclimates Implications",2021,-0.2839748,2.1182916,0,"C0 · morocco, atlas, basin",Mustapha Mouflih,"Géosciences, Géomatique et Environnement"
art_01434,The EPIYA-ABCC motif of Helicobacter pylori cagA gene and gastric carcinogenesis in Casablanca population,2022,-0.34841165,-0.94446653,1,"C1 · properties, water, mg",Anass Kettani; Halima Lebrazi,Laboratoire Biologie et Santé
art_01435,The Hopf Bifurcation Analysis and Optimal Control of a Delayed SIR Epidemic Model,2014,0.54545635,-4.1113567,2,"C2 · model, control, data",Hassan Laarabi,"Laboratoire d'Analyse, Modélisation et Simulation"
art_01436,The Hopf bifurcation and stability of delayed predator–prey system,2018,0.57707894,-4.0522423,4,"C4 · properties, synthesis, numerical",Imane Agmour,"Laboratoire d'Analyse, Modélisation et Simulation"
art_01437,The Impact of AI-Assisted Mind Map-Based Learning Assessment on Motivation,2025,-2.4021087,-1.4840978,3,"C3 · learning, data, detection",Mounir Sadiq,Technologie de l'Information et Modélisation
art_01438,"The impact of blockchain on the banking sector: A systematic review of applications, challenges, and future directions",2025,-1.5213866,-2.4026463,3,"C3 · learning, data, detection",Tarik Chafiq,Laboratoire de Traitement de l'Information
art_01439,The impact of numerical simulation on concepts related to electrochemistry and on situational interest among high school students in their final year,2025,-2.8278584,-1.2596502,5,"C5 · molecular, corrosion, experimental",Mounir Sadiq,Technologie de l'Information et Modélisation
art_01440,THE IMPACT OF OPERATING TEMPERATURE ON ENERGY EFFICIENCY IN BRACKISH AND SEAWATER TREATMENT: WATER PRODUCTION AND ENVIRONMENTAL PROTECTION,2024,2.3718138,-1.9635966,1,"C1 · properties, water, mg",Rhma Adhiri,Laboratoire d’Ingénierie et de Matériaux
art_01441,The Impact of Price on the Profits of Fishermen Exploiting Tritrophic Prey-Predator Fish Populations,2018,0.9759069,-2.4188635,2,"C2 · model, control, data",Imane Agmour,"Laboratoire d'Analyse, Modélisation et Simulation"
art_01442,The Impact of Staying at Home on Controlling the Spread of COVID -19: Strategy of Control,2020,0.5224514,-4.033126,2,"C2 · model, control, data",Omar Zakary,"Laboratoire d'Analyse, Modélisation et Simulation"
art_01443,The impact of the dust characteristic on the plasma sheath,2015,2.6016402,-2.6419075,2,"C2 · model, control, data",Rachida Moultif,Laboratoire de Physique de la Matière Condensée
art_01444,The influence of solution temperature of SnS thin films grown by successive ionic layer adsorption and reaction (SILAR) method,2019,3.6785803,-0.76203036,2,"C2 · model, control, data",Othmane Daoudi,Laboratoire de Physique de la Matière Condensée
art_01445,The influence of thermal conductivity on the thermal state of Central and Eastern geological units of the Rif belt (Morocco),2023,-0.9135208,3.171952,0,"C0 · morocco, atlas, basin",Faouziya Haissen,"Géosciences, Géomatique et Environnement"
art_01446,"The inhibition of mild steel corrosion in acidic medium by 2,2′-bis(benzimidazole)",2005,2.3686807,0.81240237,4,"C4 · properties, synthesis, numerical",Mohammed Berrada,Laboratoire Biologie et Santé
art_01447,The integrity of the schematic heterogeneity of Moroccan geological databases,2017,-1.5539993,-2.708341,2,"C2 · model, control, data",Tarik Chafiq,Laboratoire de Traitement de l'Information
art_01448,The internet of things for smart ports,2022,0.23517786,-1.94658,2,"C2 · model, control, data",Rachida Aitabdelouahid,Laboratoire d’Intelligence Artificielle et Systèmes
art_01449,"The Late Triassic archosaur ichnogenus Brachychirotherium: first complete step cycles from Morocco, North Africa, with implications for trackmaker identification and ichnotaxonomy",2019,-0.055006534,2.0116627,0,"C0 · morocco, atlas, basin",Mostafa Oukassou,"Géosciences, Géomatique et Environnement"
art_01450,The Mesozoic Margin of the Maghrebian Tethys in the Rif Belt (Morocco): Evidence for Polyphase Rifting and Related Magmatic Activity,2019,-0.6186499,2.460438,0,"C0 · morocco, atlas, basin",Faouziya Haissen,"Géosciences, Géomatique et Environnement"
art_01451,The method of decomposition domain: application for racking problem,2016,1.5460564,-4.3198752,2,"C2 · model, control, data",Khalid Adnaoui,"Laboratoire d'Analyse, Modélisation et Simulation"
art_01452,The Method of Decomposition Domain for the Digital Modelling of a Jet,2014,1.6166346,-3.881959,2,"C2 · model, control, data",Khalid Adnaoui,"Laboratoire d'Analyse, Modélisation et Simulation"
art_01453,The outcomes of Zn doping on the properties of CuO thin films prepared via modified SILAR method and its impact on the performance of CuO-based solar cells using Cd0.4Zn0.6S-ETL and Spiro-OMeTAD-HTL,2024,3.6436098,-0.7116447,4,"C4 · properties, synthesis, numerical",Mohamed Idiri; Othmane Daoudi,Laboratoire de Physique de la Matière Condensée
art_01454,The potential and challenges of Big data - Recommendation systems next level application,2015,-1.2012671,-2.6408415,3,"C3 · learning, data, detection",Abderrahmane Daif,Technologie de l'Information et Modélisation
art_01455,The review of heterogeneous design frameworks/Platforms for digital systems embedded in FPGAs and SoCs,2021,-2.1375554,-5.756644,2,"C2 · model, control, data",Abdelhakim Alali,Laboratoire de Traitement de l'Information
art_01456,THE ROLE OF TECHNOLOGY TO SOLVE LANGUAGE LEARNING PROBLEMS: A PRACTICAL CASE OF COMMON CORE SCIENTIFIC STUDENTS,2019,-2.6510348,-1.9049674,2,"C2 · model, control, data",Mohammed Aitdaoud,Laboratoire d’Intelligence Artificielle et Systèmes
art_01457,The shortest path problem in interval valued trapezoidal and triangular neutrosophic environment,2019,-0.8870443,-5.1360188,3,"C3 · learning, data, detection",Mohamed Talea,Laboratoire de Traitement de l'Information
art_01458,The structure of the Central-Eastern External Rif (Morocco); Poly-phased deformation and role of the under-thrusting of the North-West African paleo-margin,2020,-0.4878466,2.8981209,0,"C0 · morocco, atlas, basin",Faouziya Haissen,"Géosciences, Géomatique et Environnement"
art_01459,The thermodynamic study of the system LiCl–KCl–H2O at the temperature 298.15 K,2003,6.5935655,0.7743659,4,"C4 · properties, synthesis, numerical",Asmaa Benbiyi,Laboratoire de Chimie Physique des Matériaux Appliqués
art_01460,The Tichoukt Massif: a Geotouristic Play in the Folded Middle Atlas (Morocco),2018,-0.90125346,3.4469712,0,"C0 · morocco, atlas, basin",Mostafa Oukassou,"Géosciences, Géomatique et Environnement"
art_01461,"The Tide Effects on Bioeconomic Model of Sardina pilchardus, Engraulis encrasicolus and Xiphias gladius in Atlantic Moroccan Zone",2021,0.90531933,-2.5515924,2,"C2 · model, control, data",Imane Agmour,"Laboratoire d'Analyse, Modélisation et Simulation"
art_01462,"The two-step scenario of the Messinian Crisis (Clauzon et al. , 1996): a specification supported by new data",2025,-0.2766019,2.2463608,0,"C0 · morocco, atlas, basin",Nadia Barhoun,"Géosciences, Géomatique et Environnement"
art_01463,"The Upper Cretaceous-Paleogene of Phosphate Clays of the Ouled Bou Sbaa Deposit: Mineralogy, Geochemistry, and Beneficiation (Meskala, Morocco)",2022,3.3592312,-2.5316775,2,"C2 · model, control, data",Mustapha Mouflih,"Géosciences, Géomatique et Environnement"
art_01464,The Use of Concept Maps to Evaluate Learning Strategies for Nursing Students,2019,-2.3987586,-1.5901629,3,"C3 · learning, data, detection",Soufiane Zerraf,Laboratoire de Chimie Physique des Matériaux Appliqués
art_01465,The use of spectral and geomorphometric data for water erosion mapping in El Ksiba region in the central High Atlas Mountains of Morocco,2014,-0.011976819,4.8706503,6,"C6 · morocco, maroc, rabat",Soufiane Maimouni,"Géosciences, Géomatique et Environnement"
art_01466,Theoretical and experimental studies of tin electrodeposition,2020,4.083804,-3.0205262,5,"C5 · molecular, corrosion, experimental",Aziz Boutouil; Said Bakkali,Laboratoire de Chimie Physique des Matériaux Appliqués
art_01467,"Theoretical Investigation of Geranium Essential Oil Compounds as Green Corrosion Inhibitors for Copper: Insights From DFT, Monte Carlo, and Molecular Dynamics Simulations",2025,3.6278539,-2.7889433,5,"C5 · molecular, corrosion, experimental",Youssef Naimi,Laboratoire de Traitement de l'Information
art_01468,Theoretical Investigations and Physicochemical Attributes of l-Arginine Phosphate Monohydrate (LAPM),2025,2.9151866,0.0709788,4,"C4 · properties, synthesis, numerical",Soufiane Zerraf,Laboratoire de Chimie Physique des Matériaux Appliqués
art_01469,"Theoretical study of photovoltaic performances of Ru, Rh and Ir half sandwich complexes containing N,N chelating ligands in Dye-Sensitized Solar Cells (DSSCs). DFT and TD-DFT investigation",2022,4.2118115,-3.2267618,5,"C5 · molecular, corrosion, experimental",Samir Chtita,Laboratoire de Chimie Analytique et Moléculaire
art_01470,Therapeutic potential of dopamine agonists in the treatment of type 2 diabetes mellitus,2022,1.2655004,0.07871789,4,"C4 · properties, synthesis, numerical",Fouad Damiri,Laboratoire Biologie et Santé
art_01471,Thermal Transformation of Kaolinite Clays: Analyzing Dehydroxylation and Amorphization for Improved Pozzolanic Performance,2024,3.328032,-1.5698117,2,"C2 · model, control, data",Youssef Naimi,Laboratoire de Traitement de l'Information
art_01472,Thermo-optical properties of gold nanoparticles embedded in the oxygenated and deoxygenated human blood,2023,1.8321525,-0.18543644,7,"C7 · phosphate, properties, po4",Abdelilah Akouibaa,Laboratoire d’Ingénierie et de Matériaux
art_01473,Thermo-physical characterizations and simulation study of an energy-efficient building material: Clay stabilized by wood ashes or crushed waste from traditional pottery,2024,2.7296002,-0.59023446,7,"C7 · phosphate, properties, po4",Youssef Naimi,Laboratoire de Traitement de l'Information
art_01474,"Thermodynamic properties of binary aqueous solutions of orthophosphate salts, sodium, potassium and ammonium at T=298.15K",2014,6.579136,0.7603338,4,"C4 · properties, synthesis, numerical",Asmaa Benbiyi,Laboratoire de Chimie Physique des Matériaux Appliqués
art_01475,Thermodynamic properties of multicomponent NaCl–LiCl–H2O aqueous solutions at temperature 298.15 K,2004,6.5826406,0.7636578,4,"C4 · properties, synthesis, numerical",Asmaa Benbiyi,Laboratoire de Chimie Physique des Matériaux Appliqués
art_01476,Thermodynamic properties of the mixed electrolyte systems {yMgCl2+(1−y)NaCl}(aq) and {yMgCl2+(1−y)CaCl2}(aq) at 298.15 K,2005,6.582732,0.7624535,4,"C4 · properties, synthesis, numerical",Asmaa Benbiyi,Laboratoire de Chimie Physique des Matériaux Appliqués
art_01477,Thermodynamic properties of the system {yNH4Cl+(1−y)CsCl}(aq) at temperature 298.15 K,2004,6.587421,0.7686062,4,"C4 · properties, synthesis, numerical",Asmaa Benbiyi,Laboratoire de Chimie Physique des Matériaux Appliqués
art_01478,Thermodynamic properties of two ternary systems {yCsCl+(1−y)LiCl}(aq) and {yCsCl+(1−y)NaCl}(aq) at temperature 298.15 K,2004,6.5883737,0.77625906,4,"C4 · properties, synthesis, numerical",Asmaa Benbiyi,Laboratoire de Chimie Physique des Matériaux Appliqués
art_01479,Thermodynamic Study of the Activity of Cadmium Chloride in Aqueous Solutions at Various Temperatures,2023,3.550974,-2.900362,5,"C5 · molecular, corrosion, experimental",Asmaa Benbiyi,Laboratoire de Chimie Physique des Matériaux Appliqués
art_01480,Thermoplasmonics Decontamination of Respirators Face Masks Using Silver Nanoparticles: A New Weapon in the Fight Against COVID-19 Pandemic,2022,2.4436567,-2.776949,5,"C5 · molecular, corrosion, experimental",Abdelilah Akouibaa,Laboratoire d’Ingénierie et de Matériaux
art_01481,"Theropod and ornithischian dinosaur track assemblages from Middle to ?Late Jurassic deposits of the Central High Atlas, Morocco",2022,-0.004980808,2.0896108,0,"C0 · morocco, atlas, basin",Mostafa Oukassou,"Géosciences, Géomatique et Environnement"
art_01482,"Tholeiitic volcanic rocks of the Mechraa Ben Abbou Basin (Northern Rehamna, Western Meseta, Morocco): Petrography, geochemistry and geodynamic setting",2016,-0.77609444,2.4761825,0,"C0 · morocco, atlas, basin",Mostafa Oukassou,"Géosciences, Géomatique et Environnement"
art_01483,Three-dimensional numerical simulation of material mixing observed in FSW using a mesh-free approach,2018,1.623384,-4.2570014,4,"C4 · properties, synthesis, numerical",Bouazza Braikat,Laboratoire de Physique de la Matière Condensée
art_01484,"Tide-dominated deltas responding to high-frequency sea-level changes, Pre-Messinian Rifian Corridor, Morocco",2020,-0.7039486,1.475859,7,"C7 · phosphate, properties, po4",Faouziya Haissen,"Géosciences, Géomatique et Environnement"
art_01485,Time-Domain Numerical Modeling of Pulse Propagation in Two-Dimensional Graphene with Anisotropic Conductivity,2026,1.8064462,-2.9006753,4,"C4 · properties, synthesis, numerical",Mohamed Moumou,Laboratoire de Chimie Analytique et Moléculaire
art_01486,Time-frequency analysis of GPR signal for cavities detection application,2016,-1.7395645,-4.507585,2,"C2 · model, control, data",Abdellatif Slimani,Laboratoire de Traitement de l'Information
art_01487,Time-Frequency Analysis of GPR Signal Using a Modified Hilbert Huang Approach,2015,1.512414,-3.128068,2,"C2 · model, control, data",Abdellatif Slimani,Laboratoire de Traitement de l'Information
art_01488,"Timing of Archean crust formation and cratonization in the Awsard-Tichla zone of the NW Reguibat Rise, West African Craton: A SHRIMP, Nd–Sr isotopes, and geochemical reconnaissance study",2014,-1.0585539,2.3419297,0,"C0 · morocco, atlas, basin",Faouziya Haissen,"Géosciences, Géomatique et Environnement"
art_01489,Tin electrodeposition from sulfate solution containing a benzimidazolone derivative,2016,3.7948985,-1.7828351,2,"C2 · model, control, data",Said Bakkali,Laboratoire de Chimie Physique des Matériaux Appliqués
art_01490,Tinkercad and mBlock: Tools for Educational Robotics and Coding Learning A Case of Ghandi Primary school Morocco,2025,-2.0815053,-1.5769118,3,"C3 · learning, data, detection",Khadija Achtaich,Laboratoire d’Intelligence Artificielle et Systèmes
art_01491,Tomentosin Induces Telomere Shortening and Caspase‐Dependant Apoptosis in Cervical Cancer Cells,2016,1.1718948,0.53998977,1,"C1 · properties, water, mg",Said Gmouh,Laboratoire d’Ingénierie et de Matériaux
art_01492,Topic Modeling and Sentiment Analysis of Arabic News Headlines for a Societal Well-Being Scoring and Monitoring System: Moroccan Use Case,2025,-2.121552,-3.2124085,3,"C3 · learning, data, detection",Faouzia Benabbou; Nawal Sael,Laboratoire d’Intelligence Artificielle et Systèmes
art_01493,Topical delivery of nanoemulsions for skin cancer treatment,2023,0.6710716,-0.93778974,1,"C1 · properties, water, mg",Fouad Damiri; Mohammed Berrada,Laboratoire Biologie et Santé
art_01494,Toward a decision-making system based on artificial intelligence for precision marketing: A case study of Morocco,2024,-1.9783771,-2.8787134,3,"C3 · learning, data, detection",Mounir Sadiq,Technologie de l'Information et Modélisation
art_01495,Toward a Monitoring System Based on IoT Devices for Smart Buildings,2020,1.6802765,-1.7220418,7,"C7 · phosphate, properties, po4",Sanaa Elfilali,Laboratoire d’Intelligence Artificielle et Systèmes
art_01496,Toward gender parity in the sciences and physics in Morocco,2019,-0.93471974,-1.799164,2,"C2 · model, control, data",Soumia Mordane,Laboratoire d’Ingénierie et de Matériaux
art_01497,Toward ISO/IEC 17025 compliance: challenges and strategies for a university research laboratory,2024,-0.9259129,0.5050622,7,"C7 · phosphate, properties, po4",Soumia Belouafa,Laboratoire Biologie et Santé
art_01498,Towards a Chatbot for educational and vocational guidance in Morocco: Chatbot E-Orientation,2020,-2.6360092,-2.1837883,2,"C2 · model, control, data",Omar Zahour,Technologie de l'Information et Modélisation
art_01499,"Towards a deeper understanding of the inhibition mechanism of a new 1,2,3-triazole derivative for mild steel corrosion in the hydrochloric acid solution using coupled experimental and theoretical methods",2019,3.9871078,-3.0248873,5,"C5 · molecular, corrosion, experimental",Aziz Boutouil,Laboratoire de Chimie Physique des Matériaux Appliqués
art_01500,Towards a new ontology of the Moroccan Post-baccalaureate learner profile for the E-orientation system “MMSyOrientation”,2015,-0.6954909,1.2950696,7,"C7 · phosphate, properties, po4",Mohammed Aitdaoud,Laboratoire d’Intelligence Artificielle et Systèmes
art_01501,Towards a New Scalable Big Data System Semantic Web Applied on Mobile Learning,2020,-2.3005111,-2.8983886,3,"C3 · learning, data, detection",Abdessamad Belangour,Laboratoire d’Intelligence Artificielle et Systèmes
art_01502,Towards a system for predicting the category of educational and vocational guidance questions using bidirectional encoder representations of transformers (BERT),2020,-2.4629698,-3.6733031,3,"C3 · learning, data, detection",Omar Zahour,Technologie de l'Information et Modélisation
art_01503,"Towards a System that Predicts the Category of Educational and Vocational Guidance Questions, Utilizing Bidirectional Encoder Representations of Transformers (BERT)",2024,-2.6525176,-3.5585773,4,"C4 · properties, synthesis, numerical",Omar Zahour,Technologie de l'Information et Modélisation
art_01504,Towards an Adaptive Formative Assessment in Context-Aware Mobile Learning,2018,-2.5031502,-1.9527177,2,"C2 · model, control, data",Mohamed Talea,Laboratoire de Traitement de l'Information
art_01505,Towards an Ontology Proposal Model in Data Lake for Real-time COVID-19 Cases Prevention,2020,-2.1159039,-2.9506602,2,"C2 · model, control, data",Abdessamad Belangour,Laboratoire d’Intelligence Artificielle et Systèmes
art_01506,Towards Efficient Evaluation Of Diffusion-Based Text-To-Video Generation Using Objective Quality Metrics,2026,-1.69377,-2.7727609,3,"C3 · learning, data, detection",Sanaa Elfilali,Laboratoire d’Intelligence Artificielle et Systèmes
art_01507,Towards SDI Services for Geological Maps Data,2019,-0.9473271,0.4531751,7,"C7 · phosphate, properties, po4",Tarik Chafiq,Laboratoire de Traitement de l'Information
art_01508,Toxicity impacts on bioeconomic models of phytoplankton and zooplankton interactions,2023,0.57952595,-3.257138,4,"C4 · properties, synthesis, numerical",Imane Agmour,"Laboratoire d'Analyse, Modélisation et Simulation"
art_01509,Toxicological evaluation of seed-derived alkaloids from Smyrnium olusatrum L. following acute and repeated intraperitoneal administration in mice,2026,0.93337405,0.2550768,1,"C1 · properties, water, mg",Amal Elhamsaselyoubi; Driss Radallah,Laboratoire Biologie et Santé
art_01510,"Traditional medicinal plants used for rheumatoid arthritis and immune system disorders treatment in the Casablanca-Settat region, Morocco: An ethnopharmacological study",2024,1.0453717,0.26581648,1,"C1 · properties, water, mg",Amal Elhamsaselyoubi; Driss Radallah,Laboratoire Biologie et Santé
art_01511,"Traffic Congestion and Road Anomalies Detection Using CCTVs Images Processing, Challenges and Opportunities",2023,-1.1520381,0.48210552,7,"C7 · phosphate, properties, po4",Abderrahmane Daif,Technologie de l'Information et Modélisation
art_01512,Traffic monitoring system for vehicle detection in day and night conditions,2023,-2.4531133,-3.9784737,2,"C2 · model, control, data",Abdelmoghit Zaarane; Issam Atouf,Laboratoire de Traitement de l'Information
art_01513,Traffic Sign Classification using Deep Learning Comparative Study,2024,-2.4117537,-3.9634933,3,"C3 · learning, data, detection",Nawal Sael,Laboratoire d’Intelligence Artificielle et Systèmes
art_01514,TRAFFIC SURVEILLANCE SYSTEM FOR VEHICLE DETECTION USING DISCRETE WAVELET TRANSFORM,2018,-1.7824284,-4.5981402,4,"C4 · properties, synthesis, numerical",Abdelmoghit Zaarane,Laboratoire de Traitement de l'Information
art_01515,Traitement des fortes non-linéarités par la méthode asymptotique numérique,1997,1.8848966,-4.6103883,2,"C2 · model, control, data",Bouazza Braikat,Laboratoire de Physique de la Matière Condensée
art_01516,Traitement Expérimental Par Coagulation Floculation Des Effluents Brutes D’une Industrie Aéronautique À Casablanca (Maroc),2019,0.29679176,0.1853456,7,"C7 · phosphate, properties, po4",Abdelmottalib Nahli,Laboratoire d'Ecologie et d'Environnement
art_01517,Traitements des amyloses en dehors du traitement symptomatique,2000,-0.35829446,0.17529641,7,"C7 · phosphate, properties, po4",Halima Lebrazi,Laboratoire Biologie et Santé
art_01518,Transfer Learning approach for smart agriculture: Application to Blight Bacteria,2022,-2.4131517,-3.9743536,3,"C3 · learning, data, detection",Sanaa Elfilali,Laboratoire d’Intelligence Artificielle et Systèmes
art_01519,"Transition‐Metal Azo Schiff Base Complexes: Nonlinear Optics Across Solutions, Thin Films and Nanocomposites",2025,3.3758082,-1.0337257,1,"C1 · properties, water, mg",Siham Slassi,Laboratoire d’Ingénierie et de Matériaux
art_01520,Translation surfaces generated by the spherical indicatrices of Frenet frame of regular curves of 3-dimensional Euclidean space,2025,-0.10429218,-5.6732626,2,"C2 · model, control, data",Malika Izid,"Laboratoire d'Analyse, Modélisation et Simulation"
art_01521,Travel-blocking Optimal Control Policy on Borders of a Chain of Regions Subject to SIRS Discrete Epidemic Model,2018,0.36289376,-3.9282343,2,"C2 · model, control, data",Omar Zakary,"Laboratoire d'Analyse, Modélisation et Simulation"
art_01522,Treatment of cotton fabrics by ionic liquid with PF6 − anion for enhancing their flame retardancy and water repellency,2016,3.2786117,-0.83626086,4,"C4 · properties, synthesis, numerical",Said Gmouh,Laboratoire d’Ingénierie et de Matériaux
art_01523,Treatment of Surface Treatment Effluents by Electrocoagulation Process Using Aluminium Electrodes,2021,1.3908411,-0.7025957,1,"C1 · properties, water, mg",Nadia Iounes,Laboratoire d'Ecologie et d'Environnement
art_01524,Triassic sedimentation on the Eastern Atlantic margin: two examples from Moroccan Meseta and Portugal,2022,-1.4765273,0.674888,7,"C7 · phosphate, properties, po4",Rachid Essamoud,"Géosciences, Géomatique et Environnement"
art_01525,"Triassic stratigraphy and structural evolution of a rift basin: the Eç Çour basin, High atlas of Marrakech, Morocco",2003,0.012626017,4.8850617,6,"C6 · morocco, maroc, rabat",Rachid Essamoud,"Géosciences, Géomatique et Environnement"
art_01526,Triple-Slope Linear Unit: Balancing Gradient Preservation and Activation Scaling in Deep Neural Networks,2026,-2.0285819,-3.8828394,3,"C3 · learning, data, detection",Mohssine Bentaib,Technologie de l'Information et Modélisation
art_01527,TTS and STT in Service of Education,2025,-1.4962041,-2.4207408,3,"C3 · learning, data, detection",Omar Zahour,Technologie de l'Information et Modélisation
art_01528,Two New Fast and Efficient Hard Decision Decoders Based on Hash Techniques for Real Time Communication Systems,2018,-0.8278435,-4.4037704,4,"C4 · properties, synthesis, numerical",Said Nouh,Technologie de l'Information et Modélisation
art_01529,Tx/Rx 77GHz Array Antenna with Stubs Technics Matching for Long Range Automotive Radars Detection,2025,2.129779,-3.5696974,5,"C5 · molecular, corrosion, experimental",Abdellatif Slimani,Laboratoire de Traitement de l'Information
art_01530,U-Net: Deep Learning for Extracting Building Boundary Collected by Drone of Agadir’s Harbor,2021,-0.1711151,3.6233745,7,"C7 · phosphate, properties, po4",Tarik Chafiq; Soufiane Zerraf,Laboratoire de Traitement de l'Information
art_01531,Ultra Wideband Planar Microstrip Array Antennas for C‐Band Aircraft Weather Radar Applications,2017,1.9103193,-3.2178097,1,"C1 · properties, water, mg",Abdellatif Slimani,Laboratoire de Traitement de l'Information
art_01532,Ultrasound imaging: beamforming techniques,2020,-1.2495884,-3.7057447,3,"C3 · learning, data, detection",Abdelhakim Alali,Laboratoire de Traitement de l'Information
art_01533,Uncovering the potential of industrial waste: turning discarded resources into sustainable advanced materials,2024,1.7998954,-1.2232883,1,"C1 · properties, water, mg",Abdelilah Akouibaa,Laboratoire d’Ingénierie et de Matériaux
art_01534,Understanding Structure−Stability Relationships of Candida antartica Lipase B in Ionic Liquids,2005,3.9986928,-1.732327,5,"C5 · molecular, corrosion, experimental",Said Gmouh,Laboratoire d’Ingénierie et de Matériaux
art_01535,Understanding the Corrosion Inhibition Mechanism of Mild Steel in Hydrochloric Acid by a Triazole Derivative: A Combined Experimental and Theoretical Approach,2019,3.96487,-2.5576675,5,"C5 · molecular, corrosion, experimental",Aziz Boutouil,Laboratoire de Chimie Physique des Matériaux Appliqués
art_01536,"Unified STT-TTS Architectures for Real-Time Bidirectional Voice Interaction: A Review, Taxonomy, and Framework",2026,-1.4280568,-2.8862066,3,"C3 · learning, data, detection",Omar Zahour,Technologie de l'Information et Modélisation
art_01537,"Unlocking sustainable extraction of natural antioxidants: Green solvents, smart technologies, scalability and future directions",2025,0.9714711,-1.3585464,3,"C3 · learning, data, detection",Abdelmjid Abourriche,Laboratoire Biologie et Santé
art_01538,Unravelling the role of nickel doping on the physical properties of CuO thin films deposited by Spray Pyrolysis and theoretical analysis of nanostructured ZnO/Ni:CuO-based heterojunction solar cells,2022,3.4725354,-1.0425279,1,"C1 · properties, water, mg",Othmane Daoudi,Laboratoire de Physique de la Matière Condensée
art_01539,Unravelling the role of nickel incorporation on the physical properties of CuO thin films deposited by spray pyrolysis and theoretical analysis of nanostructured ZnO/Ni:CuO-based heterojunction solar cells,2023,3.6214156,-0.7424765,4,"C4 · properties, synthesis, numerical",Othmane Daoudi,Laboratoire de Physique de la Matière Condensée
art_01540,"Unsymmetrical aromatic disulfides as SARS-CoV-2 Mpro inhibitors: Molecular docking, molecular dynamics, and ADME scoring investigations",2022,4.162623,-2.4828799,5,"C5 · molecular, corrosion, experimental",Samir Chtita,Laboratoire de Chimie Analytique et Moléculaire
art_01541,Unveiling Quality-Factor Metrics to Optimize Data Collection,2026,-1.8562219,-3.0199926,3,"C3 · learning, data, detection",Sanaa Elfilali,Laboratoire d’Intelligence Artificielle et Systèmes
art_01542,Use of Remote Sensing and GIS to Diagnose and Assess the Current Situation of Acacia Raddiana Stands,2025,-0.07835438,-1.6644866,3,"C3 · learning, data, detection",Allal Labriki,"Géosciences, Géomatique et Environnement"
art_01543,Use of Remote Sensing and GIS to Study the Expansion of Sands and Vegetation in the Draa Region (Morocco) From Landsat Satellite Images,2025,-0.7255431,3.6075046,2,"C2 · model, control, data",Allal Labriki,"Géosciences, Géomatique et Environnement"
art_01544,Usefulness of lipid ratios and atherogenic index of plasma in obese Moroccan women with or without metabolic syndrome.,2014,-0.7283501,-0.91012025,1,"C1 · properties, water, mg",Halima Lebrazi,Laboratoire Biologie et Santé
art_01545,User Profiling in a SPOC: A method based on User Video Clickstream Analysis,2019,-2.5788574,-2.095395,3,"C3 · learning, data, detection",Elhabib Benlahmar,Technologie de l'Information et Modélisation
art_01546,Using Deep Learning Word Embeddings for Citations Similarity in Academic Papers,2018,-1.6550008,0.26519224,7,"C7 · phosphate, properties, po4",Elhabib Benlahmar,Technologie de l'Information et Modélisation
art_01547,"Using long-term bare earth composite image and machine learning in lithological mapping of Adrar Souttouf mafic complex (Oulad Dlim massif, Southern Morocco)",2025,-1.1078771,2.8083572,0,"C0 · morocco, atlas, basin",Faouziya Haissen,"Géosciences, Géomatique et Environnement"
art_01548,Using Machine Learning Algorithms to Predict the E-orientation Systems Acceptancy,2020,-0.8533589,0.24100922,7,"C7 · phosphate, properties, po4",Mohammed Aitdaoud,Laboratoire d’Intelligence Artificielle et Systèmes
art_01549,Using Students’ Data to Improve the Quality of the Education in Moroccan Institution,2019,-2.5966816,-1.9569358,2,"C2 · model, control, data",Mohammed Aitdaoud; Mohssine Bentaib,Laboratoire d’Intelligence Artificielle et Systèmes
art_01550,"Using UAV-Based Photogrammetric Data for Pegmatitic Lineament Extraction in the Angarf Area (Zenaga Inlier, Morocco)",2024,-1.1219858,2.8733823,0,"C0 · morocco, atlas, basin",Soufiane Maimouni,"Géosciences, Géomatique et Environnement"
art_01551,"USLE-based assessment of soil erosion by water in the watershed upstream Tessaoute (Central High Atlas, Morocco)",2017,-0.84281045,3.597626,0,"C0 · morocco, atlas, basin",Soufiane Maimouni,"Géosciences, Géomatique et Environnement"
art_01552,Utilisation des Plans d'Expériences Pour la Modélisation de l'Élaboration d'un Phosphate de Calcium de Propriétés Antiseptiques à Usage Biomédical,2006,-0.23935953,-2.5021966,1,"C1 · properties, water, mg",Soumia Belouafa,Laboratoire Biologie et Santé
art_01553,V-net performances for 2D ultrasound image segmentation,2022,-2.3496268,-3.966793,3,"C3 · learning, data, detection",Abdelhakim Alali,Laboratoire de Traitement de l'Information
art_01554,Validating Structural Styles in the Flysch Basin Northern Rif (Morocco) by Means of Thermal Modeling,2020,-0.74694324,2.5919118,0,"C0 · morocco, atlas, basin",Faouziya Haissen,"Géosciences, Géomatique et Environnement"
art_01555,Validation de la version dialectale Marocaine de l’échelle « HADS »,2017,-1.7724664,-1.9779289,4,"C4 · properties, synthesis, numerical",Driss Radallah,Laboratoire Biologie et Santé
art_01556,Validation Method for Digital Flow Meter for Fuel Vendors,2020,0.6054749,-1.4314059,4,"C4 · properties, synthesis, numerical",Omar Tanane,Laboratoire de Chimie Physique des Matériaux Appliqués
art_01557,Validation of a Cryo-assisted QuEChERS-GC-MS/MS Method for the Simultaneous Quantification of 16 PAH Residues in Marine Oysters,2026,1.2910181,-0.92451894,2,"C2 · model, control, data",Abdelmjid Abourriche; Soumia Belouafa,Laboratoire Biologie et Santé
art_01558,Valorization of Agricultural Polyolefin Plastic Waste in the Kingdom of Morocco through Thermal Pyrolysis: Influence of Thermal Parameters on Pyrolytic Oil Yields,2023,1.6878778,-1.7841837,2,"C2 · model, control, data",Soufiane Zerraf,Laboratoire de Chimie Physique des Matériaux Appliqués
art_01559,Valorization of coffee waste with Moroccan clay to produce a porous red ceramics (class BIII),2019,3.7100346,-1.6176275,2,"C2 · model, control, data",Chaouki Sadik,Laboratoire de Chimie Physique des Matériaux Appliqués
art_01560,Valorization of Moringa oleifera Waste as Sustainable Biosorbents for Cationic Dye Removal,2025,2.5677521,-0.2939613,4,"C4 · properties, synthesis, numerical",Omar Tanane,Laboratoire de Chimie Physique des Matériaux Appliqués
art_01561,Valorization of walnut husks as a natural coagulant for optimized water decolorization,2023,2.0005476,-0.7221325,1,"C1 · properties, water, mg",Asmaa Benbiyi,Laboratoire de Chimie Physique des Matériaux Appliqués
art_01562,Vegetation and Climate Changes During the Pliocene in Southwestern Mediterranean,2023,-1.1047674,-0.0012263835,7,"C7 · phosphate, properties, po4",Nadia Barhoun; Rachid Essamoud,"Géosciences, Géomatique et Environnement"
art_01563,"Vegetation climate and marine environmental reconstruction in the western Mediterranean (southern Rifian corridor, Morocco) over the Tortonian-Messinian transition",2021,0.7849995,-2.1339974,2,"C2 · model, control, data",Nadia Barhoun,"Géosciences, Géomatique et Environnement"
art_01564,"Vegetation, Climate, and Paleoenvironment of the Mediterranean Region During the Pliocene: Insights from the Boudinar Basin, NE Morocco",2025,-0.17512934,4.720689,6,"C6 · morocco, maroc, rabat",Nadia Barhoun; Rachid Essamoud,"Géosciences, Géomatique et Environnement"
art_01565,Vehicle license plate localization and recognition system for intelligent transportation applications,2019,-2.1909065,-4.0685287,3,"C3 · learning, data, detection",Abdelmoghit Zaarane; Issam Atouf,Laboratoire de Traitement de l'Information
art_01566,Vehicle to vehicle distance measurement for self-driving systems,2019,-1.8433658,-4.1400805,2,"C2 · model, control, data",Abdelmoghit Zaarane; Issam Atouf,Laboratoire de Traitement de l'Information
art_01567,Vehicular queue length measurement based on edge detection and vehicle feature extraction,2019,-0.23862067,-4.8262377,2,"C2 · model, control, data",Abdelmoghit Zaarane; Issam Atouf,Laboratoire de Traitement de l'Information
art_01568,Vibrational study and thermal behavior of dihydrogenotriphosphate trihydrate of 4-aminobenzoic acid and its anhydrous new form fertilizer type NP,2019,3.235614,-1.7184813,2,"C2 · model, control, data",Soufiane Zerraf,Laboratoire de Chimie Physique des Matériaux Appliqués
art_01569,"Vibrational Study, Reinvestigation of the Crystal Structure of MgHPO4.3H2O and Calculated IR Frequencies for the PO43- by Isotopic Substitutions",2021,3.945894,-1.7061887,2,"C2 · model, control, data",Soufiane Zerraf,Laboratoire de Chimie Physique des Matériaux Appliqués
art_01570,Virtual platform for modeling the power consumption of a soft-core processor by the SystemC/TLM,2018,-1.4065232,-4.9124045,2,"C2 · model, control, data",Abdelhakim Alali,Laboratoire de Traitement de l'Information
art_01571,Virtual Screening in Hepatitis B Virus Drug Discovery: Current Stateof- the-Art and Future Perspectives,2018,1.5713053,0.7810877,5,"C5 · molecular, corrosion, experimental",Anass Kettani,Laboratoire Biologie et Santé
art_01572,Volcanic Geoheritage at the Northeastern of Morocco: Selected Sites of Oujda and Guercif (Jorf Lakhdar and Guilliz),2024,-0.9966168,3.133227,0,"C0 · morocco, atlas, basin",Faouziya Haissen,"Géosciences, Géomatique et Environnement"
art_01573,"Wahban Al Okaishi, Issam Atouf, Abdellatif Hamdoun, An automated license plate detection and recognition system based on wavelet decomposition and CNN, Array",2020,-1.0887963,0.5882621,7,"C7 · phosphate, properties, po4",Abdelmoghit Zaarane,Laboratoire de Traitement de l'Information
art_01574,"Wahban Al Okaishi, Issam Atouf, and Abdellatif Hamdoun",2020,0.05729604,4.9110055,7,"C7 · phosphate, properties, po4",Abdelmoghit Zaarane,Laboratoire de Traitement de l'Information
art_01575,Wastewater remediation using multi-soil layering (MSL) eco-technology: A comprehensive and critical review,2023,-1.876414,0.51313233,7,"C7 · phosphate, properties, po4",Soumia Belouafa,Laboratoire Biologie et Santé
art_01576,"Water activities, osmotic and activity coefficients of the system (NH4)2SO4–K2SO4–H2O at the temperature 298.15 K",2003,6.562793,0.7449536,4,"C4 · properties, synthesis, numerical",Asmaa Benbiyi,Laboratoire de Chimie Physique des Matériaux Appliqués
art_01577,Water erosion risk mapping using derived parameters from digital elevation model and remotely sensed data,2012,-0.23715726,-1.8366859,3,"C3 · learning, data, detection",Soufiane Maimouni,"Géosciences, Géomatique et Environnement"
art_01578,Water‐Soluble Dendrimeric Two‐Photon Tracers for In Vivo Imaging,2006,2.9588027,-1.9588019,1,"C1 · properties, water, mg",Said Gmouh,Laboratoire d’Ingénierie et de Matériaux
art_01579,Wave Energy Potential Analysis in the Casablanca-Mohammedia Coastal Area (Morocco),2022,-0.20967378,3.4897742,0,"C0 · morocco, atlas, basin",Laila Mouakkir; Soumia Mordane,Laboratoire d’Ingénierie et de Matériaux
art_01580,Wave Reflection by Rectangular Breakwaters for Coastal Protection,2023,1.2475723,-2.6567516,2,"C2 · model, control, data",Soumia Mordane,Laboratoire d’Ingénierie et de Matériaux
art_01581,Web Usage Mining data preprocessing and multi level analysis on Moodle,2013,-2.542847,-1.9694887,2,"C2 · model, control, data",Nawal Sael,Laboratoire d’Intelligence Artificielle et Systèmes
art_01582,Word Embedding for Social Bot Detection Systems,2021,-2.3724337,-4.0130606,2,"C2 · model, control, data",Faouzia Benabbou; Nawal Sael,Laboratoire d’Intelligence Artificielle et Systèmes
art_01583,Word Sense Disambiguation Approach for Arabic Text,2016,-2.3897784,-3.969377,2,"C2 · model, control, data",Faouzia Benabbou,Laboratoire d’Intelligence Artificielle et Systèmes
art_01584,X-ray and DFT calculations of novel spiroisoxazolines derivatives,2022,2.2414458,0.9757753,7,"C7 · phosphate, properties, po4",Mohamed Moumou,Laboratoire de Chimie Analytique et Moléculaire
art_01585,"X-ray diffraction and vibrational data for a series of triphosphates type MIINa3P3O10.12H2O (MII = Cu, Ni and Mg) and their anhydrous forms MIINa3P3O10",2022,3.2274601,0.11327212,7,"C7 · phosphate, properties, po4",Soufiane Zerraf,Laboratoire de Chimie Physique des Matériaux Appliqués
art_01586,"X2CoH5 (X = Ca, Sr) for hydrogen storage: First-principles computations",2024,4.2200384,-3.3400464,5,"C5 · molecular, corrosion, experimental",Mohamed Idiri,Laboratoire de Physique de la Matière Condensée
art_01587,YOUNG’S MODULUS OF CALCIUM-ALUMINO-SILICATE GLASSES: INSIGHT FROM MACHINE LEARNING,2024,-2.7094734,-4.326007,2,"C2 · model, control, data",Tarik Chafiq,Laboratoire de Traitement de l'Information
art_01588,"Ypresian Dinoflagellate Cyst Biostratigraphy and Paleoenvironments of the Aridal Formation from the Sebkha El Farma Section, Boujdour Basin (Saharan Domain, Morocco)",2026,-0.5855856,2.3440497,0,"C0 · morocco, atlas, basin",Mustapha Mouflih,"Géosciences, Géomatique et Environnement"
art_01589,"(Z)-6-Hydroxy-1a,5-dimethyl-8-[(morpholin-4-yl)methyl]-2,3,6,7,7a,8,10a,10b-octahydrooxireno[2′,3′:9,10]cyclodeca[1,2-b]furan-9(1aH)-one",2011,5.204867,-2.0970268,5,"C5 · molecular, corrosion, experimental",Mohamed Moumou,Laboratoire de Chimie Analytique et Moléculaire
art_01590,Zircon U–Pb geochronology and Sm–Nd and Rb–Sr isotope systematics of Neoproterozoic granitoïds from Bou Azzer (Anti-Atlas - Morocco): The obduction trigger of the central Anti-Atlas terrane,2023,-0.67268217,2.6311646,7,"C7 · phosphate, properties, po4",Faouziya Haissen,"Géosciences, Géomatique et Environnement"
art_01591,ZOOTECHNICAL PERFORMANCE AND BLOOD BIOCHEMISTRY PROFILE OF ROSS 308 BROILER CHICKENS FED DIETS SUPPLEMENTED WITH DRIED Opuntia ficus-indica (prickly pear) FRUIT,2026,1.7404147,-0.8544072,1,"C1 · properties, water, mg",Karima Mohtadi,Laboratoire Biologie et Santé
