row,article_id,embedding_source,text_sha256,model,dimension
0,art_00001,title_abstract,e1c3601f976f42ac53b8722b4891336ff263290343e17de61fd9570606abf11b,zembed-1,2560
1,art_00002,title_abstract,cc7eca0aa448c3894124a1aa507dbfd65262e6c4ff434962ca5566a3aab4d307,zembed-1,2560
2,art_00003,title_abstract,c1000256fdaadcde4346b3fdee83bd87e9089bc36207564ba008903cb183697b,zembed-1,2560
3,art_00004,title_abstract,a789f493e008be4085b152a7db676b5408a7921f34bf37e66fdf780950bfe878,zembed-1,2560
4,art_00005,title_abstract,f609ebbe496abfe03ddec6adc84c098595996e35736d0a64b12f097b1b42a8c5,zembed-1,2560
5,art_00006,title_only,ad578952f17f3ac068e508111fcd707b07a1d886e4d25b50e2b3c8b602923ec1,zembed-1,2560
6,art_00007,title_only,f229708d7c77bf4e87479d67a6fd81c6b90c360ce906f0082dd8d1d9a84cf823,zembed-1,2560
7,art_00008,title_abstract,8c456d71506f0853c13c71a7beb3f157cfe2169d74f8ecfffa882f142ee367a8,zembed-1,2560
8,art_00009,title_abstract,2dfa68f65ac06948d4efa155c8e05302fce9b03f65aba93f806678dd7ce0114a,zembed-1,2560
9,art_00010,title_abstract,1ca5683345a354467b2b01c29956815427dafe4b06bd24b16da69c3ce2ce091a,zembed-1,2560
10,art_00011,title_abstract,7e2b5f3b348da5c227b9229d5a0deed4c051e6ee688d7a2787105f225f57f7a7,zembed-1,2560
11,art_00012,title_only,2396ed5c064eadbe6550932c0b77a4961996844f55741be8737afa34003f1035,zembed-1,2560
12,art_00013,title_abstract,23b2d7b7af90a19076162c700d6c97621d268deff7d086e929650a2144314dda,zembed-1,2560
13,art_00014,title_abstract,4c112d7dee89c705417d3a9f361738b9ad4a7ed75bd0db6c3d00c92ae972c9c5,zembed-1,2560
14,art_00015,title_abstract,178dc751b95f6ba05b6f8fe10d7940406e54d3daaf6f33b49318e604ee7876a4,zembed-1,2560
15,art_00016,title_abstract,95fbb947c70fac0f2ff89274cbf78e9016d0f07588add9f4d34f411bf113cbb8,zembed-1,2560
16,art_00017,title_abstract,5d98b3cff665ae904d3f38dd9a8727e5b6d2fd004303c46b9653c3becdacede1,zembed-1,2560
17,art_00018,title_abstract,c6bda7c78fcfe75757343f5bfe592529f455c8abbb625dc9eb42a33cc07e6acf,zembed-1,2560
18,art_00019,title_abstract,0eac4a1e3a5041f605a6324ab36ecdd977bec4b2576e5e2a6e2cc26b710689d6,zembed-1,2560
19,art_00020,title_only,746b9b2cdd438f886155e476c65565dd72608db406662e69ecf0d65a9d977373,zembed-1,2560
20,art_00021,title_only,a39f6cf0e7ae0df913af07c63b7abaf8df64798d90e37878410f0af6f0012932,zembed-1,2560
21,art_00022,title_only,baf3daaa720a7b28ecf8406d5df5cb42db6f525156a961a55479df3ad2244248,zembed-1,2560
22,art_00023,title_abstract,20aaa725fb115d412f82346861dce4c7d233c94483b03ee340cd6a679b63c170,zembed-1,2560
23,art_00024,title_abstract,49ed2d97c4fceab1f924f28bc4ceba4641192d1b5445e15df300ef19bb223613,zembed-1,2560
24,art_00025,title_abstract,97613cb5922f7448a177954694aa9ff6417319486d7fa5ac4771f1aa85f0e452,zembed-1,2560
25,art_00026,title_abstract,1139a8a0201cd953cc1b00e2a3d7b9cea2eb5cdb2a8129bd84719af3d2ca8901,zembed-1,2560
26,art_00027,title_only,4619699d0f931f60512ec283acd5f1934233b692b3bf94ee5a9919e110bbe9ab,zembed-1,2560
27,art_00028,title_abstract,3d7e87d093cefeb6e7122563d58cdcd458d168b44512962f1233fc1be7993575,zembed-1,2560
28,art_00029,title_abstract,33fb8d379fd3e6d738bd0ee0691d15746cc88186624e88a85924996a1607ccb8,zembed-1,2560
29,art_00030,title_abstract,16361aaaa35a66990622914482cab7acc544136dcc558a0c394be46e4eaabb6e,zembed-1,2560
30,art_00031,title_only,65c124a2e03037b91ecf7ef74e9d2514559f34b5d9a9a22fa3eb68526fd001f7,zembed-1,2560
31,art_00032,title_only,3e3586d5141fe57a432e6a935e52a843fc812102695db4afd81a87283f48e14e,zembed-1,2560
32,art_00033,title_abstract,e01f01b9d5331290eeb3b9cb709c0cf3da67428e55dfae570200b531f79ee146,zembed-1,2560
33,art_00034,title_abstract,5987eaff3589cdff279cdd78187f8326a55da86ec50ca388bc9ae8a0079675da,zembed-1,2560
34,art_00035,title_abstract,4d414b58e1725c95ca6b9a61adaf37f3d3f9eb937fe9660ed7af1d32e519319b,zembed-1,2560
35,art_00036,title_only,dd05352b2a313ba61733abe1acedb42b7f072b17fb44261afbf06dd78db2729d,zembed-1,2560
36,art_00037,title_abstract,e607a210971918331e7db5b3f024f99adb34896770313f9026535536a700edc8,zembed-1,2560
37,art_00038,title_abstract,d5102d48b811b64ea09a53c052c0d686909c82b500b652db7457856ede9281a1,zembed-1,2560
38,art_00039,title_abstract,d54514c1b9b915dd77f0fb4b78f6d5767c5ad39b69ed62a1c705735966c81629,zembed-1,2560
39,art_00040,title_abstract,8db59adb4d2664079d77ea1b5a6cd0f60112e23e36639bbfb78be3b992be0650,zembed-1,2560
40,art_00041,title_only,4e078e652e8282004407c94b110ad5874a3e7654af7703eba03f6b189b3a7e80,zembed-1,2560
41,art_00042,title_abstract,91096abb760f0465d929d42420b2d6276378f9b8c6867906521a0521fc6baf6e,zembed-1,2560
42,art_00043,title_abstract,e3c2d39bd5c3d0c06e4389713717d1acc6c50258506fb3c1e41e12bbae8a334c,zembed-1,2560
43,art_00044,title_abstract,4aee0f3ae56f61eb3484cb2f1c4ed7192b3fb6061041e4a14e80ca0b43600eef,zembed-1,2560
44,art_00045,title_abstract,fc4c71ab16cba18019cb4b2f812518da79dc4c7943f8f0f71d7f07a9bcf30006,zembed-1,2560
45,art_00046,title_only,b9fdd3395b0ce3fca940f290fe4ee14810bf5624506f82df71e06ca588fc9ce7,zembed-1,2560
46,art_00047,title_abstract,8bd76ddc9f70e8f0ea3deadf3b75d77e11b2a6afddbca170142117cec631384c,zembed-1,2560
47,art_00048,title_abstract,e5ad3fa229a86e4b8c480d4a2674a27622dccb09d13265fea6982a30592e3709,zembed-1,2560
48,art_00049,title_only,d5bfec046f7d48ce4acdf4b3416d6ce02513e825c187c8acee69fc1a40542a01,zembed-1,2560
49,art_00050,title_abstract,7f1d7209340db66bb20c3de1e3072c00e4cc8ad3aeb198438ebef4172b74ca5d,zembed-1,2560
50,art_00051,title_only,7a839949164e53de8f6edde9371a1379b99ee9d9e0510db2e929a2eff65484d3,zembed-1,2560
51,art_00052,title_only,b303fffdb20625636962f49d67f73a8376671e692642eafdde610fbae4320f8f,zembed-1,2560
52,art_00053,title_abstract,3f9eb0629b0c998879f9b8f906c8baf4601b7fe6b14bb16f53c87b95ec92b497,zembed-1,2560
53,art_00054,title_abstract,a4e5e037d548afb75da0a2cea03efc7d24d62abbecb0395ed3b960adadbfbe36,zembed-1,2560
54,art_00055,title_abstract,7298e15ee8f1c62f379ba0f30b87cb18ca7530b2df94a245327566bf54568692,zembed-1,2560
55,art_00056,title_abstract,692db8aaa26bd2824d798d7acffccc1d39c4e66bcab238aa21f32bb57fff3dea,zembed-1,2560
56,art_00057,title_abstract,64c9f8f743a1ac978033f493dc8c4355d0b08c92bf6c366190bd24f0ff502a91,zembed-1,2560
57,art_00058,title_abstract,0a315bff9dd6d355323efcd0d713519b6d45c1c5972d0c88947f272a55dcf385,zembed-1,2560
58,art_00059,title_only,e2a6e6bd913d6db55df62a99b3693b03204b1270a225e622b24527cf4f63baab,zembed-1,2560
59,art_00060,title_abstract,f840140060bf0c97427e075f61674b7d868a04d48b954c355edea66b976badb4,zembed-1,2560
60,art_00061,title_abstract,7bc122b7bf46370631ab17452b242f2c4fbc2dc99f3d0bab6178f4c1712b72d1,zembed-1,2560
61,art_00062,title_only,e5b46f5a4eedb8d4ef799450a92ba1f6de57c70c4236fded3a38f70ab5613bd0,zembed-1,2560
62,art_00063,title_abstract,f3995017d4b53fd94b10bac4fb79bbdfe608a77979f21bbbfa1283008c20a791,zembed-1,2560
63,art_00064,title_abstract,1d9ed3559a7ea7232845301d03db2aadfdb895cfd8d1dfd358e7369af03c59af,zembed-1,2560
64,art_00065,title_abstract,a4e9e3ab39e320675ebda0a2b37696db4d0499bbee7936f0ace692e4c38037ce,zembed-1,2560
65,art_00066,title_abstract,16e89f44a30eedffff84cd3fb6bf306abe747ae6d6140c44de07a76b1c645a62,zembed-1,2560
66,art_00067,title_abstract,606bf3d43e80d7eeb6309a5bc013501c1c252bedc679623faade3a97a9d74ffb,zembed-1,2560
67,art_00068,title_abstract,66e21e235b099a1aad4d10aeee5a755717d3d90af94adea4f4c5a86f2523c248,zembed-1,2560
68,art_00069,title_abstract,64e5b2f25c6ad1101842d40807698e312d626824ad29edb213038f665e6dd81f,zembed-1,2560
69,art_00070,title_abstract,18b9540b513112d7b6d989c205a5b8eaf60e5a4f1e3d708ce106bafdc374149b,zembed-1,2560
70,art_00071,title_abstract,d4408efc807f14824705b79c28af9d28150dbe0e65489a048d1c52f5112dbdf9,zembed-1,2560
71,art_00072,title_abstract,7f5680a57092218e81fad9a5d5a2ce92153d4363eb03ddbe330ab5b3efbc9e94,zembed-1,2560
72,art_00073,title_only,17296b211afd24e60545a796aeb78fcb0da16d2b24b7a2fbcda34972bb5a33e6,zembed-1,2560
73,art_00074,title_abstract,adcc3e1f8ecc81c8f5e10afc8504e183fdb76745a6590d9517640ab394fcf484,zembed-1,2560
74,art_00075,title_abstract,d1d9178d1035ae79df1c8ed76ccb9156c546b84b6dcc71c9271f2962fae2dfaf,zembed-1,2560
75,art_00076,title_abstract,346c43e1d117d0613355ffa2655152867abaf1c25ef9081ccda0f04cdc49a7ee,zembed-1,2560
76,art_00077,title_abstract,0595f870d2f03a1ebfee8824668a64710e0ec0db6f74cda6ece93a0690e54ea6,zembed-1,2560
77,art_00078,title_only,865c4de85b198b5efdd731c69fd4cb845e1470e25f931e462a19dc61b73ee330,zembed-1,2560
78,art_00079,title_abstract,908091562f57a498caec5f66fc4946e127d821d3befbb800fb737440441ce6e1,zembed-1,2560
79,art_00080,title_only,9c0552e76964d3997863f3a6a24f55889b065763f96395ef4c0e1ce1bccaa484,zembed-1,2560
80,art_00081,title_abstract,bbcd6b2bf371bac543f80c3530339b9876f924f505c685a1cfb35c8de974fe30,zembed-1,2560
81,art_00082,title_abstract,be9ae940ecfdc160118096eda6c4be4c512bd8facf4b62f500f6eb442f137af3,zembed-1,2560
82,art_00083,title_abstract,1a280f43107b228e9db916a9988c45311b59e6a6818318b18f535c84faaff32e,zembed-1,2560
83,art_00084,title_abstract,b1c692df1ae3336a8b5de94a06baecd20a45639fd4b1f86d6c3f7d9d1ea0e26d,zembed-1,2560
84,art_00085,title_abstract,6403f728d58f6e8f7792b779deaf1fa54d192b25d0dc97ee2d0f922dac94e697,zembed-1,2560
85,art_00086,title_only,4dfdeb333f4c56e8405a1eb82df65638223102d43d2c5abdfe5bbe463282cdcd,zembed-1,2560
86,art_00087,title_abstract,936ea68ef31323061d5e8817c6885f7fe4dbc3ad498a5bfdac4044246d6afc3d,zembed-1,2560
87,art_00088,title_abstract,961236f7e54e0977e6cf955bc6294c56f5bb9ea01c702e2277d1613640e2f783,zembed-1,2560
88,art_00089,title_only,07b465b9777caad4b8d9501780c7749ce4408106be5653bce4168c7f0b662848,zembed-1,2560
89,art_00090,title_abstract,e814033f807055a41a0ec1c1b1b31ec3f3c748f5d4e5c15a0375ab1779c3df58,zembed-1,2560
90,art_00091,title_abstract,6b566e4fd949def91ff1f509d8f37fec8cfaac81b0215b911fbdc14e1bda9359,zembed-1,2560
91,art_00092,title_only,66b491d9fa5e57cd97608064678e75fbec33cf316d983fc5f7de08e840afe2c3,zembed-1,2560
92,art_00093,title_abstract,d6e1e6dd56565dfcc6e35b5420c687d4f86dfae83a2026feeca6c47b7ddb29f9,zembed-1,2560
93,art_00094,title_abstract,b3767fee43f142dc421ed429da304d1b3282c6d7c697d24cea79d37332ef4673,zembed-1,2560
94,art_00095,title_abstract,0c9e7cddcb65028dab8fd0a4873557ba8060f32af6fd552d0d0fbc6aaba35907,zembed-1,2560
95,art_00096,title_abstract,c9098a0b3a6017c59f9179261ac16c5ac84cf30a320e5f14e38aaff19b14b23f,zembed-1,2560
96,art_00097,title_abstract,c37c4fa530ced91b0293a58c7b0dbd1119e9c4e85a9d07b5077aa3acafc67308,zembed-1,2560
97,art_00098,title_abstract,c6c75fd5f31bff73bed8b6b7b5a53769ac8c6fb99b7ffdf61fcc51c35a9c402b,zembed-1,2560
98,art_00099,title_abstract,e1081ef8f640141a8e717158135e3cd61976190b75ad866707474d2466433abf,zembed-1,2560
99,art_00100,title_only,f7258a14d7fab634df78555e2c770d40d36f8ce8aeeef462aaef9a891b2b1c22,zembed-1,2560
100,art_00101,title_abstract,09145ae0db5b633e86ad8d4aa56d763eaaa590b05d2a1118a5e70bc5905dc296,zembed-1,2560
101,art_00102,title_abstract,eeb74e405ad5c91a054bb5da10575431036f54e86c12fe31eda89dfdd516fdcb,zembed-1,2560
102,art_00103,title_only,1893106f39222527092b878819974cbd4333067050df800d794213400037e061,zembed-1,2560
103,art_00104,title_abstract,8ab080fe29a3fe49124e034a49e257ffa86ac8299bad6ab7832161ead6f9e0a2,zembed-1,2560
104,art_00105,title_abstract,d84a8cf63d4668ff89b737adddf1f7e190bebfa39ed3ae706a64d7edaeaf1d2f,zembed-1,2560
105,art_00106,title_abstract,2a085f1d7e6ff2794fe99c2607cdcd060f0a426f5ed4c1904343cf976cf12eea,zembed-1,2560
106,art_00107,title_only,6caf89e9e3bb4405f9e0a11124c4e9f93f1886027568870bcca446deac296707,zembed-1,2560
107,art_00108,title_abstract,c17bdb3d45d3a243c78b2612e13a0d335fe07673ba5af059cbec08e0b94e7c8b,zembed-1,2560
108,art_00109,title_abstract,83463344fd219a071a0cd373ec3983c7e38ffee153524a1d35cfbbc1f6507fe4,zembed-1,2560
109,art_00110,title_only,02905613f1cc47df672d90bbe43af25a8387dbc0a6e928696bb9bee8dbd58c23,zembed-1,2560
110,art_00111,title_abstract,73fd0c0526c12ace7ca55a7c3a65b3c890a8bf1ffa2dbc91a0053ac3edca2912,zembed-1,2560
111,art_00112,title_only,443979d5d81e2ca08e72c5b6f87ebccc17b050e99df42187b61287c4ffa76dde,zembed-1,2560
112,art_00113,title_abstract,bf65e42dcca78c2207d5b2867ac31e7925f0fd11b67109c3e11051c0219da932,zembed-1,2560
113,art_00114,title_only,91b7b88948239b80eb3d0830251e47bb1423c8e61d459e437dc2952ab673bac4,zembed-1,2560
114,art_00115,title_abstract,15bba66591ddc77dba662f77c85b0043fc5906c67542cb9389927376db59c9c7,zembed-1,2560
115,art_00116,title_only,7e51958e4c82bf2ef1d6c477ebe49e0ca949785e0b1a8c1f438753cab5cc189a,zembed-1,2560
116,art_00117,title_abstract,fae0a85c4930b2d6f1afbf93ef36b2a1498ac96faf671be10c8d7cc3c33a7193,zembed-1,2560
117,art_00118,title_abstract,6fcf0123e760faaad99d6f51fa4f2a04588630693b1566df93637c3c38c9586d,zembed-1,2560
118,art_00119,title_only,d8d7c1a4ddbcf402f049036200efa4142972eade0c9a14d3952f314a2a354716,zembed-1,2560
119,art_00120,title_abstract,4eb691731e151faf1d1bde8f8f6a0aaf9722868b86756a44b5666528a64438fd,zembed-1,2560
120,art_00121,title_abstract,05d2694c97f2ef1882b1084a136575900f34eeeddaecd1a4c9b84c1830280005,zembed-1,2560
121,art_00122,title_only,cf0da51e6cd2b1fbf33ecf21120942b5b1ad01e77b20f503f462b01e4fe673dc,zembed-1,2560
122,art_00123,title_abstract,e9e6c0502b600c89a8dda630eaab0456922becdbc1f76c51307d9fa4c7991c58,zembed-1,2560
123,art_00124,title_abstract,9a8599e38795b8ce41a2e741260f3737867cab9ecf5d4ce943bda34afaa5f01e,zembed-1,2560
124,art_00125,title_abstract,b5e172e473c7b143645f9287d20bdf3d24e45c1cd3b8291dfc9335fad4266462,zembed-1,2560
125,art_00126,title_abstract,0ee46be355737aabd9e7808befe808fe539eae2a3c7c2d93a8ea761a0ce2e268,zembed-1,2560
126,art_00127,title_abstract,cff15a8f5894b7c2d0d28f633d3bed7b8652b0751df0f16d49648fad82a9b934,zembed-1,2560
127,art_00128,title_only,1086ee4e6cb33d4a3c3c349980c74ab3258519e846bfd56e2f3aad0f8d82bf3e,zembed-1,2560
128,art_00129,title_abstract,80e01813438fd7633f5a5551b24464228125ef30e41c3e59b7d98effc47dbb6c,zembed-1,2560
129,art_00130,title_abstract,dc36efdf61f5f7a3e8806991d09f689b4fd9b2871b1512923bc4dff24bb76898,zembed-1,2560
130,art_00131,title_abstract,0521042967dcae87b992b34990342bc05d321860986dfed9abde26ca99f0a168,zembed-1,2560
131,art_00132,title_abstract,1bf8339e75aa94d1caa01da49e926c8a38d9d98019d8d00dd269566f2a766f9d,zembed-1,2560
132,art_00133,title_only,5953cca69d78b3584b063ce96bd9bbc9f6723ae8d0e65056532387e3752e8b49,zembed-1,2560
133,art_00134,title_abstract,c5f76840c3a6a4aab2f306913273b89bf148ad783f3928010b40a415eaa9de2a,zembed-1,2560
134,art_00135,title_abstract,759ddf4d69390d51354df8f0d56bb6db47718ee6310260f5ba78110e3f4a03a2,zembed-1,2560
135,art_00136,title_abstract,a3628053f342ccfe9836260ef8d81076d4ef7f221a5457ea3ae812080ff525f3,zembed-1,2560
136,art_00137,title_abstract,5a6c8556548e2c6ba30075a7f64d2a4d533d61db56d65d82137545afd280cb29,zembed-1,2560
137,art_00138,title_abstract,a7b5db3ad7039efd7e037d60aff68235a6d5debcfb10ea11fdda2894efff69cb,zembed-1,2560
138,art_00139,title_abstract,446ddb2e7bf40a3369d2cc39bed3e255b68dbe43e3cfefbaf51d7e3d4eee2694,zembed-1,2560
139,art_00140,title_only,edc67444a44802c51bb561867184893c4da8e70f840096b325d6ea7a5d3ef283,zembed-1,2560
140,art_00141,title_only,fb29d9e2cdd03cf32ddaf31e23f89ac30e9b2b6ebbfdf3755cdc0c61b1d4bc65,zembed-1,2560
141,art_00142,title_abstract,768d00e15c5bbbc85ede01bc752c0c3942637cacc16d5ef136c4e3f76daa4bac,zembed-1,2560
142,art_00143,title_only,ca576e2d4daeff1fe5a1c063b12bdc0b5212d1cbd4ee0c0231ae8b4e0a377aee,zembed-1,2560
143,art_00144,title_abstract,5f8b35c452fc9854c080a2771e1e80db43c8b2a69d9efdad2f77f1225b7355a8,zembed-1,2560
144,art_00145,title_only,ae1a7a65defe9cb27e2a42b729eba7ff29fbb2f8ac3ba40fd2eb7942565d7ca1,zembed-1,2560
145,art_00146,title_only,f730d0f287c9839b0598419745c9f969c178ea9fb410775708169fc8b98457d3,zembed-1,2560
146,art_00147,title_only,689b9dda3952ec69eeb612f6aa5792b137097caf372ce01a5d6d5a1b1918d29d,zembed-1,2560
147,art_00148,title_abstract,657c410bede99e488a357391197c8858d4a7645e38c50c80ef004a37e80fd2ff,zembed-1,2560
148,art_00149,title_abstract,f47dbdc27b183ee56dc37d063db641cbe26171be8937676598b3f945a57c6944,zembed-1,2560
149,art_00150,title_only,62b9124ac3afe8532b6f57172167a27771d86f76e0ab5e6ad8cbcf6ec851e2ec,zembed-1,2560
150,art_00151,title_abstract,70f67ab14a098b28a33ac644ec4d21ea3bc928bcebc0146511d34f3ec6a4079b,zembed-1,2560
151,art_00152,title_abstract,a8c3f002ad2c3e6d4c9bb68b228b96cd5c598050cde002c1b7be0a5ee919c139,zembed-1,2560
152,art_00153,title_abstract,93482907881a5675811aca037ac0626fb2fbc2339d4989605e19462c57dc40d3,zembed-1,2560
153,art_00154,title_abstract,ae2bf9fbc455144743dd627b0aa1a073bf21e837c2ab5c635bfb2049512cb482,zembed-1,2560
154,art_00155,title_abstract,b02ede10ece46e3ffb1a03ac81ea47b7a67da0c71b3b0dab8a46e8ffe83aff5d,zembed-1,2560
155,art_00156,title_only,3b92a1a58acce7d386d2aa94d41e663ec6d17da5cc3e66def7968615d0184dba,zembed-1,2560
156,art_00157,title_only,35949929c6cdb8c56e35317b7b2422a331e7feff3135794169bb25edf3b3b6cc,zembed-1,2560
157,art_00158,title_abstract,d4957b260ffb49bb5ab97ecabe5cb5a6767959fbb8e72e8633dc30d2ae70bea2,zembed-1,2560
158,art_00159,title_only,87886e860e9a3a5016bb0d2eaae0aa38e70f98d10ffa0f259afc3dccd911013e,zembed-1,2560
159,art_00160,title_abstract,9534b705a0131b731045854ced5ce67d3b7478961e556a5392a6b96c6e48dd67,zembed-1,2560
160,art_00161,title_abstract,f8dcf53b651e9941fee82bbbea5a2ce76cc14e1fe66393cfe12dc32e66cf38b3,zembed-1,2560
161,art_00162,title_only,e46109a1c9017a3fa6704357b116517fbe5dfc5a0e96b2d6d448dabbc7d86f74,zembed-1,2560
162,art_00163,title_abstract,bc4a035b15faf20d51d5d8a52dfe096cd8eba3b44f51abf716fe7e776f689ccd,zembed-1,2560
163,art_00164,title_abstract,82ca384fbba55f8349de2ee67ce135e97bdcbf0a39d463fa32a3fac18aba6000,zembed-1,2560
164,art_00165,title_abstract,b202b2c321bd069e58d441de8c61d81b5b9e3f3f25d8d91ddfb65b9a4ddda09a,zembed-1,2560
165,art_00166,title_abstract,3b211f18e0aefd2f7bf44ad6315302812ef06746edb154a4323881460b537250,zembed-1,2560
166,art_00167,title_only,919a88b108efd28422a51fd771995cb1877a3f47f9cbde504dbef1a556e01edd,zembed-1,2560
167,art_00168,title_abstract,328d7e8ea3e2b96c306495065e78f40decd84bb782373da192859305313bf7f0,zembed-1,2560
168,art_00169,title_abstract,e8772bcae0db898b4d6a0da40d809b454aa4c17d9ec0f15475462ae4297b6ebb,zembed-1,2560
169,art_00170,title_abstract,06e2caeb29c47795ec4f0b2bdfb6dbb11450b636fbfcce832d554ef59bc0177a,zembed-1,2560
170,art_00171,title_abstract,b027a9242aac8596a053c6d2247e99c24fec3df3158e9d0f406fe3420424125e,zembed-1,2560
171,art_00172,title_abstract,74777f7e0407012653bc3ce90e2141d3af7de1debeba560fba76ba86b54fa384,zembed-1,2560
172,art_00173,title_abstract,07cfd3e5383504b72043d3a410e52e8ec8a1c1ad3141969610d79da8a08da773,zembed-1,2560
173,art_00174,title_abstract,e2c078733d0250a04460644a2bce4b72b0cc87e02030f572ac8ab0afb51f80a8,zembed-1,2560
174,art_00175,title_only,7d87b68a1664e6ec7894b6b671f6037412786870cd4614fd26ea47483fff4839,zembed-1,2560
175,art_00176,title_abstract,2f99b9c2fd56a18986fe0c8df2e1d56cd8f62b57d099954395ccff4acfd13bce,zembed-1,2560
176,art_00177,title_abstract,5d2ca0f2b5234614264d3c7cf6a8c5fbd5ee720bde3e6df79ec426f0579755ab,zembed-1,2560
177,art_00178,title_abstract,6452d33ecfb08f9c71f43a34886a9e8461c24f9753ad056ed2c1ae80d5b58a6a,zembed-1,2560
178,art_00179,title_abstract,819b371a4ef2ca584646aac0aff242859541591fbf63b26e5f95a30e757ddce8,zembed-1,2560
179,art_00180,title_abstract,17b45f71f40c78b1fe3705d4296c28f78b497d197eacd67f4bfa728a8b099b70,zembed-1,2560
180,art_00181,title_only,8f1594dfde6742e0cd1bc16651e998f046aa2a9565a4a5544e4ca4f41101f12b,zembed-1,2560
181,art_00182,title_abstract,427b2e34036e501dd20a16993a39d60c05a55ee4c8b6c9d0f03e442b9b62bec4,zembed-1,2560
182,art_00183,title_abstract,6df3f0df87d896fe71ce11384f54792d3b8a81e0504a1e4b57c332f5c98e6734,zembed-1,2560
183,art_00184,title_abstract,f30c4c579f2f9b5e79d7c3ad43433253c9479487855574336b6c268cf7a29a75,zembed-1,2560
184,art_00185,title_abstract,24f49324e751bd3837ac30672efe9e337af58086cc762f89375f48f733ed0a53,zembed-1,2560
185,art_00186,title_abstract,6ce16b1a76a7d881f8fc18c359318a635a5a2730c86f9a489a42416453d41ded,zembed-1,2560
186,art_00187,title_abstract,427a122228dc6dfff92ade16cd3e6d578b1d37f248b51c061e74105a78f76291,zembed-1,2560
187,art_00188,title_abstract,fa81fea049199a0c0d649fe0d1937a43e3fe6d405ea35e22aa17e0a20f29122d,zembed-1,2560
188,art_00189,title_abstract,32b375ba32ade32dd510f46f1f437bc140b69c1268912148fb99addf89f119eb,zembed-1,2560
189,art_00190,title_abstract,bd5ea5bc1e95724a42911e86e133b470c359ac348c1c1d90052c8e8fd44eb0d8,zembed-1,2560
190,art_00191,title_only,294d1ec08d68ee18d47a8552f574a026d0302390437e28b1ff9eb579dcbf2b59,zembed-1,2560
191,art_00192,title_only,ae7ad3d67d8e4fc003b7845b07c00d528184fac02378a8777694fe78cbe9a5e8,zembed-1,2560
192,art_00193,title_abstract,96b308ab8d39b4fdb1ea2da0743fbf59d1724a296d2afd08eba260d7a16b57fe,zembed-1,2560
193,art_00194,title_abstract,0f21c296145cfb50df7f426017e0ff527ce737a8ccb0bf37d0a2c682d4f52d9b,zembed-1,2560
194,art_00195,title_abstract,9f5046bac9a61371b69cb559261df73531c18d7d61549edd0415779c75207f09,zembed-1,2560
195,art_00196,title_only,53572b49acfa9415c94c85cf96c75024679467c2bfe63677d33fdc4354485a27,zembed-1,2560
196,art_00197,title_abstract,d4302560511791c332bc172e1afef7b0cb727d3581b9b85275499f83760198ce,zembed-1,2560
197,art_00198,title_only,5edc1f6d5be23baf6267794c9d28b8cf3499c14229191e22c855c2ef43e6c39d,zembed-1,2560
198,art_00199,title_abstract,fb5a034edd7b9b822c1f8ab65d30b2c409abf988b07d86cc4dc361bacec7cc6c,zembed-1,2560
199,art_00200,title_only,2f73fc5086fbaafc39089cbbdde243f7464807a23263b270c2e3414e297978e0,zembed-1,2560
200,art_00201,title_abstract,9f9c8e49a5996b42bb117cf892e8be3bdf9d04e0a63959dc4688b919e8abf41a,zembed-1,2560
201,art_00202,title_abstract,05b9c506d5a42bda4e6cb422e7f043887c59dfbdb7c3ca60e334bce61e3c894d,zembed-1,2560
202,art_00203,title_only,edc7ccc2730a9c7d3ea2953f4853ad53a9cb7d14949d1b631783454034618a1e,zembed-1,2560
203,art_00204,title_abstract,4e0c970787e8f75701ac4653336fba751ead92a78f1b9a4c8bef34c1ecc95ea2,zembed-1,2560
204,art_00205,title_abstract,acf4dd318f158d100520b8e0b632e8f731238966d1a5d6b65c22c36181bd9f5e,zembed-1,2560
205,art_00206,title_abstract,e7d0c332b8294f5336f4cf549754ce662825739bca299a7aa145ed912a7c3e57,zembed-1,2560
206,art_00207,title_only,e171661e2412ecc310fd48780191c4159cd324c5b435ce70cb2ba631dcdac595,zembed-1,2560
207,art_00208,title_only,24c8b2a8b310fad8709eb963eda5577cbb94720f1a3506484a3ab4562bb44bfe,zembed-1,2560
208,art_00209,title_abstract,a91d012f62a1178893901d67d2d9fdc83aa7b3d2e1b58ae8ba8f9deaef49473d,zembed-1,2560
209,art_00210,title_abstract,1ab3cf71cde421a459e197de52207951259d41aacaf9f3ac56c306981a1217e8,zembed-1,2560
210,art_00211,title_abstract,9c901177245ec386601891efee2cdd1ff5ae864f9022f69a5840c47ddce649fc,zembed-1,2560
211,art_00212,title_only,d98e06672c474c9cdc5454cec4ebc7ff81229f8917c3b8da14fe18074b1b18b9,zembed-1,2560
212,art_00213,title_only,5f3d66fad5b860cf024e4695aabf94ff9754dcf50334c4765b20c71a06f66538,zembed-1,2560
213,art_00214,title_abstract,2ad734037de731124e55fcf4e8e03c11cf2a85df70436d38df0822af592aa86c,zembed-1,2560
214,art_00215,title_abstract,ce3d0a8e2979053fa9984da78292e0c9ea36eb74030d3745160b8be1f02fcfd3,zembed-1,2560
215,art_00216,title_abstract,159f8b7dce794ace8d6cdd63376b2bf2df36a3a7770c60b768a5d1b9851e3347,zembed-1,2560
216,art_00217,title_abstract,02e0337361d54f0449fdd27fb463dd2334639905f722c9ffb51ea6219c4681d2,zembed-1,2560
217,art_00218,title_only,a6c52ecf62cc1ebefcd1818440658fdf279476f9c9d835b134e58baa171fccef,zembed-1,2560
218,art_00219,title_abstract,2be47309678ff22daf68e794f86aba1847aab579bbd379bdea31c6e3c19b276d,zembed-1,2560
219,art_00220,title_abstract,2c7b7ac0802b7baedd9792607300c4a65ce2882313e900fa8345e3281f1bdb94,zembed-1,2560
220,art_00221,title_abstract,7c4d3b2524092c07c87357a44c2ad899efe1a51fa7e43ee7ce7eb5db42bdf3ec,zembed-1,2560
221,art_00222,title_only,c265a6b2e1fe4f728b9e10ea9a616749224135ee20efc8992368d154dd53a489,zembed-1,2560
222,art_00223,title_abstract,a57a50f393903272d2e373ed1052487471aafa20e1d27d4ac78418ac80f4a12a,zembed-1,2560
223,art_00224,title_abstract,a656aa69a3eb5746bc395bc39aa4c45ed90591f07a30c014b0a71d1f0945282b,zembed-1,2560
224,art_00225,title_abstract,a9d69c243696f7f5e8c335b8d22f3c9f28899918361d7995b8653910145888dd,zembed-1,2560
225,art_00226,title_abstract,5e8535750995c24b9da377e112e75beb279ff038c040e780916a6952219447e0,zembed-1,2560
226,art_00227,title_abstract,ba0450698773fb2be1892ec2e0913e47d87b7dd8dfe0c10d7677e6ccaad2ed05,zembed-1,2560
227,art_00228,title_abstract,c474e20daca6dab50e9d374879c4a04757fa76d9f42c9d1a5024ec725f4d4ed4,zembed-1,2560
228,art_00229,title_abstract,f173016c9121d960666fc8a9eba301555c9aedb6fbb278e5a5ee08c2f6189710,zembed-1,2560
229,art_00230,title_only,7a6b00760093a0efe085818448a06f14507eefcab10841388f7e063311c4358f,zembed-1,2560
230,art_00231,title_abstract,14b52aff7447d97b0b5f254b60422eca967f41b13f9bbc290620f92530a65ad6,zembed-1,2560
231,art_00232,title_abstract,bca34c44aa26f0a4ea40a2cdcfe39091f624ed07ed6c22b8cc570541001261a5,zembed-1,2560
232,art_00233,title_only,8735a5c8964af3f672a773ea9c7eb858a3c7841a0ad0a97e1507e6393c941aea,zembed-1,2560
233,art_00234,title_abstract,71bdd2d118a99a406251f00152ae1effade786686cf2fc81cf9a3f6e6f56dc2b,zembed-1,2560
234,art_00235,title_abstract,44828b7b318eca0c3c567d30875da1b11a222033379da01addf52161732d4fa0,zembed-1,2560
235,art_00236,title_abstract,cbcee3303aae8f4b30aa9ffb4a2306dd0411ed854b6df1c2754c6336daf9792f,zembed-1,2560
236,art_00237,title_only,595941f78073a67a3e3c406f0c3ac8f03e6a8b7c51928e48828ec6472a37f2ff,zembed-1,2560
237,art_00238,title_abstract,6e212159a3c35d77397e8b4fe2fbab5f07577e6ec9439e3307815afaa964c218,zembed-1,2560
238,art_00239,title_abstract,2502089e3a6f6668e24c9e3f97d0cc7eb3eb8efad8e88f62f576b4e14aeb9800,zembed-1,2560
239,art_00240,title_abstract,b86d85e2f748daf5191b7ed60c3baec3d5484d4d79f72cc32efc616d891dfed6,zembed-1,2560
240,art_00241,title_abstract,f0c536cba06a20fe31fd4d9fcb9702976bdb9aaf28d1c94a73506249cfdf51de,zembed-1,2560
241,art_00242,title_abstract,b2c53ba170fdec37275cfd47d07176fec850151494c7be83f9b8a21b884fafb0,zembed-1,2560
242,art_00243,title_abstract,2cf5c904e373e5b6b60f051b527b8438a6c1e6091fdadb199c138f070c771b45,zembed-1,2560
243,art_00244,title_abstract,9184f33c4e3f0c169c98a687a0f1de3a3645863ff83b156fdbdfbdd8ef33e0f0,zembed-1,2560
244,art_00245,title_only,8235b9b599024bacdf33c6067d6dda68a4552686d1b731063c01eee1657aa0d1,zembed-1,2560
245,art_00246,title_abstract,dc39631f2ea34ba157adfd85d98041f770cad8c65bed864b81fd44b17056a577,zembed-1,2560
246,art_00247,title_only,b8f62b58db543561f3bbcb6e4425eac34cd1addf2e665e0a4799c0ddccf31b22,zembed-1,2560
247,art_00248,title_abstract,c002d4be0fe4296ce10ac94a0cd5b52592cc419032c784cdd806c7d5b882a505,zembed-1,2560
248,art_00249,title_abstract,dd2ed44e9f9758de25f0b76f6116066ed0afb7ae4695a8289466cb8f0e82e4b7,zembed-1,2560
249,art_00250,title_abstract,3b1a3a7a1fe6127f797b3d0dda7a82cc83309b9180c3cab8aec41b5d6501c7f0,zembed-1,2560
250,art_00251,title_abstract,88e538151b1051acc9371747b6fb9d0e89884599de7d95de9c3d126c1894b09b,zembed-1,2560
251,art_00252,title_only,3a9fd1484cd3930ede9b5c3b07dad1886bf423768676a8af212173d8036954ed,zembed-1,2560
252,art_00253,title_only,eda3e20a558f1fca6826bae193289169fbe0665b68f8dcc9e8c386986bc730dd,zembed-1,2560
253,art_00254,title_abstract,7bbe4e81b454589c607e0d7d797c529e30fdb9407b0be3264ad965a8cce77b5f,zembed-1,2560
254,art_00255,title_abstract,070297252950f6642d0c37b6630c08c66d30ddc9c0e756dda0da223edef5a5bd,zembed-1,2560
255,art_00256,title_abstract,1404b0e5d0a14a4e7d30554e518192ea16ae736475d8515464cdd4c670189372,zembed-1,2560
256,art_00257,title_only,1f566cb6bbe6eddc1c3159a24573f18660a1d38f573129d544c5bec4f6606787,zembed-1,2560
257,art_00258,title_abstract,1ece9ee81a9359262047e652e920b66661bef35720bd2313665382749e8b3206,zembed-1,2560
258,art_00259,title_abstract,6a4d36032400868e1603e334718d88156966f83e44b08cf2fb84a58ca71f1b17,zembed-1,2560
259,art_00260,title_abstract,c5185f2d0de83ce8e44d9b82fec211cf6cecb483315161ada3fcd0ca1ac59d21,zembed-1,2560
260,art_00261,title_abstract,1fb425fd4e5b5fd1afd6886d0ff0f605a3530c73531db944d59430fd433b4ed4,zembed-1,2560
261,art_00262,title_abstract,c9a6636c531100afdd33c080808b98964227a9267659d20299f3a37b6c508f65,zembed-1,2560
262,art_00263,title_abstract,3c48b145da35208571aa2977743869ec2993cfdfd568d9ae2ade3b0e72e5ef85,zembed-1,2560
263,art_00264,title_abstract,a9c711c740865c2f8ce3e9a37451ef5a23c023a46c5a6029f57740d54a836f82,zembed-1,2560
264,art_00265,title_abstract,955e2b690f07c5650f26f3af43b11827022034b0673b7b17317d9097025dc42d,zembed-1,2560
265,art_00266,title_abstract,fa0e458df5e18d00ee8902f971dfe0098be31ee4c839a77963c257c4cd3533a8,zembed-1,2560
266,art_00267,title_abstract,ac6d00ed61fbca927f12ec624b39dac8831f7e9da84585803551a7d925ba1e48,zembed-1,2560
267,art_00268,title_abstract,40bd66301f907291677e1af2969648b2776af9ea2d64a99dbb69ff6c515642a4,zembed-1,2560
268,art_00269,title_abstract,f49ad3e11a516adb83a42f13d05c6d10f0f4dde29abf8dce72d5a1ff444bb604,zembed-1,2560
269,art_00270,title_only,903e08a32375843cb5bf7b363d474446afa710c464fa4ab3c39fa1d04f3adbad,zembed-1,2560
270,art_00271,title_only,e31c3c95115ea943bbad7d05928446d17307f5c539328a1be32e9bd1b3c7f267,zembed-1,2560
271,art_00272,title_abstract,f35884388cbf1f66f88c6d1a52f80624d29415511d1eb28452fb403aaba1ace2,zembed-1,2560
272,art_00273,title_only,b65bf94cb1972982b7407f1b6c244f554ee6f3eb432cacde129eff8be48f459a,zembed-1,2560
273,art_00274,title_only,d89a2f956037b9f5f8c353f11ec48e6af15c124469c34015844d30f3fc9fd273,zembed-1,2560
274,art_00275,title_only,3e8a178dbfc59da8053850b2c05213f4e2516652583daf2bb27e4275cc6e7b8d,zembed-1,2560
275,art_00276,title_abstract,a8638fc90a1b4f0e1677de83e43a54d362326802df2384707ed1e1884c7a9157,zembed-1,2560
276,art_00277,title_abstract,68995cd3156b030caa6c17d50ecebcca547e8efea2593d2a1e4ae822501a8cab,zembed-1,2560
277,art_00278,title_only,e51ba04ee60400212ab8bb4d4ec2ba424b56b0e44c25d17e2ebad776f0f7ffe9,zembed-1,2560
278,art_00279,title_abstract,02d356033016f397dff6979286df05c3d5ff9073b90070729cc149b1dd7341de,zembed-1,2560
279,art_00280,title_only,0d56cce4abf966e76ad1cbcfc75ebd29c45c179ba620bd74f44759aea21cc934,zembed-1,2560
280,art_00281,title_abstract,8e7ea0a721ff234e43aaeeb7e92aee025531700bf46c352081ac5051331b38d4,zembed-1,2560
281,art_00282,title_abstract,b6c10e40781b6937d785cd8fc6a4b7166d828f76682aa0e688335e35e8a4d933,zembed-1,2560
282,art_00283,title_abstract,b6c10e40781b6937d785cd8fc6a4b7166d828f76682aa0e688335e35e8a4d933,zembed-1,2560
283,art_00284,title_abstract,1a10e55205158056f808617695a8ba09efb947e1059d97e542a8d147e25bd3bf,zembed-1,2560
284,art_00285,title_abstract,b54811fabddc9d5f46266982b59d0b7c25cf7f798f8d832c71bc28ccc55eebb8,zembed-1,2560
285,art_00286,title_abstract,63f6d9b22dfdf7056110327e5fc534f8cd9ca192c00be2ed9e6ef40fe9d7b7e6,zembed-1,2560
286,art_00287,title_abstract,63f6d9b22dfdf7056110327e5fc534f8cd9ca192c00be2ed9e6ef40fe9d7b7e6,zembed-1,2560
287,art_00288,title_abstract,4b3b25acf17b2462b9fbfe7790f1771ee1986923eb0e9399be04639da0377200,zembed-1,2560
288,art_00289,title_abstract,d3dee68a0cd42e33ff332f5b17db4c318f366279e2f4c0f722b01dc053b9d755,zembed-1,2560
289,art_00290,title_abstract,01d704773ca4627a77b20c6880fe317c17140dc43a27719db82d8858414eebcb,zembed-1,2560
290,art_00291,title_abstract,2a1dba82e4c8aad8c8a6cd4d93555fc828c05807abcbe81c58ca47351e383dca,zembed-1,2560
291,art_00292,title_abstract,e5d35efc863eb056242b804ee1c68831d8e7375e41bcf80b709cdf277afaf5ed,zembed-1,2560
292,art_00293,title_abstract,fa9d5117c00a2759994a189bde9ea0d5d977c1d924573c328e030bb6a418c355,zembed-1,2560
293,art_00294,title_abstract,ca2df561f82e67343e16264bf86cf7a57ac9c44ff9c28e8bbb599dbc1cd1787b,zembed-1,2560
294,art_00295,title_only,b8a361fca60b732f5f45220e2ebcb82b3d782c156b3053509d7d9f08676323d2,zembed-1,2560
295,art_00296,title_only,df526693f068d2f0f467cd89a3867a80116d1a5175f117b638f6e069575c7259,zembed-1,2560
296,art_00297,title_only,3581884f0bb8bea99cf1e10363824f1afc9e360a37043303d55b16167033072e,zembed-1,2560
297,art_00298,title_abstract,305883ee29db3734c368b0458103d3a5aaf4d47926e687c6ba067be3047c3e93,zembed-1,2560
298,art_00299,title_abstract,e0293c6544fb8db5f478deea96b160d8a5cbea5c49c0e0e84e6de6571fe6694d,zembed-1,2560
299,art_00300,title_abstract,6cf1ed8b013da3bc8c467678ccccc6f2b3e8327380762fab4325ebbf8e29534a,zembed-1,2560
300,art_00301,title_only,50898848fdf71f994031f97db5a1cd69abf898b562650efacca50ad3e499a961,zembed-1,2560
301,art_00302,title_only,c08b7875a4f6be8f9499b2b809b0648f589dc1341505d0cdcec9435439c368ba,zembed-1,2560
302,art_00303,title_abstract,63e98dd46b86d0d41811629b88ffcc1bb153be5e16fb439cea3cf3c347c28612,zembed-1,2560
303,art_00304,title_abstract,9ca6d46685c18d500d6c8b73e5a05ade063b73ab38e07fb6357c8366e0fd2994,zembed-1,2560
304,art_00305,title_only,ad42e259c091d1dc3a63f085c03a1c787757f0f944855e8dc07230b609a7eacb,zembed-1,2560
305,art_00306,title_only,be711d8d29987f0cb866f3101c7c51ab94136862f89ca8463aa413ba91e849c0,zembed-1,2560
306,art_00307,title_abstract,dc83261ed02ad3de46ddd29522011f06f247a2af9b1d7be9148896e032937d19,zembed-1,2560
307,art_00308,title_only,046faafcd9b60806145677b974731479ccc9c14aa05b89393f3a00f6aa024aea,zembed-1,2560
308,art_00309,title_abstract,7c236f1b86e9ebfb97d1cdb6b29a1318c7afe0b3a1da0cdbce8f68f2a16e1dd5,zembed-1,2560
309,art_00310,title_abstract,16c6f78ad8c06df60397182236956fdd2384470e00315c54f2e071c67d669133,zembed-1,2560
310,art_00311,title_abstract,3f5cea0d0e8ae957a2377d89f57fb3e972f0735de8ea367322c328f00efbdab2,zembed-1,2560
311,art_00312,title_abstract,47fb75d1c3c76d9ada16453cda00967019b74e3c0c286565d967e4ff878c8c7e,zembed-1,2560
312,art_00313,title_abstract,ffbeb9a1d103bc82d92a07af83ccaf9379c9730053db2c30e410eeea86aae414,zembed-1,2560
313,art_00314,title_abstract,2572e5287be93f9bf9db396283a97729215badab9aba8774ffe39998b61ea276,zembed-1,2560
314,art_00315,title_abstract,6a4ab2f4126b46013b073b138c54bcb06851ff3777365d395a03e5145f6561b8,zembed-1,2560
315,art_00316,title_abstract,45470fab2b3e7d2e6bb5366d9d9157e7ae862c8acaba7e8c09b002e19ef9889f,zembed-1,2560
316,art_00317,title_abstract,2fa9e688f9520ab9aff84d735676a978ca7bd1079d81662d55808eb15ae8770e,zembed-1,2560
317,art_00318,title_abstract,1ff01cbbcec7043ddb4e3efc3eff8ee41e658108b6c9a4d4304147eaf639583f,zembed-1,2560
318,art_00319,title_abstract,84a13f302c83828a10c33ec5a5aa2312f07089c6bbdd33fde36d07a0ec1f9419,zembed-1,2560
319,art_00320,title_abstract,305248c50ae9461dd645022540513b1e0d6a49d3ce57c4c6eb34ae09cf6240ba,zembed-1,2560
320,art_00321,title_abstract,6c373bd0c08453c522de78c999d046f69608b2039b6e696d8bfa542616920a7e,zembed-1,2560
321,art_00322,title_abstract,631c00becbce0ca9975f6ed648b11b94976b134a037dd11edafe6d8b1894382e,zembed-1,2560
322,art_00323,title_abstract,feeac6ad24160e479ea76435533dc264bf21a9d2e934a46bdaddb7047b01ad26,zembed-1,2560
323,art_00324,title_only,4b37430fa311035d037029f6e4c9d752bf52b487ba36dac50ab164cd14a58bc5,zembed-1,2560
324,art_00325,title_abstract,ee6a2b27adb1466b0cd62e92e93f30578dbf12a477cf2ed31213229d4298c55e,zembed-1,2560
325,art_00326,title_abstract,8d0293540676903ecce2a92a0f76efd3b289651913353c7b9a127b518f027845,zembed-1,2560
326,art_00327,title_only,7560fa818f46536a3424f9b43dce273628740e5b74b4fd92ae8c5c38172d3605,zembed-1,2560
327,art_00328,title_abstract,bf5cfc7e3e7ed2ce20004836ff78086fd4526ff57236e4f37af43ff69ce67bfa,zembed-1,2560
328,art_00329,title_only,42767dec387103addabf4bf352da994d5ef27117c1ebcaaa917077f8d37881fb,zembed-1,2560
329,art_00330,title_abstract,7782047a2528a2a4b8ac26fee843071e3653ad2f49d75406f898f7ce678030db,zembed-1,2560
330,art_00331,title_abstract,979f72aeed25347ea673887f488ab22248c6cb0fe0c0cdeeb3a7e422b53ca9a0,zembed-1,2560
331,art_00332,title_abstract,83ce8904cfc6996d6f47fc59b0b3de4c89764eeefe949046440e987d903917b8,zembed-1,2560
332,art_00333,title_only,a4ab4c234ad00f7c1c97e76a7175a2933f793058f98da2b4147b57043bf30110,zembed-1,2560
333,art_00334,title_only,c67ec488307e8a02f9cc99ce1b9203b7cfd5a3284a49fe6d3be533eab9a440b5,zembed-1,2560
334,art_00335,title_only,bcf6cd9706bc7c5c232ce472b2fe2fbec0716c70cfc92e2e07792329c75c5a2e,zembed-1,2560
335,art_00336,title_abstract,0f753b3938cb4c88bce389347b07fd09d4fb16c3dfe49ac0796f853bb9df45ae,zembed-1,2560
336,art_00337,title_abstract,0dd0dfa37ddac16672c1d8ad9effa9e6a47bd426a6d77c8eee85268bf8ad8b0b,zembed-1,2560
337,art_00338,title_abstract,69f60b7a790c46cc88fa08453aa822152646de74731ad1939240d3e98bceff1d,zembed-1,2560
338,art_00339,title_abstract,7b0d37a4828642be4098b2d219ce15a431c2ccfc32842bcb967f1ac4a4933adc,zembed-1,2560
339,art_00340,title_only,73a9e84a8994472daf967b2b261e577c0c612f38f50eadd25d442d50abf9d18a,zembed-1,2560
340,art_00341,title_abstract,5f0768f4d95b8b0a596a267bc1b5ea5478b137f60072453a4daf7fcb8a47903e,zembed-1,2560
341,art_00342,title_abstract,3d8cb8338cedf79fc176be298fd5837ca695971cc3f4b955986425261363d06f,zembed-1,2560
342,art_00343,title_abstract,85eff403b009315749a3e147bb9f8519282693db5dedc38967310c101de43a54,zembed-1,2560
343,art_00344,title_abstract,df73d22164860a8b269fac66d05dc1260c1899c0571f2a02a06344caf4058a98,zembed-1,2560
344,art_00345,title_abstract,cbd644ca2340fadcd6a8bccbdf10b266453e81b03d3e49b66e2b7ffe6c8fae32,zembed-1,2560
345,art_00346,title_only,4d704333c2b2502b2d9d649e54afb1b8868449dc7764cb31de1b459ab28e1a99,zembed-1,2560
346,art_00347,title_only,bb98bf08a2702adbc593bf910e5883022d5b4ad47a6d01440b0bb969dedb4310,zembed-1,2560
347,art_00348,title_abstract,378377168ebd2f410048ec4dec0c8a3d3bd9676a96b81f57cec3c28be13302ad,zembed-1,2560
348,art_00349,title_abstract,8a2c818706535c0200d952565423c29689fc823af0596cf8bcdcffe1acbf3a98,zembed-1,2560
349,art_00350,title_only,895d9c26010ff84a6fc7cea2f5c76b130f24e519e56d1a61752e318e88597bb5,zembed-1,2560
350,art_00351,title_only,d19a3e26be4ffb2b168e4a151c175787a06f8959523045899cd5c87626a6e26a,zembed-1,2560
351,art_00352,title_abstract,c34c7024f7bc26c1bc596ab3d56d3831542ce090e3f0040becf6baff1121fee4,zembed-1,2560
352,art_00353,title_abstract,46e70d2efab3152eb4072a37ed7ca3d27f4fb765f00c3fad7f060ebd01a036c1,zembed-1,2560
353,art_00354,title_abstract,674f4cbb0e8e0f9327da773f123f6009b8cc34fd420afc9a1c6ca759836241af,zembed-1,2560
354,art_00355,title_abstract,2ba75508bc5cbe725b32fef74a3b6045a703ad348699d82501b72f5606e09255,zembed-1,2560
355,art_00356,title_abstract,ffdb1fe801ecd4cf5d194ac4999eb8cc3c2ea8a21f4c94432b82a6748b222e23,zembed-1,2560
356,art_00357,title_only,655ddbfe953b0d16181008b19f848da6d1ae5573b647e340cbed0afe06a6ea0f,zembed-1,2560
357,art_00358,title_only,38ce20fbf30750cee9001219ee74c64f7260aa0d6dd55a8d35eee8c8f241af3b,zembed-1,2560
358,art_00359,title_abstract,044ea83028c0a44b611563c9bfa450e7f5e3aefee048418bcf40b0e59d14224c,zembed-1,2560
359,art_00360,title_abstract,efb708f0960e647a9e488a8222b4335886601d1aa50473dbf963b9e6cbe7a432,zembed-1,2560
360,art_00361,title_abstract,c6f0975448ee0cfca71ebdc6984946ba97805326038b353f371b2d6e9c50e975,zembed-1,2560
361,art_00362,title_abstract,15c3865e5352913fd9228dc262a6b5c5539820478d85c9189d3a08543777ed5b,zembed-1,2560
362,art_00363,title_abstract,980c175e981fff676c8798b85ce37defd19f5abafcc971178edd69c9c5f2dd8a,zembed-1,2560
363,art_00364,title_abstract,ebc6b52054f02bb960345909ed972c069b5a4cbbcd3c855ec087d7d898285675,zembed-1,2560
364,art_00365,title_abstract,7f72e3c27fe31350a028c3db03ede5baeba34fef5ac3d3da76a9cb4fddaf3e21,zembed-1,2560
365,art_00366,title_abstract,81c38ab2adb58a6b1e9378e2783fd8f49777236858f2d4971abdef85cec0ac8c,zembed-1,2560
366,art_00367,title_only,10b7827f2bfc2234aa2746b375dd723e29ff3a5c236e66034865f7162b2dc0a1,zembed-1,2560
367,art_00368,title_only,bd7566b10f5178f6b9ae497a98a098dd1851bec6e9256276aa865f90e21cacf0,zembed-1,2560
368,art_00369,title_abstract,ee0b61283bf1400ac7dafbe416e479a747c9d96d5f5c032fac1db5dc5eb871d6,zembed-1,2560
369,art_00370,title_abstract,be935c0c68695120d0e63e62a3dcf9dbc2d030a7d20cbea582c92b7564c0b09c,zembed-1,2560
370,art_00371,title_only,c7c15fab7d0c53b9bb971c940b146e7cd4d93e646913ee889bf61d7434e6ca33,zembed-1,2560
371,art_00372,title_abstract,e2de43f077649a25e2c8fa0689692658351039fa1fe6e9fbb146e93d1c569505,zembed-1,2560
372,art_00373,title_only,7eaec582e2cf5f7804459782bfac3de6c9520c641a4e0781b09fad00d4a7c91b,zembed-1,2560
373,art_00374,title_only,f8a094153415606aa3a476ccede2ca7519866ebd434267e1dd838a94df43d687,zembed-1,2560
374,art_00375,title_abstract,71f6cbc61bd16748a483234aa8e6fce6629e0b7804a0dc3889022a0adb75d520,zembed-1,2560
375,art_00376,title_abstract,b2a87e9cb156af7501b2c4597350a9b96a0a2b1b433ef748756cbd3ade44de18,zembed-1,2560
376,art_00377,title_abstract,2bacace0c73a11c24b69466f1214d2d3855a80479ce84eb1fc42ae5a6646d0f5,zembed-1,2560
377,art_00378,title_abstract,9d929a25b2324803a2872441ac350cf9ed84208f109c6638017922909bd810a8,zembed-1,2560
378,art_00379,title_only,53797a02a95d2c154e56bcdc10c894cc762b8ff92457a18b29ab1070c5055686,zembed-1,2560
379,art_00380,title_only,18976a12753876c99c6382ab67e1f0d69dd3df9ab733482955c450b5b68de228,zembed-1,2560
380,art_00381,title_abstract,b4820799d9c32b39f1878fea926b2e04fee512512924046a9b3a4dfe7835179f,zembed-1,2560
381,art_00382,title_abstract,af6e58eeb560b2c8d65491b74e0d0e587c2a2c6a741f28dda8b7c8fce49698bb,zembed-1,2560
382,art_00383,title_abstract,86904bdf9919a983abe79d0aa9472f29c8d10f84e4912b156a9bdb4648f5f34a,zembed-1,2560
383,art_00384,title_abstract,b4ad716086ac4d0e23d4a3cf2a4079cce3295b40b6512ae5dd5d708619a8f356,zembed-1,2560
384,art_00385,title_only,6e87f2bb932125df4e21ea540bbe9ac9f05f017c15e83e712e46213647bd3978,zembed-1,2560
385,art_00386,title_abstract,e7bef7f517ea577700426b3e04868a1bf21bf50b929b6b2d13036ea61c53179f,zembed-1,2560
386,art_00387,title_abstract,d4737cfac4aebcf20d3d0b3f078f02287aa5928413a4935fe315edeb926bd7cf,zembed-1,2560
387,art_00388,title_only,4d0a41f87481e72ef9d421b09eacf964b25d8d2f939394f1281cdc69679f132e,zembed-1,2560
388,art_00389,title_abstract,8edb503d39eadfd151a2fafa7cda8c2d28394898aa764e2bd4cef318dab0c63c,zembed-1,2560
389,art_00390,title_only,37fde264745ad920039a90a1b4ba3cc3a46719e213cf0784861bd6f5f278d28b,zembed-1,2560
390,art_00391,title_abstract,e775b3b2215e0c5ed69cbed9d02b7132ae9b176f5b08b298a192f409c9e4fcda,zembed-1,2560
391,art_00392,title_abstract,1312ad720e685f2bb440e9bfc0b9b3a925ab8422abe26b45541b5334283cf52e,zembed-1,2560
392,art_00393,title_abstract,9e184d0b207f3b67b39b5b7089eeed80d76afa751aa21032e8628ca3ab092152,zembed-1,2560
393,art_00394,title_abstract,3bebe970016de76b022efeba515826fa1c40e32cf7594698a599c80ac18daf0b,zembed-1,2560
394,art_00395,title_only,867ab765e295fb0f4909a6b301de4f4fb8b12b29e7b4f3d6de042f1f6b424db0,zembed-1,2560
395,art_00396,title_only,55947eb5424969240ee4e3be1615d714926e97b2f6337257a3522130141c4a09,zembed-1,2560
396,art_00397,title_abstract,42f2df16546d0aac37bfe41a7298a842d19fe34d34ec5de4738a25803d55c812,zembed-1,2560
397,art_00398,title_abstract,886abc9c5cea2d0611c6a3f17b31170149b69d91eec3be3b91463baf2e3c0495,zembed-1,2560
398,art_00399,title_only,c7d678a3f613175f3b83f77a17eb3e0a112132914bb539fc11a9b05ae2a16c7a,zembed-1,2560
399,art_00400,title_only,8bec84c161aa7d0828d739f054e5e05ae24f9369d8e1135fc03792f3458a7a4e,zembed-1,2560
400,art_00401,title_abstract,bf198be5f6a5f1029181bec28408dbf9b59887e870fa16ff38310f21ddf4241f,zembed-1,2560
401,art_00402,title_abstract,02ecc36e9ffea7a217c24bc8718b1053e85da86b2b582beef7c965b7c7da637b,zembed-1,2560
402,art_00403,title_only,b148ee99851c82da81a25b9ab4b61487ad6b75de4ba8d7af021bf780720dab81,zembed-1,2560
403,art_00404,title_only,6504dd7985aa1bb267b9a1a13d0f82973d394e418ac4779aa4ecff0e4633d6d2,zembed-1,2560
404,art_00405,title_only,af6451acc813458fe6de71ae9260232090a7fad122cddeae361f63ec0b833b93,zembed-1,2560
405,art_00406,title_only,6f069993dbb27d9fc6909746c2b0cee206986db122f7dfa7cc61e1a530289797,zembed-1,2560
406,art_00407,title_only,3fad43ea829233f747d518a7c8025d1c4706bd08c6b23da4bd7a3b1cc4d1bf6c,zembed-1,2560
407,art_00408,title_abstract,b99506d6901d2302b7261905fc0c32cb0fb5b4c246c9b6f730d9ba738bdccba1,zembed-1,2560
408,art_00409,title_abstract,9031df50ecf220cb66e62045c0047936992f30ab8f4508c51a907db22576b9db,zembed-1,2560
409,art_00410,title_only,eb44a641ce8b533556b4ddb88f91d7a6c282dafd0473923a1bdbcd31d32b135c,zembed-1,2560
410,art_00411,title_abstract,583516307337ffd544af8c2b7279cd08c7f7294b639a6b2c3c6f5f0b80e829d3,zembed-1,2560
411,art_00412,title_abstract,4c7db5a4350cebc62a452bbf492bff6ac9afe8f0629f00134b55e25e5cc5fc1e,zembed-1,2560
412,art_00413,title_abstract,f342620ac3a6c2cc228deec07a09182e02d8da79f9fb201cfafe4cdfa17e69fe,zembed-1,2560
413,art_00414,title_abstract,76473fdb649de8408e0eec322a20c6ae4360bdc68cc9c26f8d50ffaff9ebf24a,zembed-1,2560
414,art_00415,title_abstract,91fd5f956bdf3497bc761bb1e447f446121c6cd6cb4b5a204a46f4fd20114030,zembed-1,2560
415,art_00416,title_only,c38a624cf65c62eb83807fe38a1dfa3a44bb792dbcf824f7d89b39c93e5f9398,zembed-1,2560
416,art_00417,title_abstract,2bbd69a89b40fadd56fbe396b5673a5f87a23e388207ae76b54de596936017e4,zembed-1,2560
417,art_00418,title_abstract,2612e22b4bc7f3c70c919ef98f4c0d5c379483930e749814288e992bcbfd307a,zembed-1,2560
418,art_00419,title_abstract,03cb9e2f2d18271cf39583b8638535405df728a9a793fb22a57d3dec397b1cfd,zembed-1,2560
419,art_00420,title_abstract,0feb1786b5e13bb9b43417a4fcc38615c724945245ceb68ed2259b3096570b71,zembed-1,2560
420,art_00421,title_abstract,904fb332ce92d5004d4b9e550ad4a96f910fb9c6a3e27b3d7b621a1ab4a94202,zembed-1,2560
421,art_00422,title_abstract,bd58a8ad58c3fc0a8f2384f8c2ccc7f605cdd5c8cb4ea52793386592a4394dda,zembed-1,2560
422,art_00423,title_abstract,78fd466f7509008188818a558d493f9bb0a30ad8cd6f8f39865a12de927ace71,zembed-1,2560
423,art_00424,title_abstract,ecbe073ba4813d390ece7901daacbd311fb95e0a41b2ae87d65300f04a7d6616,zembed-1,2560
424,art_00425,title_abstract,8d9871a5bf0c364c000bbc09d6e9e8094c63a65c6f8516d20a225532124784d7,zembed-1,2560
425,art_00426,title_only,98f6d7c4f099794850c0ea01bc454e1e0e51ef40406cab64882b66009ec2b640,zembed-1,2560
426,art_00427,title_abstract,86af1c2d1bb0fd367d364d431a0cb2000082a0ad0af22adbe7801c2118dbb8bc,zembed-1,2560
427,art_00428,title_abstract,f66b701418865fd37cb63caa5c8946b58ddc4ed904509f2c6e04a21c135d0de4,zembed-1,2560
428,art_00429,title_abstract,602775068ae9b41073dd7cb29202607cabca850561c8056bb6c82a0d4b579600,zembed-1,2560
429,art_00430,title_only,fb2c03bd796ac084dd20d3085a2dc2c9a2ffcb7fc1d499b7961fad45f38d0bef,zembed-1,2560
430,art_00431,title_abstract,94d3befdb03b7d77d84b1681dc8580afd432cd74d218d0715e935f2ea08710d3,zembed-1,2560
431,art_00432,title_abstract,63b000dbf48f54f621ae939ea23ab7c8bd1a30eaf1b97516f44a1311d5e50782,zembed-1,2560
432,art_00433,title_only,65524b220a590f88bca7c8fdc64cdccdbc8f3c1a1b630e10f5387c90dea81ee0,zembed-1,2560
433,art_00434,title_abstract,62591eae44cd1f8e3e6b1e80e2508cc893946e41af1aa12f398b8739c910a72c,zembed-1,2560
434,art_00435,title_abstract,9551c37330eda313a0c1e1c96757b23ae0c0a6e0c27b49423ece6a2a3f3ed3a6,zembed-1,2560
435,art_00436,title_abstract,abab7c33f6555f16f03a351ba568c752df7fe68b4822c84dc2a69c11e0a4db66,zembed-1,2560
436,art_00437,title_abstract,e8116f6489dcb88d9195324cd6df87230e6b19ee2c21950149c98c00e936eb12,zembed-1,2560
437,art_00438,title_abstract,be270b27d5213f565d908239dbb9c4d4390acda7d37468e1e07c6309e3812b50,zembed-1,2560
438,art_00439,title_abstract,de70a4a172a700c8197bba645d672990f7c3102de52e6903186ad4061cd19c63,zembed-1,2560
439,art_00440,title_only,4e7a11c459ba895758c39998a001cb466b397328c83957ed9064461d4b952e6d,zembed-1,2560
440,art_00441,title_abstract,d421a1bef7a034d2a762dea5d1026f3595accdabe5482f21ee182057a160fa59,zembed-1,2560
441,art_00442,title_only,98eaa17dbd77dc4a6e7a8f21b2ca9ad79057763969f13d8dafd1ce8659332f26,zembed-1,2560
442,art_00443,title_abstract,35c00caebfc42776512c05ec840b9291ef3f56fe48a7aeaa61e16383c8ee67f6,zembed-1,2560
443,art_00444,title_only,81eaaad01332dd9e8856010ea2f06f35c7df2acec739d79c49961302f7aaaf1a,zembed-1,2560
444,art_00445,title_abstract,59cbf0224457bfba1dde4c9ec9485db2e26908f21d4a904cc28dd7819b732a89,zembed-1,2560
445,art_00446,title_abstract,48624e2fa1f3e91675496a715a1cccb88325b1676eb96f12cc03c65028dc6610,zembed-1,2560
446,art_00447,title_abstract,6d83b3a0c2a5fba563efa80c9f7820c2b403bd6745ac77cdad42e4e22891e0d2,zembed-1,2560
447,art_00448,title_abstract,9095c604efe66903e395f3f42048c84d62749e2b1847b13455dd3f4438b423c0,zembed-1,2560
448,art_00449,title_only,afc6d189e2aa013f5e194b7a07be973ff1699bf1d9c4e623ae73ddc53355f8b4,zembed-1,2560
449,art_00450,title_abstract,8e0acd890155fa50f23331a895ecd461e36ef82676a63ce10976df38571eeeca,zembed-1,2560
450,art_00451,title_abstract,81ddb163abcc8426c3b24ac1ea15905f5673618dd3ff8035a009ab6014ca51a1,zembed-1,2560
451,art_00452,title_abstract,d7d503c43c3b70ba8ad36a4bed678bc2ce1664afdd9940fe4a4639bb3a143885,zembed-1,2560
452,art_00453,title_abstract,36ec355e382e826a732c2df3b43ca3154fdaea38d55cabdd7b606c4799119f31,zembed-1,2560
453,art_00454,title_abstract,0f6b8c17d604518325e9864abbbf93db2b67f1c7d14a9edb935b8b78369d39fa,zembed-1,2560
454,art_00455,title_abstract,58d63801aa44e95b24ea9be57e9b800d134375315a7a43b6d769a6b1b8a41535,zembed-1,2560
455,art_00456,title_abstract,11eb8613cf5daf7e30425d218aa972b50ffba0b21a99de1f2d57320b10f8e531,zembed-1,2560
456,art_00457,title_abstract,ffbfb2eaf1798073891801976d228bcdd0d4b5b4c318f5b412ed1b5770af5bf8,zembed-1,2560
457,art_00458,title_abstract,326e1e798a8b56f65126fbb8386e7eaf1c0c071f94ecf3f1505d0f4344d77032,zembed-1,2560
458,art_00459,title_abstract,5ccd964b01dce5c1a7d79ff14e859e0ba3516b4f0cabd4d6291a0793fc8523ca,zembed-1,2560
459,art_00460,title_abstract,a90a11a821a28a14d6f4d705ac28311b3f3443f7a981a24a87037e3850d1d5ab,zembed-1,2560
460,art_00461,title_only,729db9837f1927b7a917b06644b0d731e36c40ef94d1fe7734de185ec872a23a,zembed-1,2560
461,art_00462,title_abstract,d0d1fa43fe6140c3daccf152123ab72d5f98020458e0b5cdb7aa493abf753d45,zembed-1,2560
462,art_00463,title_abstract,71ad179a9722ca92c27ce07bff4b1e383cea7c5b2df5d268848fbd08f52ee45f,zembed-1,2560
463,art_00464,title_abstract,7534cb0836f7bb8a7a37f1cb97ed1f0dc97f27f51fc0c9e49256988b5ce56b23,zembed-1,2560
464,art_00465,title_abstract,d7fff75e51a7f7b42f5f4ef2637a80c9d597440fb28496d12e5c950c2efe1c75,zembed-1,2560
465,art_00466,title_abstract,a8b623c9172329df298971c2a420feace571bc73b13830dbafab0e89f78b9274,zembed-1,2560
466,art_00467,title_only,ef300818b9ebdd943013389596e7f51b3a7a29b7d8fc09f6b50b61c6b565210f,zembed-1,2560
467,art_00468,title_abstract,a8f64c5c456ac6b02dc15ba5cb58fad5afb7c29758a82837f00e5f9342c9d7fb,zembed-1,2560
468,art_00469,title_abstract,70b76e1c48b329708c3c4154b92aa88610079a73688c78663290250668fd1eee,zembed-1,2560
469,art_00470,title_only,2a6b4d7934205ef93f1ffbf018e68a75f4686b69b99735783b35f3ccd419b15f,zembed-1,2560
470,art_00471,title_only,a637a037a728c6a7e2daec96e35f2c72cdd0ce4fe81123228e18126c2b5389b4,zembed-1,2560
471,art_00472,title_abstract,15707454deef307e1e045e6937dc0fb20aa53ebe024c70c089aecdefd2ae10ef,zembed-1,2560
472,art_00473,title_abstract,71fe93a6d62c803c6595c646f7058a22eb6970a8c076833c40a01d37bc25b221,zembed-1,2560
473,art_00474,title_abstract,4c3d57aeabf846ab965c1cff78653e6e158bc424ed53e4a046c31d9c0d3d95d4,zembed-1,2560
474,art_00475,title_abstract,bdddd33bd3a976899373429f10b3735fbd82e4be85c0513a19f1873e1961e943,zembed-1,2560
475,art_00476,title_abstract,db6481249af4707c992315e9030ecde27dcb017bffe5900a2fd1acd494055162,zembed-1,2560
476,art_00477,title_abstract,c430108e20bfa3f4b69bc4654822c5b35fda4dcc9ecd66b27f92459346bffd44,zembed-1,2560
477,art_00478,title_abstract,6a9fb6bb94df9d8b8903a38a471562a563d12de97e4009b24c31904113fe49f6,zembed-1,2560
478,art_00479,title_abstract,8aaf8142c79a70be65da00dbec1310e9416242be9136dd9b69bda0e422f4996d,zembed-1,2560
479,art_00480,title_abstract,ddcba78fe6c5d53509d0d3aa95a90022c9c3f9a36b3bd445b511c7f175624298,zembed-1,2560
480,art_00481,title_abstract,e63a4c5000682735e2330344eef49ff9c281402da8ecc805f19ed78bcb154bb3,zembed-1,2560
481,art_00482,title_abstract,c36bf32be6099dc759030e750bcfb756e9e003a2ea1d37e078afb861c4ad11de,zembed-1,2560
482,art_00483,title_only,6e75a0f938fe37cdd7848c5119ba928bbf26fdb233bdb36d148f8c3a8480be90,zembed-1,2560
483,art_00484,title_only,58deb1a321c09174cc328522eb022c27fe24bc884c6e316001e120504ddf47ee,zembed-1,2560
484,art_00485,title_abstract,0b79d45061b82111f3e5ffc821b27deb64f35cf5b7cf231e6636cab362c558f0,zembed-1,2560
485,art_00486,title_abstract,3d80d38bac63267b9ffe45bbf6778246ddca522ded3b53501330298d3c20992a,zembed-1,2560
486,art_00487,title_abstract,ae0ff45cd52371f5b0b2dc3f4dca72cccda876a554c22d01ee313ebb21b20b7d,zembed-1,2560
487,art_00488,title_abstract,18b2a9d48c7437329eb82015ba4995ff8be8950f1af0879858592636a1e85f37,zembed-1,2560
488,art_00489,title_abstract,a142eb8f3bbb30883cf936110c48d8dc2bda8cc4e134844d2493cd2906af2859,zembed-1,2560
489,art_00490,title_abstract,be831414c69b1e88529ee293d3bf01eca8c41b61f4400c9d6ddb03ce0668b0a6,zembed-1,2560
490,art_00491,title_abstract,f71472131e3e7c514eb81ecb2135a3f3713c90c7c4c7c1412ea80d86468f4dce,zembed-1,2560
491,art_00492,title_abstract,bf89e5fd0f0dece22226b35dea75b51ada2f39fae3fd8378983d14f97f6b51fa,zembed-1,2560
492,art_00493,title_abstract,f707d9763ec8d255149f7fc2052517ea9c5777fe89cf48076b1c81149850c1a5,zembed-1,2560
493,art_00494,title_abstract,7fa0c2e9564ce82f1e79d56f70b7638c5a280c3903ad3bf84ec6d1a5ff52254c,zembed-1,2560
494,art_00495,title_abstract,d955db4851ac949d45369e2725db880d1f4c64783bdcbd3a89cbde98250b4831,zembed-1,2560
495,art_00496,title_abstract,a59e81bc440676eb2097d550f8521b1e2c8c678370e250da40631bee5f6fbc1f,zembed-1,2560
496,art_00497,title_abstract,0705a5afada5921a08d6960dbc4941ff0df04977ae7fd9da25ad0b7548ef47e5,zembed-1,2560
497,art_00498,title_only,eefa464988d4c6f81a53e84865fb75e7fdd67f5f5a59297b264ee77361d1892f,zembed-1,2560
498,art_00499,title_abstract,3a2a0fd2b8d2c01520194a40a6b707559dd0b4eb1011cb4246e2537816aec854,zembed-1,2560
499,art_00500,title_abstract,808d5f292ae17d594302e0680e1e582f3797603ebb7afb2277cc0e541e16db71,zembed-1,2560
500,art_00501,title_abstract,b529ba1491e3c790841f10ca935546669115d133f9ab3a3389078e3e2c75563c,zembed-1,2560
501,art_00502,title_abstract,417b3875c966e723c701b380bcc22d15bc0ad3403b1d8af81077de3ee8bf0a2e,zembed-1,2560
502,art_00503,title_abstract,03902388d66dcd0dafc80e3a17b6cb1d865fcddb959557e1962df3600c5584ab,zembed-1,2560
503,art_00504,title_only,6fc79456fb7ed26b86be12bf5eff670869fc4deb5f3c269e8dcb5769bc1ad233,zembed-1,2560
504,art_00505,title_abstract,2609c2cdc2f886350b8aec75749ec5998d02ec6afcb8c8c03522fa9c483f36cf,zembed-1,2560
505,art_00506,title_abstract,84a93dea4619a45ee35eded4240f7a80094ab6b21ed53c364fba37be5357b50a,zembed-1,2560
506,art_00507,title_abstract,fa57f0ae44d6959d59c4e5feee81a27db816ba5fef47f8540077d30bc205b68f,zembed-1,2560
507,art_00508,title_abstract,278cfd7e6fe5503205c07a715bb2991220407e6082aa288230a6c0fc1cebac4c,zembed-1,2560
508,art_00509,title_abstract,b51941b395aa1f3a83eb7c1eb51acb194c1cbfaae58d05f47cd515cd1487f0a4,zembed-1,2560
509,art_00510,title_abstract,8874a1f80187dcfd73cce7563e46129ff7baf45b45294965f3fc74193f82cdee,zembed-1,2560
510,art_00511,title_abstract,3ada189287a3f962540d88fbf5f71f94a673d81f974a12fe029fcdbc4b514c13,zembed-1,2560
511,art_00512,title_only,7b926409ae4ee64e4766c77c9049ad579840881610c23a48228c2bf23d3d4f0a,zembed-1,2560
512,art_00513,title_abstract,107ee718a85fd3c8d47f0a28b0ef6d12c9a6525a37bf5b8743e66efde5e672a6,zembed-1,2560
513,art_00514,title_abstract,69966aefe51da7481a6d05c27c78116eafe208e9ad0b236f6330ceb175c4cb8a,zembed-1,2560
514,art_00515,title_abstract,f7bc9e05dc5d809755fc6187194e6654100afd67c67d85b75104289a40d8daaa,zembed-1,2560
515,art_00516,title_abstract,1c8df4d2dec770d4e07bc3839283ed7275ed4f3320dc7677cb782fd8c078f54b,zembed-1,2560
516,art_00517,title_abstract,045c4eda91ce1d507de4e0a2920de92389f87c74b8a1158907f62483da0d65ec,zembed-1,2560
517,art_00518,title_only,267748d9e97a196488bf230f0cbb9236658f22d1963bb5c5b742ac4d9757508b,zembed-1,2560
518,art_00519,title_abstract,909e34c9ec9334d087ddb6aa0af6a1099991f1a1917505bd08d3e901050ac15f,zembed-1,2560
519,art_00520,title_abstract,217467192717c0aec7c5474ed627bb9d79e82ec119442e83f1cd815365d10bfe,zembed-1,2560
520,art_00521,title_abstract,b73ec8d4b459e22145adde75d31814160dced2e2834099dbd391de4a63325317,zembed-1,2560
521,art_00522,title_only,26b20bfa696f1eb77d7a03bdc8e8d38b523f59fe853a062a23fda0ef423c3f79,zembed-1,2560
522,art_00523,title_abstract,c7ec2043d8c4982eb085ec41c696bc58b5477c79d07c284bb3a142ad6d9a59e0,zembed-1,2560
523,art_00524,title_abstract,2a2f9988f83d9a740df784b3ede8c11bb7396958371cdbab9224d330807a8e4e,zembed-1,2560
524,art_00525,title_only,1375387926bb89a52886df6bef46a97acf20933c6511061347df2656fdd6bd18,zembed-1,2560
525,art_00526,title_only,f8eead156a86cc2809136582c73a371b9cfb5e1d40cdb6c486e2fdefb215d663,zembed-1,2560
526,art_00527,title_abstract,e05df10031288036f6c282f3b6a15202cd1b99a158b0e75a3db54a4dc1187768,zembed-1,2560
527,art_00528,title_only,11a9471805d54851705f51cd4338dd97261365fb7cde07948ffb609ce9f0f069,zembed-1,2560
528,art_00529,title_only,6e441283b9928ef4eac9798be4e30f9aa5195fa31bc63b5c7f27ad9dd974d7ac,zembed-1,2560
529,art_00530,title_abstract,a9214465ea9e2b19844c773b498b8d11bb2dc9b6bb197ecb6445b8eed9044154,zembed-1,2560
530,art_00531,title_abstract,c0ac05c268c464340a18b6850de6ee3157cf6070e7dba38b0263ba30058ca018,zembed-1,2560
531,art_00532,title_abstract,b37a0dd99ae4db1ec349ed39b169d0bf459f734af3c746fd9d3c166ab28d9d25,zembed-1,2560
532,art_00533,title_abstract,6c5b36f36a02d504f3e0876ce6805727a8f3db34656ee55bca219e6e18a3650f,zembed-1,2560
533,art_00534,title_abstract,9834bfa54722d9ce4152dd672897f3e1dfc1130cb3dc8e4960274d54380b064b,zembed-1,2560
534,art_00535,title_abstract,0900e6b8bc4368066963156d32ca652606c2b84a65f0d74ac9ba6a99bd598678,zembed-1,2560
535,art_00536,title_abstract,a3411948b7edec8abd8f9e1c527cbf55b51795010b97acc75ed55f998c1a6a72,zembed-1,2560
536,art_00537,title_abstract,eadfec47c67a5d2d4c86f5647e2be804cdfe85022c53de32accfbae06dc21f9f,zembed-1,2560
537,art_00538,title_abstract,e3ebedb8fbd1451ab93cbe4a23e5dcc56bf786f1fd69a19cb2122a16dd8420e4,zembed-1,2560
538,art_00539,title_abstract,f6e7b1376f8cbfff23e9c0e7e2f5594c4a44f45b5290bc06a55af2322f155868,zembed-1,2560
539,art_00540,title_only,ae71076d125a77d2d749b1ad806154e222d2d0cc6557edc41dbc015fa8f28492,zembed-1,2560
540,art_00541,title_only,4973804d22978c6168a93793479f39197186d90e21854dced8607810ae19b405,zembed-1,2560
541,art_00542,title_abstract,4232dbb2ee2faa8d15e4cb87072cba5eb23b8c0cfbea860a114155ef8e7a1e2e,zembed-1,2560
542,art_00543,title_abstract,1652a165b4ef271aa4b92d8670131a347aeea485312ea82720d16c26e54c7022,zembed-1,2560
543,art_00544,title_only,a86be3fe1a4409f1df2d07b844f19a3866a50e68d7fbe503b427ba60299aabed,zembed-1,2560
544,art_00545,title_only,2dc40e4a766a8fe548c69562070b2cf618a7f245019182e5cf3a18cbc624331b,zembed-1,2560
545,art_00546,title_only,e3e0c1cc247888c9474207a7755f3639f59f4a7db77a6e0d9ee0f834aa2e17a4,zembed-1,2560
546,art_00547,title_abstract,e34f0af080cfb3befe7fbb9fffc095649f2356eeaec13b3c58fafeefac65eaac,zembed-1,2560
547,art_00548,title_only,6a58671b253b330b4bf8502c9dd1f4a0c3a342adcf11821ee9b4957167207cf8,zembed-1,2560
548,art_00549,title_only,62be9876bba17ebaf9a8f824101224393c80df82b2f6b398f70c68a03b465792,zembed-1,2560
549,art_00550,title_only,8c6333ac8a67a0d0d8a679ff41297b3dda43c400a4ea2a6d88e29ce0131103e5,zembed-1,2560
550,art_00551,title_abstract,f2fa517747123636127dcf587ff8bac011c05f2fd74d37fc23be8417989ff21b,zembed-1,2560
551,art_00552,title_abstract,7921bd7482d29ab233fb80d20a44f1ff919271f81398d7bd7b6cce8211b0f5b3,zembed-1,2560
552,art_00553,title_abstract,47672c47604702f50de3c30970887cb69acb1d81bc75b5b0249021add214e485,zembed-1,2560
553,art_00554,title_abstract,37e83e7e65357fd3766acecdef7c697671e9f661f2631d91ba3c202ca35868f2,zembed-1,2560
554,art_00555,title_abstract,806717e7966cfc371e9e87f06457a10eb73ac3a93016da35f66e510a1ac8f8aa,zembed-1,2560
555,art_00556,title_only,99344113a6fd878354fba84dba1008c6e05b40ae9eb8de70b7114e34f373b5e4,zembed-1,2560
556,art_00557,title_only,22722f44431599976adf5b16501ddf1191b2aa8c6205fe400c629ba6abf05f7e,zembed-1,2560
557,art_00558,title_abstract,d87576b0de3691a73b2ecf0585fb2079fe710eff37b1ae348cb0107d43e06264,zembed-1,2560
558,art_00559,title_abstract,27aff67f5f15d5fe50ea021603bec4d8483214a41a0b04b24dc4b9d27a6fe824,zembed-1,2560
559,art_00560,title_abstract,cbc71306d77a8a952551558413e0e8e1a6af0765ad8efda9de30c1257ea98e47,zembed-1,2560
560,art_00561,title_abstract,ec79b8d70a88b1d0ade185e03ceb4c95337c35ad22ac3ffd931b840ea2fc3df0,zembed-1,2560
561,art_00562,title_only,8700084259a912324d1d3b7a36554eba0df4b026fe236d5d9249bafe29194d1f,zembed-1,2560
562,art_00563,title_abstract,061b6152a1cda96811a6ef03d4f31da8328cded96ee497d669eab057d1d66605,zembed-1,2560
563,art_00564,title_abstract,3da53cd1f3af72be4042bf39c41009a5b9691009b3c273050b14936c2025f5e6,zembed-1,2560
564,art_00565,title_abstract,abb209dbbdb4558dd68d3c68699c0ec15865e6ffff3ccd20654474a6b7343dfb,zembed-1,2560
565,art_00566,title_abstract,b5a9fea2de894f781c8605937af2d4e162eafbdad150c1d08561480ac3080e3b,zembed-1,2560
566,art_00567,title_abstract,e79b6d8eb8339b96567995dfb58c15f65aad6f0bea820cf38d75f3c11a4fc503,zembed-1,2560
567,art_00568,title_abstract,61263c09e66476a2cf6428e5e5c102a131a6e7e4514c3ae831496f9f42d5eaa3,zembed-1,2560
568,art_00569,title_only,1a28ee59caa017d31cc33ac47becfd59f5ca67a214755fcbaba2e8f0f552604c,zembed-1,2560
569,art_00570,title_only,64b7ae337a6dc76a37e91f995bc0632970cb310b386d80de36d11237382d3da3,zembed-1,2560
570,art_00571,title_only,2d591beaff7ce064d825b27565960a2714d3aecb08b043fb50a358108695f5af,zembed-1,2560
571,art_00572,title_abstract,63a593c83af5603b94ffe4e5613bb0e0b93176a652b28311b4790a0e7f1e3eb0,zembed-1,2560
572,art_00573,title_abstract,cf0ded403043e573d43a90e2871374a4aac018e307e05846def15d5d240fb84a,zembed-1,2560
573,art_00574,title_abstract,9be3f176bc0f5cfed708b71893a8440c9e1b861cfcaedbc5e810c04cb32735e8,zembed-1,2560
574,art_00575,title_only,d90c444e464e039de426a5e3a3dd95aeb2597bc9cacc93a8b833c0e3205aac16,zembed-1,2560
575,art_00576,title_abstract,a9c265718d85327e36e0eb269cbc2e6ec095b6989aed24c8c3f6c98e0171178a,zembed-1,2560
576,art_00577,title_only,b04ac36715d56aa994108a2094187965b22a41360a9d0c8f55103244729f5f11,zembed-1,2560
577,art_00578,title_abstract,360a55a607d1d30d4e743ee3e7923215fc1a0634d9de717d0dc3d4e7981b81ad,zembed-1,2560
578,art_00579,title_abstract,81e4b1954d59a3feb501e7a1dab32123485b17be4389f8c3702d45f1e06c23ee,zembed-1,2560
579,art_00580,title_abstract,3bbd7e209b1f388d7a63a3971d5f1c47787007d8d332df6085846ad2f9f946e5,zembed-1,2560
580,art_00581,title_only,639606532451898c970195980f8e465f41d89480d18938adfef9792b4a437b24,zembed-1,2560
581,art_00582,title_only,eb811d4f90bd98dcf21371bd6ba946f75855a147eb57e4add8873157872019c4,zembed-1,2560
582,art_00583,title_only,b0e3f09d8bd596b9f2c0397b2c284abfb838e2482480b980b9f8817690da23d5,zembed-1,2560
583,art_00584,title_abstract,3774cc351f94ad7011496f5f539f0eee731ebf186b72cb13a77530ce99707ede,zembed-1,2560
584,art_00585,title_abstract,ded05f9c7b7cb2f2136e51bd6f82fce433f4d1b31eecf91fd3cdab292218124e,zembed-1,2560
585,art_00586,title_abstract,9d7032fb7e35dbeb7794942089ab7116fea733cd83b0c1d13776e1c98da4c3c5,zembed-1,2560
586,art_00587,title_abstract,c2aea3a223573a56a7a79d9ebff60f398e12045f5cc786b6e050064506949266,zembed-1,2560
587,art_00588,title_only,045d9384d4de44a59e5be4efb95799e106f11406a193c9843d1f26c9291e58ac,zembed-1,2560
588,art_00589,title_abstract,f5349cf28397bd22f16fbbf08bad5de7471e39077565c69154aa7f9dd2e188a0,zembed-1,2560
589,art_00590,title_abstract,bea03400b4aeef7ef502cabcbcaafeb7260bf7f1eafd3c969232820caa435e26,zembed-1,2560
590,art_00591,title_abstract,2bc8d0199cae7a71ae7e40f177a63d0c823284df164d2f83f6badedf9b7ccd26,zembed-1,2560
591,art_00592,title_abstract,d060e09ec5555952850890799dcedaebbfeffdb11edf980642d6171f94c387ab,zembed-1,2560
592,art_00593,title_only,540ef7e6d0e2f51a7641590b6f2dacd2490b24517239ce0c044ac5ef493dbe22,zembed-1,2560
593,art_00594,title_abstract,5071679ff27c6bea38eb6da60e4fe98a5c88f1f172575b84f37f1ed90cb02bfa,zembed-1,2560
594,art_00595,title_abstract,1f835a1017ad8a20ca4200214a5a38f07a9d2ded906b6ee65ed6267049dd3de8,zembed-1,2560
595,art_00596,title_abstract,c3e9547383249b5a6b5e6381a62be9d6d05ee51802a971c4d31a4d57246f83c7,zembed-1,2560
596,art_00597,title_abstract,8029ab14d58ef9225b9fcd9640fd69131d2d00cd115cfd785067c1ae007c276b,zembed-1,2560
597,art_00598,title_abstract,9ca5115f9601bfc5ae4c01631762985b04bee368c968af0c48b4270acadbc98d,zembed-1,2560
598,art_00599,title_abstract,0ce4f73a5d72aea64218153d4cb449e2aae9aa93d5fb716b5084e7a87df51198,zembed-1,2560
599,art_00600,title_abstract,e3ad14c434e5b41f92557d7078abccb40cffaafb63c4b24abef746a2c7e70fba,zembed-1,2560
600,art_00601,title_only,ed637c3039c3d32846baab94e21f5da48ff4da4c84132e64ecc26bd0a9ac7382,zembed-1,2560
601,art_00602,title_abstract,0e7d11be0064a678a8d3131b0d4e2fbe98763dc1fc0ca436816146f758fbcefd,zembed-1,2560
602,art_00603,title_abstract,1be78e4d2b08089d882794672b91a7b9a0a37680865942bf08ffcef64f9dde77,zembed-1,2560
603,art_00604,title_abstract,dd9113002fec523b57ad84064c72ecdf779cc45f4fa0592e49a4b6b46aef64e8,zembed-1,2560
604,art_00605,title_only,dfb54afc287f05f5b5d2c85bc88495913829277a2dbafb0100f6e2b2b2b4117e,zembed-1,2560
605,art_00606,title_abstract,c97594dd91555e0e6cef97959dc5f6a96ecafdc1ca2b1cd2f9e7bcf805ebd58c,zembed-1,2560
606,art_00607,title_only,35708f164e5caad94a0f731a1d744ce34992344fe9dd37dadd99b9ad2250b512,zembed-1,2560
607,art_00608,title_only,1f44b7386234819efdb74396bb55586adb7bbd2c3f1cc59a73fa4cf177787b54,zembed-1,2560
608,art_00609,title_abstract,a8c548af2cce01c58b59724c01bfe11b288d3a180396c152571d91fcc6a89a6e,zembed-1,2560
609,art_00610,title_only,2436760e7e6ae8a28c14e878ddc69daa23d4db05b8af929b67ae5685b42691ea,zembed-1,2560
610,art_00611,title_abstract,be06177ff29880493d80dc42f83c01fd8c2aba44fe993085cef32f064737561e,zembed-1,2560
611,art_00612,title_only,b93d07fa9186f257a428e87f11c3506fc375c4ecd4509f8d187b575e3b1a22ac,zembed-1,2560
612,art_00613,title_abstract,529c8867dc5320f7200e27c9c5db3776e545c28aa7ce1c4ab1ab04bfa697fbb6,zembed-1,2560
613,art_00614,title_abstract,33736d558707ebfe129c0504a73d9241b190cd479accf7aedafe0b4971180ceb,zembed-1,2560
614,art_00615,title_abstract,a042db9bfd76cd8ccb81a4b457657c6d613973925d41a1b61d546347b8376edd,zembed-1,2560
615,art_00616,title_abstract,9bea2c638900ea71467b1bdb88d9c7c8fc9be3985883e1223847da2ee539f478,zembed-1,2560
616,art_00617,title_abstract,42395faef708ffbfd18236fe6a74ad5b7e4d9e97bc9e95186b90975daaffcfab,zembed-1,2560
617,art_00618,title_abstract,3957d19b96b178972bf12e62c6dad2ab9dad04727958803230ff59f50ce52d99,zembed-1,2560
618,art_00619,title_abstract,6a81d8d339b5c70e47c795e36c4f63e059e94fe95fba78ed7b4c72801f6ce129,zembed-1,2560
619,art_00620,title_abstract,bab5ca08f38b89e6c45a4c704e974a86848401cf9e196e5c51683b924389ef44,zembed-1,2560
620,art_00621,title_only,e6ed953af5cc267314fd9025f73675b6621c2bef675dd85d782d328013ab6af5,zembed-1,2560
621,art_00622,title_abstract,b39ff96426a078266c90ba223ad5e587e2a7f15af4e4bcb0f8bd20bdb5d0c939,zembed-1,2560
622,art_00623,title_abstract,8fe091c25cc0e5c63fe0dc9ba83e5ab48e2b2fa0e29cb06b60245c3900808e57,zembed-1,2560
623,art_00624,title_only,e390a6bcb3c51e5961929c28d485786df74d3df4786d5bb62e671b0919c61cd3,zembed-1,2560
624,art_00625,title_only,be5d477d661b9ec8898194a531989cbc301e0273f4b723d6121f85870f39c1f6,zembed-1,2560
625,art_00626,title_only,7c85692e9e738068ec1511773b1d81f0b4593f3a87e50459023a979070a61525,zembed-1,2560
626,art_00627,title_only,00641b85615bedbd1f444e0cf7b6843c1bde812dce68b44d98cf88da4a772151,zembed-1,2560
627,art_00628,title_abstract,fc257d963fdf169f7659412f5c586ca0c30cdf7c16ea5d5dc24d4f8dcc2783da,zembed-1,2560
628,art_00629,title_only,3f326c858eb98815340223bdf49ff1a9ba8190dfc3a15881bf2aed7b46525c9b,zembed-1,2560
629,art_00630,title_only,a71aaf480ac24ea98cb171028733148ddd6ffc072d702ecd52fb67e5b45cfb42,zembed-1,2560
630,art_00631,title_only,6eb86320260f624d401e8080f7162f09f3731272a56e7824275d4c08e8bd4b3e,zembed-1,2560
631,art_00632,title_abstract,ac54eab34eb5fc10680e55956a2e54d0ac22ce0143097b623169de9a82ad6cf5,zembed-1,2560
632,art_00633,title_abstract,c163981da04148675900c08a6e32124b26ad4fc627682d55df19f630c9cecc7f,zembed-1,2560
633,art_00634,title_abstract,283451a619050113cbbcfcfeaf57725b3971a7945404c7adaa69651b54c572ed,zembed-1,2560
634,art_00635,title_abstract,6ae9b4c7f58c93094d647a322720337c27a8eac187bea7994e51da9e87522843,zembed-1,2560
635,art_00636,title_abstract,0482808749dbb9d43d22ca7de916ff80037a67eb5a904e43c16132e7c3465ccd,zembed-1,2560
636,art_00637,title_abstract,e567f61e39a28a21f9d9652ac1246dc4dc2d7780bcaad783a0e46cb0ce283ac7,zembed-1,2560
637,art_00638,title_abstract,0aa11e441330ddb9712621687b829594152f4526c5f8dfcd9bdec3e08f3360f3,zembed-1,2560
638,art_00639,title_abstract,2d5da3babfaf0839e91739b60c6f96adb4e806b97f2edea7c43b011a6bbe54f5,zembed-1,2560
639,art_00640,title_abstract,fcc4dc8658cc187aa8de9a4b5c9681832e99d519ee3d5195e90faeb90c1ca6bb,zembed-1,2560
640,art_00641,title_only,80523ff43e206a7ff75cbe5dcf2543a24a410e065decafe8dc2af16774898a63,zembed-1,2560
641,art_00642,title_abstract,b9b28b93d2ce867fd5ddde40a0debd205beefd7ae73018552ff8b88b4ad8fbe1,zembed-1,2560
642,art_00643,title_abstract,0ea3f68131a2ced0e5251ccd372e70b25e4959e72c7c29d30763bafc385ce30f,zembed-1,2560
643,art_00644,title_abstract,c804eec5684f656498a95c14f4983f46df6188b3e07a6f36868cdf8d80ed5452,zembed-1,2560
644,art_00645,title_abstract,31970ea6d15d23c2f285ef1440a533add0f0c33d59d248a0bb637f178ea87d67,zembed-1,2560
645,art_00646,title_only,bcdbad30393b99c8f3438fd94a21ee4d9c8af9674c52eaa87aef20af2e857e68,zembed-1,2560
646,art_00647,title_only,e126645bb4c5185ff98d8779f0efcc4da62e68c68fc22eaf1c2dc549835b792b,zembed-1,2560
647,art_00648,title_abstract,e9e9cd639c1ae301179121a70dc8f023f2194b24836d34fd22c28f1e6602036e,zembed-1,2560
648,art_00649,title_abstract,04162d9a073e74a820b1789b14ebbd8ed8e6f2b6a381c7574f2723280cf363a5,zembed-1,2560
649,art_00650,title_only,edb547b1dd3e16c95b67b014561c13c92df7a8e779808a3f40333e19ec150417,zembed-1,2560
650,art_00651,title_only,54bc62979acc256a136a17148075175592b47b55af6246433b465eb99fc3367f,zembed-1,2560
651,art_00652,title_abstract,1479c6dc66ab7268659cd4f4872dd1924d4f11727c2b9a73a9bf96263fabc570,zembed-1,2560
652,art_00653,title_only,7183e770907ce1033b9c0bba699c89bf99726b810abb278b5d5cab3da129ab45,zembed-1,2560
653,art_00654,title_only,b3e030afe0961dec267bab57f5dbef72bb63fdf110fe14a77516514ad32cae22,zembed-1,2560
654,art_00655,title_abstract,ef74422935e9820de4b2337102301638fa1b0ca3e002493061d9fb5e716f18aa,zembed-1,2560
655,art_00656,title_only,ca89b50b84c7c1f5df3656399afa80ca29056d415a25ed97fe89a29a2b848968,zembed-1,2560
656,art_00657,title_only,4b614146061b637108f7b16ceb5dafc5c6abe6d70e2b17a766c4df1238c8449c,zembed-1,2560
657,art_00658,title_abstract,fdb6ee59e778b538965fb4e40016a2e9e718f1a1b08c2527eaaf5c25b2a1a9e9,zembed-1,2560
658,art_00659,title_abstract,595f422e2381ca799d519d5585cb7bb6bc37462e28f42bf00d7e9dc147c78c8e,zembed-1,2560
659,art_00660,title_only,91440acc829abc859a9fdbc722e299a451c382bec082291cacc515837f3f5802,zembed-1,2560
660,art_00661,title_only,900d2a82394f575ba50033e573db0d33db980b10bbbacbcbdfc916a1fd0dbdbb,zembed-1,2560
661,art_00662,title_only,c76d3172a411e065937b3db86c3fbd48f7db9d3c34ef174923968a9efb75ac98,zembed-1,2560
662,art_00663,title_only,1b2d267d22bc6b80dcc5a5ea815be3d17ec98f90e0375095a568ab0b23ca7cae,zembed-1,2560
663,art_00664,title_abstract,78e20dbe4120ba99954d1ab6e00152de9b132eba8e925e23d03c62cac1429669,zembed-1,2560
664,art_00665,title_only,b5ec92e398378934b88cc93543937ad4f927978c9d66f24666fa3ba3914b48fb,zembed-1,2560
665,art_00666,title_only,6b3ca55030d9bd11738b2731945246fa33f93e1dccb6b11b5d9df52ad677fea4,zembed-1,2560
666,art_00667,title_only,4ce74b84a1b7e7d3e31ec2868a100b7ad30eca405ae0a7652fb48469584252f6,zembed-1,2560
667,art_00668,title_abstract,14885006d781276fc0798145d799f3dcda2c99d31d6a66e2128fa2a0a8e0860b,zembed-1,2560
668,art_00669,title_abstract,8e2a5fb9b8c54d7346be61b2fb85748c676fca78317bbc06b00ca3e6f9b8d1cc,zembed-1,2560
669,art_00670,title_abstract,32d6b0259e5c34be1f1e3666c24e64f7fb8e5c6e6caec5161a3cfb7f528ff293,zembed-1,2560
670,art_00671,title_only,f5d51959e9147edcb79409254baa95052a5101af1caeec4180b7077cf54ecd20,zembed-1,2560
671,art_00672,title_only,afc0f6b1ada83ac5425c6d4dec6e71888045a2aa6a9c6a8c28795cf24a990b11,zembed-1,2560
672,art_00673,title_abstract,4fb21fa456adff10edfb66db8cff7877b9e24b83f56bfb84a4a222db67601aed,zembed-1,2560
673,art_00674,title_abstract,969e587d7fc2e5dd7a1d2f8a66ee5c4bdf789ef5baf7475a4188b1ea59aa1c1a,zembed-1,2560
674,art_00675,title_only,547912cd6fc394ec4e3bef91c6606f37f6c5a3e5453a7559d27cf81b9d7569f3,zembed-1,2560
675,art_00676,title_abstract,2b76b4278d0437eca6a678e37f1345fa76e4124840a1519c1fd8ec245954fa10,zembed-1,2560
676,art_00677,title_abstract,75b56396926c9bdc635272fb244968bca791049ed684c74b475844693c123dca,zembed-1,2560
677,art_00678,title_only,abc12aa9e7487cbdc068d52eafb7e79ee72445952614f241fbe08a7f11a41a96,zembed-1,2560
678,art_00679,title_abstract,6870ee3338f40ff119a2f8dfd86ea21286fc0b84b8f6686b38e2e773bee1214c,zembed-1,2560
679,art_00680,title_abstract,dd4da3a6541072bf332700d8e4aa24d52680f4ad5f135247d818acfd84ea90c8,zembed-1,2560
680,art_00681,title_abstract,183fb0ab92387048ed2fcce620c67c05d732474fc0ab790b705cde7d7e057b72,zembed-1,2560
681,art_00682,title_abstract,e37385bccde2eb46a74379c986f9d72c1f717f61c90c2268d183e4634b050435,zembed-1,2560
682,art_00683,title_abstract,6367cfca4edb1b54af7f9a29a6044e018d0c9a1928b56935ca1161b617081130,zembed-1,2560
683,art_00684,title_abstract,46cec131353b54abb1bf18c6ad17bb29d0003de0aa34b30fd72ab906a3c6dfdc,zembed-1,2560
684,art_00685,title_abstract,8c7bda9b78ea8aecce6379cc49223431c42080313d64074146cf074a341d5730,zembed-1,2560
685,art_00686,title_abstract,108d42e138855f9c9ece4d15e28191252ae31770eb888e622a2aff8530913fdc,zembed-1,2560
686,art_00687,title_abstract,c21a2ccca500a1582f4ca11c2598f4e9f09f96bab5560c7c4ac664b2b8999855,zembed-1,2560
687,art_00688,title_only,0603c6ee93e902cacabab0cb74a1bc5f4dc632a340ccc76b46da24140e0916df,zembed-1,2560
688,art_00689,title_only,afdb8a661f6a068c27839bcb849ead01fa92e5514f16c45cbe56ab638c3402b1,zembed-1,2560
689,art_00690,title_abstract,81fb420eba5257e3bb7aaccd80afded8bc65d8e486fd7016427b8876efec2cab,zembed-1,2560
690,art_00691,title_abstract,a5d379453c0c7e9f72594cfcae89ed94a6c942d1455111a2fc2940c1fb828247,zembed-1,2560
691,art_00692,title_abstract,d18d9af95a30c995f125ffe013c36a58961122b03e084b68cecdc2551e0189a4,zembed-1,2560
692,art_00693,title_abstract,910773be3637350b475dcf2585cd7d3640f7ccbba5010710d2b83aae50e72dc4,zembed-1,2560
693,art_00694,title_abstract,d686ccd8005222927f375960563f882f322c9aed5f3a9461850cdc1b632f3c54,zembed-1,2560
694,art_00695,title_abstract,50480b23b6947270516d8c2cf19c92e5d6893dce94bf8d692f93a22a5aa0ba35,zembed-1,2560
695,art_00696,title_abstract,96914aeddbec0aa19ae65e4b424062e15391066bef4ec575fea117bbbc330283,zembed-1,2560
696,art_00697,title_abstract,a04d2d4090484c665cd74c8ad4e9f93a29e3010532883e915e56193c750f4648,zembed-1,2560
697,art_00698,title_only,4a15d6b25b5deb86ccc13894c8ddad5e20eac59f3d467a05b6ff1804abc11bfb,zembed-1,2560
698,art_00699,title_abstract,8a4d67acb8839f61bf731e8d3c5826e957c739a2b3859c267e89153fce90e6e3,zembed-1,2560
699,art_00700,title_abstract,32340c3ca2997427ec3ddbb96a5a497ccacd1189e48504be186bd7533edd804c,zembed-1,2560
700,art_00701,title_abstract,07082a3a5892fb87a6b8d6d185d1ae0ef6b74e599aeec1cf1dfc02aeed8ab0d3,zembed-1,2560
701,art_00702,title_only,e1d793be41bc7484114ad5dbd3faeb7cc1bf9ae6b3a53a33c5abeec66a11dd40,zembed-1,2560
702,art_00703,title_abstract,5fb543773f9f7aa9a3d455abbf16f25d06ea03c553a9e6114b58672eb400df3e,zembed-1,2560
703,art_00704,title_abstract,93dd06128b47af043bdee1ad0748a75219adcd2bebfd06eac267820f949ccac9,zembed-1,2560
704,art_00705,title_abstract,4395cde8514a8475952de17576a85ff098321ceca2c3e6690820e42177dc7f31,zembed-1,2560
705,art_00706,title_abstract,8231983aa2da58df38160f8190f31f5f9fe4e667bb647232c5cc210e6755bb2b,zembed-1,2560
706,art_00707,title_only,1f9deaae232fd7a278db04f169afa534df0cb8c489f6844b377d4ab31c9ede6a,zembed-1,2560
707,art_00708,title_only,c9f815b78f7bce01a47cbe79b756403b11657c2d9fbfa3c8caa81546ecf21400,zembed-1,2560
708,art_00709,title_only,8a36e33ff9109fc6b000607fd20040f219bed95c7254c1c568aed0661d3d7d7e,zembed-1,2560
709,art_00710,title_abstract,bdf5b3653439cf96b1b482231dbd359eb6988f6d368c751d15b0c77e5a5d90ca,zembed-1,2560
710,art_00711,title_abstract,d03aa7e9f0a21d6eeb41cf83001377d47c06ac719b3012a08068c8e3aa91b714,zembed-1,2560
711,art_00712,title_abstract,f495cf94ad9b7ab5e6ed7215af1b8ccd9b564f332e4933cfa4fc294bcf239eea,zembed-1,2560
712,art_00713,title_abstract,4ed5a597718874e11621fb9128f32819de02c4ca75c96ad73deb81b529622d18,zembed-1,2560
713,art_00714,title_abstract,0d9e6f57b9cc1db3e167da47fcc550a1a40bf7125b5552f4aefdadd3b862ae3b,zembed-1,2560
714,art_00715,title_abstract,6a57734abba2731aeb7eaef89c7b12148e59f4e3c0c2a9f5e9962de12522e5ac,zembed-1,2560
715,art_00716,title_abstract,0b51d05bca3449874c309e635cdf4264fe12c3f4c89abd546be199005e22513f,zembed-1,2560
716,art_00717,title_abstract,819849ad9422d42a2094e2a942b56b865f971f4f26799d0b80b6dd3026a8bb12,zembed-1,2560
717,art_00718,title_abstract,ef9c50682487a2f490ae886b3d3db36cd12b2a0a14560870901488024e543dab,zembed-1,2560
718,art_00719,title_abstract,1024526311882ecad256cdc90a72615e8bb0452666a0bede1bef27905827b3ff,zembed-1,2560
719,art_00720,title_abstract,307e3160dddd0d023ce1990cab279d4ee56f18dfb979e84e6d84cf309c59bdd3,zembed-1,2560
720,art_00721,title_abstract,5109f8d0ea8f92b1d6b8534caa7a9c926474f51248795836f56061463744666b,zembed-1,2560
721,art_00722,title_abstract,57cc3e3f3059178196aa4dcfa68bb8cce6f57e6a4d05d439a5828b5d3cd94c35,zembed-1,2560
722,art_00723,title_abstract,682a40eb3cc2fcdf8696f6447223a5cce7ca62f1c63259ccac2d799e929c49a1,zembed-1,2560
723,art_00724,title_abstract,85a49851ae19892b317038e224d52a8b92f5a6959ed5233e30ed9250e58b8188,zembed-1,2560
724,art_00725,title_only,cd44b7df20914f19505b660a8da2075cbbf54149d11b43c61f9cb91306a77a43,zembed-1,2560
725,art_00726,title_only,78114b6c8ad8159f1240be4d4223c9f61cfc43ea06aaf2058acb5b836643aad3,zembed-1,2560
726,art_00727,title_abstract,4e73b7a0e5f4732881f5a278f44c2f6be9d0a657c13ae2a92ac1b5aa3f48fd80,zembed-1,2560
727,art_00728,title_only,3ca5e94d89407f26a25677f0f873e5322a049d2ab3afd08ce47f39d497497051,zembed-1,2560
728,art_00729,title_abstract,5387d636b6b0bf8916ef7ac9f0a4a61c91142943485558dae483a345fd7b2ea5,zembed-1,2560
729,art_00730,title_abstract,904b290669d75d22e598dbe4a4351920f75a497879a4ea61425e958ba7c8f88c,zembed-1,2560
730,art_00731,title_abstract,e670812349000d698b9b6a553c9ae97c6d7127584a4d413a88c6031d82e5470a,zembed-1,2560
731,art_00732,title_abstract,07b567185882405e9ae2cf04aaec6b327225a82bd1f2c95ee768dd6db8afea74,zembed-1,2560
732,art_00733,title_only,36e4ed7caab8cd3256dd8e5c91a8cfbfd9127e958df7b8f43c734b8a0947d31c,zembed-1,2560
733,art_00734,title_abstract,bb86e76d9fb0122d3727a722e18bb1a50483b69dd109e34e834ea2b20973ed29,zembed-1,2560
734,art_00735,title_abstract,69cc2d49bf28d1ff9f6355d8f446846f82580aefca9cc050505e4a74adf4de53,zembed-1,2560
735,art_00736,title_only,5c62e17a23a1a35a24f4bc295ddba689c839caea0d10f8c1850c4003cafb6b91,zembed-1,2560
736,art_00737,title_abstract,370f2f275c1ce3e031e3816d6644633ecbc981be86d882fe9cb3129bdaea5cd8,zembed-1,2560
737,art_00738,title_abstract,6ebd787ceb5cd09207194015639da5ae2ce8f130e456c6864429a03671853105,zembed-1,2560
738,art_00739,title_abstract,54016b3c5727b98e74d9724299f88cdfbc590028ed8d0605b80c79ea63127189,zembed-1,2560
739,art_00740,title_only,f6df9ef073df02559f2c397b10a00ab5df2dc42412c090f6e53c24af6529a2d3,zembed-1,2560
740,art_00741,title_abstract,7b24a3c5e233680d8f6047af36fc5aa9c4369d5ed2db0c1f18b3ef46b107f9e8,zembed-1,2560
741,art_00742,title_abstract,9d25d9d531a823292cc465061ca4499471ba21015542ff14ee5ddca034a140e9,zembed-1,2560
742,art_00743,title_abstract,e5059ba54e9c090c1b19ea1ada5b632bc29f0bd61259a094268cb802fd2b751f,zembed-1,2560
743,art_00744,title_only,82908cb15669c4b4b1cba89c7821bccc49fc0da1465bf2e4402c6499048095e9,zembed-1,2560
744,art_00745,title_only,57103cff983ab8e91773f4f23ecd2982e7815f7000f766ac790cc4fcd3300189,zembed-1,2560
745,art_00746,title_abstract,295a42afdf920ed91b3d24b03cf9276688027288727b37ce1e09cf081ed3a445,zembed-1,2560
746,art_00747,title_abstract,3ef79b72777fb92a0b36017b9f7b71d47bd8627071561d16b7644f20bb377a22,zembed-1,2560
747,art_00748,title_abstract,ff7583a2286a84e0f774c3a43829a44e9bd12a92f1a825e8974a837652e0ca07,zembed-1,2560
748,art_00749,title_only,9cfa11719349179d10aa8e49ff5919c7029e547c8b3228c7480965322212d811,zembed-1,2560
749,art_00750,title_abstract,2b68db725928b5a820ad40a58364dee16fdf7f586830055a662b6b2d5a834e2f,zembed-1,2560
750,art_00751,title_abstract,c32b945bd88f943e9e1b4ac92a855b0d41fd5facdcda7ec8978f873fefe73536,zembed-1,2560
751,art_00752,title_abstract,a2910314f5fde4b0d77f6ae11054d855209263a81bb17f68b91e88ea2e7c76ea,zembed-1,2560
752,art_00753,title_abstract,9db44847f806fdeee653263ad174018f9bf6f878f45e18f18d0418fc674eeac7,zembed-1,2560
753,art_00754,title_abstract,2e9a583697f43fa17795065503553f732e39ff7d385838bd2b0c7fecbd798585,zembed-1,2560
754,art_00755,title_abstract,c31a09d1cc1296a84d7675f344bb9bea865b35312f29ad359b8eff397fa4bfdf,zembed-1,2560
755,art_00756,title_abstract,7f42ae2b98be5daa37942a8f9ecedf1ac28bc24b5c0e35e3e168ae3730118c3f,zembed-1,2560
756,art_00757,title_abstract,73414b7240be589db484d683e53327464fb8ef1d2be9b00a4e5a61f892471107,zembed-1,2560
757,art_00758,title_abstract,5129573f2958f873132efb0bc1b4e315d54d794a281443eefdd57fd0e4fe0676,zembed-1,2560
758,art_00759,title_abstract,26536fd5c217817c23e4d60e3c0c67149859f701594678806a0ae2e0e66270d2,zembed-1,2560
759,art_00760,title_abstract,8f0f6d28c99990665a9e9eb787bf5a2df5da8969cb05689ce4d67363ee0b7614,zembed-1,2560
760,art_00761,title_abstract,679150d47eedde70d288c94253ce0d242b64bbe062c47396d647000155fe5c06,zembed-1,2560
761,art_00762,title_only,974774284a65b1c04f3e504eb60c91c9b35b0c11c8587f856c880b9805b13c1a,zembed-1,2560
762,art_00763,title_abstract,7b361788a48950b1b79cc8cb4a51b7d51b6413a58f4ad9b50cddabe42e14e912,zembed-1,2560
763,art_00764,title_abstract,300cd3031dce192e7bdef75124424a4c8c5675ecda5e9877d821c25fca356b37,zembed-1,2560
764,art_00765,title_only,cd594e29daa2d0e638175ca9b34ae2a96a1e146e844f682301a5c369d53176f8,zembed-1,2560
765,art_00766,title_abstract,973b5ca614aca6feb14f8f4f68f65b67ec3743c34dff08b9688654eed44727a2,zembed-1,2560
766,art_00767,title_abstract,c946f14a5696ec7dfb11297b4a3fae24a6b75f36b9ba939e7a95ddf2c74f3764,zembed-1,2560
767,art_00768,title_only,3d754183060f9a06056e733744d245f81f9a7a1a128663298f5b2c8ba9176ce6,zembed-1,2560
768,art_00769,title_only,f1e613f46ef3e6f202b109256b75d6af5a4285b8a47714c38b46c2976c0037aa,zembed-1,2560
769,art_00770,title_abstract,c8a9f457e8d3992b3fbf6b91af15fa58294cea19396e34e1433ff2da8392386e,zembed-1,2560
770,art_00771,title_abstract,9b7829c32b28140f867365d29ed3dbb787cb2adeee964346f43ebce0350c83b5,zembed-1,2560
771,art_00772,title_abstract,20e35746f7c6506266ace2df80470d324a7815f45dfd6d62483898faa03152b1,zembed-1,2560
772,art_00773,title_abstract,60814215d194263b03b365a4d634d84cb28976d864f70426f4a4b9986f2eb0df,zembed-1,2560
773,art_00774,title_abstract,a9628340b73daac3c4a17066ed01f8a3134bc32bde5dddde958c998f875c7ca3,zembed-1,2560
774,art_00775,title_abstract,8ecf27ab12b0de0a6a2b3992e9f1b1bd8e7f15fec12b1369604613f52cade21d,zembed-1,2560
775,art_00776,title_abstract,bfa64ebd47ea8ada0a9c2ccd2cc760dc5944ff155d7a9550203c0dd8a5ff6306,zembed-1,2560
776,art_00777,title_abstract,9948e6cd0e58aaab2bd871f1dec98b9fb91dbee6e9116be645639325e49deb59,zembed-1,2560
777,art_00778,title_abstract,d9d3f7d15009139f295aa87ee9141d08bcb23de59b2b5f4255ff8618020f8807,zembed-1,2560
778,art_00779,title_abstract,348218378c54578828f1f90e6a48c144ed88d7904811f97fc1518b8cb7b889f1,zembed-1,2560
779,art_00780,title_abstract,cd778b89c5451c021f9c169bc7ffd38b10a6fb2504778efd13d4acb45f75731a,zembed-1,2560
780,art_00781,title_abstract,fdf213157cf42a60b3089d838417e2e9809f00faf41db0c3616a9ff8f27d3a60,zembed-1,2560
781,art_00782,title_abstract,99e291f8876f69fa7795d8d752d68b2f8c351c9d1d71930508ee68535a2cac40,zembed-1,2560
782,art_00783,title_abstract,39d05a56e75f5e7c75600d07cfb629926f1c49ff8c5c967a697ae2d31221617b,zembed-1,2560
783,art_00784,title_abstract,387a521a4f2974629a2b128e4500d240243d341580da9325ccb8cc8021f2e28d,zembed-1,2560
784,art_00785,title_only,58adce408de2e8708ffe4ab549ff639a19d2ea11da8ff1181e2a19e5c005d829,zembed-1,2560
785,art_00786,title_only,bce8c92b6d3bed0d3cb8ef0fc12553fc5884a34fc7efa11ea7ab2b0569ee0924,zembed-1,2560
786,art_00787,title_abstract,efde011529c7404bebbaed8c2036008761c5252cc4a94475382c096fcc7d21be,zembed-1,2560
787,art_00788,title_abstract,10062b383efeff1a0a8e6f728c3737579cd7eb88a668bdc194c3ac25484bcc6f,zembed-1,2560
788,art_00789,title_abstract,2ff6dc31805c117238533d49145fa61dcc530dae267c4ec1d97d146695ef22b8,zembed-1,2560
789,art_00790,title_abstract,7ca5c6463ba7af5345dc4493eb55de48e395ccaea89b53dd62289b09c6d710fc,zembed-1,2560
790,art_00791,title_only,16f7924266d566aebebc944110353d0f0913516a76d1b7c023ffcbf1b22b281f,zembed-1,2560
791,art_00792,title_abstract,c6ca62ef48d5301e04c032bacc352d2f2296bd75bf2f0c73b31b58d27bab15a2,zembed-1,2560
792,art_00793,title_abstract,91c07af6d5cce55f7410c352811c515a8692dbf478ec431e5c3e48883493ce36,zembed-1,2560
793,art_00794,title_abstract,2a9f41dec3708e89659d0ed23b91c766ef6283286abf8057a9724588cac8d16f,zembed-1,2560
794,art_00795,title_only,ab4d0ea16ea8c9ab8f343fd0edddd3bc78b44bb488df58b9d6846a62c30c56d8,zembed-1,2560
795,art_00796,title_only,468af2bdf7c08b6308344e44d01209a1f837422e9e756219545c9db2061ac7c7,zembed-1,2560
796,art_00797,title_only,057043f4a5bfd0578e2cc9b4545a0f5def62c4f9521763ae35eab5dba06aa4f6,zembed-1,2560
797,art_00798,title_only,ca26bb54d219179c03be48a03bcf4ddf65fb2e14123f59cc99c22a7fe66aa4a2,zembed-1,2560
798,art_00799,title_only,23cd928329a883a38bd4a4f07558ec95475f46db7317a7447bfc064fe1564d8b,zembed-1,2560
799,art_00800,title_abstract,21811579ad47834772589a76540859b12427d82d0f8bd8fc2411d1f59c859da9,zembed-1,2560
800,art_00801,title_only,c9847491f859ce6760c08ed35baa4770f5d276f4fa53b8998a4b41543ffc2602,zembed-1,2560
801,art_00802,title_only,0bddbc2ae1cf69adb66a43b90a53d9db4d57a603ed78f08397f3a564755d205d,zembed-1,2560
802,art_00803,title_abstract,4b2d196cadb2b18ea5a75ab78f456d5d42847faecec0b0ac7b94bfd8ffd13219,zembed-1,2560
803,art_00804,title_abstract,0f6f3f4c4e4c0f0aafa3e323535380052dc4de7874ae84920d850161f9d726b0,zembed-1,2560
804,art_00805,title_only,be0a19a95602e29b6ef96d98f1772bf7f3ae025e7776624782300283c4e27d00,zembed-1,2560
805,art_00806,title_abstract,9881a32bcff631bacf2a944a0bc3b1575388bf5a8fcb044c8d5f253640db892c,zembed-1,2560
806,art_00807,title_abstract,e90f08b8b484b72af91f61c11c2a220079493a7e5e4d5b3b347627d65355558b,zembed-1,2560
807,art_00808,title_abstract,9a3aaa61decc93163fe3d48e089ffa005a8d20b33d5e5282c9683c5b0dfecdb3,zembed-1,2560
808,art_00809,title_abstract,d6e554eeaa87582b23f43da7ba3c54f29f7c3a965bbf11ea79005f6f000db224,zembed-1,2560
809,art_00810,title_abstract,46b1ab9cb7481cdc93d8575989ad835fc74337c25c02b6ea4aaaf7be1dcfbc9c,zembed-1,2560
810,art_00811,title_only,2c1b4eded4f13f5a92cd98f24630f57ce88b06a1e3980deb4751b7ff84eeb11b,zembed-1,2560
811,art_00812,title_abstract,b51637c2b4338a710811f20d27d31e5548635297bd91d3c922a3796e3a4f10a6,zembed-1,2560
812,art_00813,title_abstract,507c06a6f61d87c9cccb33729825cd3393990d54f197cc01ff2b5cc2cb51bfa5,zembed-1,2560
813,art_00814,title_abstract,c0e1090e188751d1483b93fc5cecddedf12b3751f9c3ac0919b3697a5031c588,zembed-1,2560
814,art_00815,title_only,b317fef2e51206fcf28e7549efa82f54e9bf356c7bf6e434dfd11e72e1f98a45,zembed-1,2560
815,art_00816,title_only,f0147308a14235e2d12a2a2e1dbce974f84a2e78fb31b65bbb4dde6cb86ea092,zembed-1,2560
816,art_00817,title_abstract,279ac3941a399d7b9c9b0b50c4c5b7188538222990fdd7102f0335fe90ddcf0f,zembed-1,2560
817,art_00818,title_only,c28f55218279ee03801c28b73385a3623d857a6fdee37d3849b0f7468faae9f9,zembed-1,2560
818,art_00819,title_only,c612d3b3b612c15feea983f0b381374aece9ddfc9cf59130c9c03f4d2386085e,zembed-1,2560
819,art_00820,title_only,29d46c2c65a59db1ba4c04c9534dec0631bda6eaaeb1ea5badcfa8ccc7dca71f,zembed-1,2560
820,art_00821,title_abstract,9d2c567578fee828e32dab2715e9274a72d1ae956ba827e5ab281ed1e02a908a,zembed-1,2560
821,art_00822,title_abstract,423b3e4e487321be4b7f002af5f66753ee4b75de03f066479132f1583f6a87b4,zembed-1,2560
822,art_00823,title_abstract,c5f5eb4ab5347f5a95fa21348f24244c5c37822018e5c617f1dc76c3e52932bf,zembed-1,2560
823,art_00824,title_abstract,b49f0cf279f8b39e0786c6a6fb13e1c3b5be2f9cd78bc935fbc25c0979ccfa39,zembed-1,2560
824,art_00825,title_only,4d1016623360a0441f632ff9ac467c504e3c10b77b994fafe5c2347b36ed25a7,zembed-1,2560
825,art_00826,title_abstract,1b74406328d59d9eddb1da2304d05402169d54ff10102e62dcfe098dd94372f7,zembed-1,2560
826,art_00827,title_only,38ade937f9f8d966eb1a653f773570dee7a53164b07e30fd84f697e5e31c8209,zembed-1,2560
827,art_00828,title_abstract,e93c416fdf0566a650bb708d441da9307137f4be478fb79015ae363923d3d2de,zembed-1,2560
828,art_00829,title_abstract,66b06212ab5282e84037ee91124df2a55c912ec9cc3c0dfd8e06c1a7a368bff2,zembed-1,2560
829,art_00830,title_only,5349362e2f731cdacd2f53686d3eafad0ae471b62201cf3ce12ee74b211ea139,zembed-1,2560
830,art_00831,title_abstract,d56e2392707fad4d8ae10f0fd0f67e0a6a2153cd6231d8992849160e6451c53f,zembed-1,2560
831,art_00832,title_only,04ff25bc04ca5c3774037cf3939504f0495c3a0be6269485f4b86c194cdd5ddf,zembed-1,2560
832,art_00833,title_abstract,0d8c47687b4cb6598855421bb933258ac5e76d9e3f68d86fe5a3b45cf033c232,zembed-1,2560
833,art_00834,title_abstract,3414f72f716a9a9c09bfd4fef0bf84e33f900f94a3480df93b6131fcacb6744e,zembed-1,2560
834,art_00835,title_only,b771236e8d5c43534cfa6101364c8201a6205c3f2f34c9c6a5799724390641ed,zembed-1,2560
835,art_00836,title_only,6313a1ac1637a1513d316791d0b4b2ce01cf44d30cf8eb3d4a60c7a154e68626,zembed-1,2560
836,art_00837,title_abstract,5080d1a6ea2f78dc0d6069410c54632faa2215db7ad815f21e202e4b61b87466,zembed-1,2560
837,art_00838,title_abstract,b182a317b30df1535f025553a94d8b41e5edd163b485dfc67bf679c4163bb070,zembed-1,2560
838,art_00839,title_abstract,a8058c9d02d722cadf48afb0df159a9c13f81aee8cbf5dc423933b99c7b99f04,zembed-1,2560
839,art_00840,title_abstract,b1ac4ec66508eee2055c9d1983515fd8b4c74134a0064dd9d5d519c0cbca1dee,zembed-1,2560
840,art_00841,title_abstract,32ed7a6198c9d3cbb30994b8919cf7448b85e1c7bb3f613ce659c51f6fe18c59,zembed-1,2560
841,art_00842,title_only,b8a310aadc95a18fa6a43073bc9534ccde00c74de8f70a918eaad6084ad367e5,zembed-1,2560
842,art_00843,title_only,326a8f7551b14b449855fc84f04f307f8f779170bc6a384fda97a67e16e52e3e,zembed-1,2560
843,art_00844,title_only,c062c748858d619996e9c1dd1ef19bec39d8081a485786499d51546f1e57b6cf,zembed-1,2560
844,art_00845,title_only,a8da43df096b70e0eb2d874e38ba8c8fe535051abf6fec5523ef8eea9d0f0030,zembed-1,2560
845,art_00846,title_abstract,bbce64967c0a2620e9ff8922390045f5dc517976f918982f76c49bd8614b3109,zembed-1,2560
846,art_00847,title_abstract,a7b2d5e25121956fac9800015a036558a70de2dedb0298395c1d745aa4aef75b,zembed-1,2560
847,art_00848,title_abstract,2e3ab879db2253c7bd4808cbbeec11622ea962a36745d95d859363bcd6076fb8,zembed-1,2560
848,art_00849,title_abstract,b8e6eaca1999a0e2ab3fb21028f3c9eb4fcaca549a52632768f07e6e2c170ba1,zembed-1,2560
849,art_00850,title_abstract,30836bb6e749955fafd30a1bb880dc714180d2639bb76d42197e3a9cddd9cf5b,zembed-1,2560
850,art_00851,title_only,48efa762b903cfdf25e92cdbd0de2c9e6343ad15ae824e7fcbbe7b279fee5b5f,zembed-1,2560
851,art_00852,title_abstract,f74dc2dfb1fbb3bd3c387d807079d322a210fd451a673b2dca4b70fcd5aef322,zembed-1,2560
852,art_00853,title_abstract,7c2a3468283e686f36cea2fe4351b7bfa107f984104e6db5a841c99b47bd77b3,zembed-1,2560
853,art_00854,title_only,12df240dd79dbe9c61a1a769d1affcf403319aeac05cf7b483c19c6e5b7e8719,zembed-1,2560
854,art_00855,title_abstract,2611f3670cec33fc37c51c2a9c67f4bffe5332140edc46d10665a8f29e47aa8d,zembed-1,2560
855,art_00856,title_only,c674afabcd92e78ed6f93c3ad828b3f118262f87ec2aa9ae59d8662d92303cf3,zembed-1,2560
856,art_00857,title_only,741db098ad7d8c078e616b93cd2d7ea9b7f37b1bf2bc9c40d6e16ef4e565ffc6,zembed-1,2560
857,art_00858,title_abstract,e2a7b707b9addb329f9f4da6a92a72984d1ecb8554dd6647a2699f50f464055d,zembed-1,2560
858,art_00859,title_only,90b3a2fb575fa2a117e68c8fef7d0232e9586824e65c653509a0b9cc985ba274,zembed-1,2560
859,art_00860,title_only,e7ec92de797119eb3a7f28b83ab06bdf92b940ddfbec2394987a2ea3ec8e89cb,zembed-1,2560
860,art_00861,title_abstract,872252f7587f2a45b5a439a484d9e023ca3b1fcd4052badaae0ee27d8337f594,zembed-1,2560
861,art_00862,title_abstract,879400e8305f13b4023a64dc4dc4c677a975ada43b709119a297a570c28da312,zembed-1,2560
862,art_00863,title_abstract,8041f60e111318c1b580419b65aa325abb06b328e0ddd033d057bebb764deb62,zembed-1,2560
863,art_00864,title_abstract,439cac1d3af150175ce772ba67d270cfe0d43286ab0e03923408b017d1183b8f,zembed-1,2560
864,art_00865,title_abstract,dcc8b11bd9b3269c95939c7bb0f0745e7064c077bfa9fc0d1b65f0af38992414,zembed-1,2560
865,art_00866,title_only,749862b39c76e56c156bc7ec2df6f30a145514839e86e216a87ebec25fd16826,zembed-1,2560
866,art_00867,title_abstract,44d4352ee27ed25bc47e10a25b0d39e5852567ced68d0650c446a513d254a119,zembed-1,2560
867,art_00868,title_abstract,f29f1888eefa8a42c7f84d2a72b042ae19c26f6693a161b83878f2322ee39ea1,zembed-1,2560
868,art_00869,title_abstract,f65c081da78224eb33b41a6b2da54ca750bd3077d716fc5980b465f561529580,zembed-1,2560
869,art_00870,title_abstract,b17207e0c921161c5f8d8e2996fc91c05afa4af8d3fd41f4b706517050f9a0c5,zembed-1,2560
870,art_00871,title_only,f563c39962ccac7a3735fcd91d0e60742e2be01a58be6234626daf2f3d73fc05,zembed-1,2560
871,art_00872,title_abstract,cc5c87f4081653fd6dcda7c6316f8f1019e8b4855f8921b586d33e85ca0ffb8b,zembed-1,2560
872,art_00873,title_abstract,67d73609dd395cc180da92d222e3394bef6273ee141cf4ad8e31d2c6a76793de,zembed-1,2560
873,art_00874,title_abstract,dbae3e1e350bed586a4f6a938e87bdb4d3c05848612a571b025ce19db6c05dc9,zembed-1,2560
874,art_00875,title_only,3edf285244eadc49cdfc44849498b38407d037e0012bc589081b0110e8b41dbf,zembed-1,2560
875,art_00876,title_abstract,935d4da618c804f646aabac816302231130cdfeb1283f69ef76b371789b0c253,zembed-1,2560
876,art_00877,title_abstract,094b27b9bd6528284017c942b39e23aa916185ced57e0d6c4326401f35eb1366,zembed-1,2560
877,art_00878,title_abstract,556bba1585e75fc7dbc2a29cd92173f969ab72ee5dc2ff52f6b6be83944eaa19,zembed-1,2560
878,art_00879,title_abstract,8535472b2e5317658faccdc4f27112670a076d2a1ac72ebcb3bbe0833600f623,zembed-1,2560
879,art_00880,title_abstract,e2c304597fa67a83ccb739423770f337a88dc1918d357284cd5ce8cbb3249111,zembed-1,2560
880,art_00881,title_abstract,f14996818018d4a1f73bf5e6f61b13868ec634d25b3c8b17a2f326e90d5c3f07,zembed-1,2560
881,art_00882,title_abstract,cbfe6dce956ef6fde20a0f236967ac788bafd8b8f6af5a96924e6447938d5d80,zembed-1,2560
882,art_00883,title_abstract,065a1df25bb193e6ed6f0a9d52277d44a7c1e6142a904e272b46f7e212a16f8f,zembed-1,2560
883,art_00884,title_abstract,2765e67f2442294a4e6059c8c9b6eb43f0721051f1d1385b882d3cbe8f541db4,zembed-1,2560
884,art_00885,title_abstract,32807e887f5117a1aac757b7922c7abe88f5a4fc69241e1255ed5287ad86110d,zembed-1,2560
885,art_00886,title_abstract,d7bfe4b1cb4f8359252ddbe6faf17f1522d911eb93a5caac971093aaacce03fe,zembed-1,2560
886,art_00887,title_abstract,e99d4252b1795fba14f2d820d34deeaa826285f34208eab32296155decadea85,zembed-1,2560
887,art_00888,title_abstract,3760495433474ac81455a9f7d9e25ff623210ae016c3863d4fcebaf1a7b8ae27,zembed-1,2560
888,art_00889,title_only,02d9cccdaa990dc7ad0d73b88066b8c1209d9782fae796e25868b77edb056bbc,zembed-1,2560
889,art_00890,title_only,b91ef09334a615227acfba4c75563498c94da9024158c3ff4b94b5be9b9b5b44,zembed-1,2560
890,art_00891,title_abstract,2f778bfa1f81327d91b1a781dda1cf39710cde6f3d5e1dcf464de170a047de8b,zembed-1,2560
891,art_00892,title_abstract,c12375422365597d589213e8afc7f5ad75745f66a0b25129730bf831a02cae46,zembed-1,2560
892,art_00893,title_abstract,b424dd6b9ad6c59ac897d9806e03bc897df78573a2aaf15d19a566a6f0bf35fb,zembed-1,2560
893,art_00894,title_abstract,f4d6b3c9ee9307e0efbb908f49af5d0206baa3c1d1e863a005253abf16461d66,zembed-1,2560
894,art_00895,title_only,6180e6142e86e0c7351d65354c0126614aafc9f0853fa774d604d1ab47d75e1c,zembed-1,2560
895,art_00896,title_abstract,0b45e54d3b9b4f121f56fe90feb8500b982625c9c8b7d7d1cc3e156ff5eccd49,zembed-1,2560
896,art_00897,title_abstract,0115742c7b4d0267d8e04ced4444bf16be0399ded1b0420ca864b355ab48e126,zembed-1,2560
897,art_00898,title_only,14add3d5e36503709142fc04ce45a3e57c4d669eaffcbd6c97619aaefba40209,zembed-1,2560
898,art_00899,title_abstract,920338d265ad65561c8e323e2aa75c7e13d14ac1520402ab04c007df5c17b59f,zembed-1,2560
899,art_00900,title_abstract,e0db2032fe15cb5d666790c6d30865246eaf2451330547a841cf5cdb964f90cc,zembed-1,2560
900,art_00901,title_only,50814d4cc8cd412c124aac3fe10c49aef6d656f3e68433d88944e1d2058ee447,zembed-1,2560
901,art_00902,title_only,63e4fc41a71ce3298181159fce4a59316f795874ed417c27228bfff994e3c530,zembed-1,2560
902,art_00903,title_abstract,4d75dbe8ef9638caf4ed8af7884629858182e9a448db69e5a0cea51317f51bb1,zembed-1,2560
903,art_00904,title_only,b335cf34f6d2ca1cbd6c9c2dbe57438415ed3109912b953a637fe70a92f4efd0,zembed-1,2560
904,art_00905,title_only,2b7be61b0c956678439483c25346b6d9cd2420ab9a10774b995620ceeeb8fd5c,zembed-1,2560
905,art_00906,title_only,f128ba90c07703e686139c7f0cac8498ae070e45d2591fee63c5cc16f97fc3e7,zembed-1,2560
906,art_00907,title_only,4d43c188b29de69eb45a6efae6fa34283fa303de19918c8e767bd8e122e636b2,zembed-1,2560
907,art_00908,title_only,2a22c6467d0ffb7294d2802b28358bfc1ce5027251a186ae0b2abd8f8e5bbad1,zembed-1,2560
908,art_00909,title_abstract,b60c5bfdec6e9f106a2134fb8dc551abef90bd86df288c0c65bb35eb123264c6,zembed-1,2560
909,art_00910,title_abstract,6ca06bcd34e45406ce6fa02b46413d2dc20182f2659a09e2c7c933b0739c2d95,zembed-1,2560
910,art_00911,title_only,5664de5b8807bbd129aa7a3c34ed3158696fd121f9d4353020f1a49967a448e4,zembed-1,2560
911,art_00912,title_only,4173d54912ebc4d6e4826ea654f231ef917587e295ce02ba304791463aadf6bb,zembed-1,2560
912,art_00913,title_abstract,4a4010794d09decc1be195737dba137719cfb87c3405da164d092e7eceec8b83,zembed-1,2560
913,art_00914,title_only,38083875b016821ca2e5625ae94173836d97d14c84a53611e864dba22b9c2321,zembed-1,2560
914,art_00915,title_abstract,646d8e244d39e8f46514fb4ee3f1d7f1bafd25aaf6c6d7d6891f3f9a3c4930c5,zembed-1,2560
915,art_00916,title_abstract,6342adc636a6ddb9e7e894c2f16969074bb4542738ff5d39c3fb6dd6a8156f47,zembed-1,2560
916,art_00917,title_abstract,fe40e15f912aa5e3c0e25de0cbe3017552786295d8e91f558c9a2c1fd17fb3df,zembed-1,2560
917,art_00918,title_only,1afbea299706a89ba3034331a8539eb17b6bc09cd9de10ede56823ed8a045d06,zembed-1,2560
918,art_00919,title_abstract,4182cde4a992149da01f364cd94ee9064d6e9d7e066f038f64ee5df751eaf21a,zembed-1,2560
919,art_00920,title_abstract,bded304530f508799aeb470870fac38802cdd88993f5d8eb0b224625cc245ff9,zembed-1,2560
920,art_00921,title_abstract,9a8175943018eb699296d73d841548a8c4086595e0658666b2048de468ec5de7,zembed-1,2560
921,art_00922,title_abstract,54304b4da92811324e697dafb67a1a703ea993f94502dcd3a259cc28f086e80a,zembed-1,2560
922,art_00923,title_only,d9fd2aa6c783989503d14c3c3ba17a8ad967ba50629982e6d33dfd54471d6635,zembed-1,2560
923,art_00924,title_abstract,d90c9c8641fcf1c6c3cad87f13803987173eb3e250ce797846971846cb6ed41e,zembed-1,2560
924,art_00925,title_abstract,b3c32a616dd43d9d9fe29c687025eaab238021008ad7a568dc4f8a4d333e302b,zembed-1,2560
925,art_00926,title_only,c033453640845dcca3227de77af5a62ca17e08ccf19015629880a995bcb00069,zembed-1,2560
926,art_00927,title_abstract,1a61769dface13e11eec06b1a7de70e440f5ca49636216371a59489e1d2b19aa,zembed-1,2560
927,art_00928,title_abstract,e951c96814781fcee47911bde02748fe6bf2ce5931e1527d43084acee12eb559,zembed-1,2560
928,art_00929,title_abstract,1680ef11f68ec7f7a151ea076f87cce6baea58575e136845dcd2b40954a31410,zembed-1,2560
929,art_00930,title_abstract,6ae696800b53809f06a35eda28846141aaccfc59d0816fcaa67bcf4f6eeb745b,zembed-1,2560
930,art_00931,title_only,41e885d0d57ad8b28fa4a7e3c8ceea2a003544cba751ddbe6189b505155e512b,zembed-1,2560
931,art_00932,title_only,816a77f5b7043dde04ed1c389bf7b783afb5ecf3bdedb577e25c00a174cb88c4,zembed-1,2560
932,art_00933,title_abstract,dfc32fcf644fa2c92722cc8a6a935f00e1c0ee024dc452dd71420306a256078e,zembed-1,2560
933,art_00934,title_only,118c0c1ee126d27c9d1569f17ea2a1d6c3c72df2f0f2539fa29700a9700e3664,zembed-1,2560
934,art_00935,title_only,195cb84cab78c43f4665f856db7f51e0bf3fb27266f69c59be63239639901fea,zembed-1,2560
935,art_00936,title_abstract,ec3f1cf7c6cb4c8b2121123e3808e908fd2e9c8d6d51affd2c80fead1817acc7,zembed-1,2560
936,art_00937,title_abstract,1fb4d8858f645ce79ce3408e4894e355884588afe6ca57a9713a7c65eaadd8e1,zembed-1,2560
937,art_00938,title_abstract,5037bd198347589a6c77c7882ad095a931cab81296ce4bf004648417c2076b11,zembed-1,2560
938,art_00939,title_only,10e3346d613792511b536e6d69e7fee488af88ba2a8f2b290ccc7926c77c0a1d,zembed-1,2560
939,art_00940,title_abstract,857c38a7baa2b28fcd7177a4e57906d7cf1e228340e37b7589761c792f545b45,zembed-1,2560
940,art_00941,title_abstract,209c465f678971f546752ece0e2d581875477a4f6bea2e83a2b2d86629792fc7,zembed-1,2560
941,art_00942,title_only,5f119565e33e59f1646c12d39b1f652b60f15a5d5306f474f5a99070e2c0f84e,zembed-1,2560
942,art_00943,title_abstract,2193785e6e5062bc63efdbeede0b9527017d66d18d218a15c0ca3b98843ead21,zembed-1,2560
943,art_00944,title_abstract,9afc5da7c6e444cb1ad6afea7690cae9f7bcde33cd8cfbcf8a3e409296f6f3dd,zembed-1,2560
944,art_00945,title_abstract,c8788bf5700e0d2c8c0f5fee487c96ee4d718818b93eb7c9d76e6741bbf2ffe8,zembed-1,2560
945,art_00946,title_abstract,32efa1b37386bc64d671fc3b17ad892f50478979d39e3070a2cbbc2b3a2fa337,zembed-1,2560
946,art_00947,title_only,c6bd7d8b9ae4d583fc86f3b1390fb16a6a3e827e65c0b7c9d4dc802b96899284,zembed-1,2560
947,art_00948,title_abstract,5cf51741fd4d140c5feace35418362abf6021dff9fff57acc58d7ff3acfed92b,zembed-1,2560
948,art_00949,title_only,b43c320b553e5f3b8d5f87bcf82cb93fd975c642a10201df260fd81ea4eaa35c,zembed-1,2560
949,art_00950,title_only,4eaad31f761a86ef3e7a2e7cfe3f326e65e3872ad5c7a47d848450cb3628438f,zembed-1,2560
950,art_00951,title_abstract,149461c00c6dad1bef9634ecac936e67854213aa5064acb07800fc61aba8f331,zembed-1,2560
951,art_00952,title_only,5f9deaeddf942dd8e924b77c8529c4232037813eac2f0dbfb18832aa2f64418c,zembed-1,2560
952,art_00953,title_abstract,e1607d184e031e5c6721f420874b125796361ec72b3826957d47f12148d743d9,zembed-1,2560
953,art_00954,title_abstract,1d4468e9c7ff3e9bfaedebd60758782299ff545c30d16e0ccef4d4332af24d99,zembed-1,2560
954,art_00955,title_abstract,f5c0653de8cff7f39543588261ecc05420605129705bebfa0cb08652917d5185,zembed-1,2560
955,art_00956,title_abstract,ecd4bda277cc5ef9131fa5ec612aae3946774286efb85deb78ae1479bb85bdcf,zembed-1,2560
956,art_00957,title_only,9e2985bb3b746039062a3c12c29f40256664bc0ed3643ab848fefa49fb25f704,zembed-1,2560
957,art_00958,title_abstract,e8feeb76c7b87a9da6abe4f590cf4a1b13a24912744f87ce6ff33fd41ac791c9,zembed-1,2560
958,art_00959,title_only,fa9cb57a50510e2481fe2ee301b661052e2894bd689f8ddcb53b1cfd4349503f,zembed-1,2560
959,art_00960,title_only,af63f8a1a10d04864763958bd8e05e39f38438cefdd438d537b42414b0dc6486,zembed-1,2560
960,art_00961,title_abstract,dd1ccc57a520ee9bd8ed58a71ed431d3a4bf1dbae8e957f309add35dae993c04,zembed-1,2560
961,art_00962,title_abstract,3cd8913f1f9f9a6ffb9526625670800e6924e98d1c4cf5445270411e7100142d,zembed-1,2560
962,art_00963,title_abstract,57caeb4e4ea0a05b6cae69745a1a94d733eb6be5330cf70462f6e0aa90aba10a,zembed-1,2560
963,art_00964,title_abstract,c8eacbcf1ced433f57c74f92e1401069e24e0c95b307ca9aa71e2b97ff0c8295,zembed-1,2560
964,art_00965,title_abstract,e1dfc4241481e70559fcf48128d0855a2de730cb3ded3736b862031ac22492c2,zembed-1,2560
965,art_00966,title_abstract,ad2c7d6617349a25cd732cd85030e551fdbe669855674bdecef3858ca407ae41,zembed-1,2560
966,art_00967,title_only,8409f37199be6963b8df812ddb6fadb2853209a8f5bd606e3188a20767070ca3,zembed-1,2560
967,art_00968,title_abstract,5ead9a93a21470fcac78fd53273210e7fa7626b6d82fd3a6ca84fc0d41aa2526,zembed-1,2560
968,art_00969,title_abstract,d73057805f9c5320406d96d1fdad63ddc74d634af389854cf1149c933c601320,zembed-1,2560
969,art_00970,title_abstract,4763a695957a62c2d2a7df3b7d286e408469b63549b688ffaa3b15874ad380b8,zembed-1,2560
970,art_00971,title_abstract,c4f509cf1a26dea7c0e698e28a358761b3f9232c63c0c2ef3950ce96b88937b1,zembed-1,2560
971,art_00972,title_abstract,fb4b912b82a4d49c2bc708ff24cafc47360efad65e14a7e9c7c5e02b5f09f720,zembed-1,2560
972,art_00973,title_abstract,e7ec4b33bb2bd0baee37b981f3adb1a272888821669090190d90d9c51a40fb6f,zembed-1,2560
973,art_00974,title_abstract,0eeadb03253d03605a17220834f07da5c7f1b355d6dda323ad93b6c02bbed7ab,zembed-1,2560
974,art_00975,title_abstract,6efb8737a0363a91c5d1640c3ac38ec75a52ea63ae1749016350464456f1216d,zembed-1,2560
975,art_00976,title_abstract,d763ff70e5184a3f0f82a80af54fc950064a40f233b312aa9df2290135ff52a4,zembed-1,2560
976,art_00977,title_only,b9f20e43dacfaa4ade2828e668078a55997a7574ddfe5f1854cb58bbc2bdefbb,zembed-1,2560
977,art_00978,title_abstract,d78f5a6e9123c469467641734f604ab7f54f7206153c66c69d76e3b1ddc9d33b,zembed-1,2560
978,art_00979,title_only,880757af6888e3c01c1bf271b905aea9ad741401f512a4518a57a640f84f4961,zembed-1,2560
979,art_00980,title_abstract,c247c929a950cbc73b8acd2d53131d4686b743c1455b84dee01a053b476706ed,zembed-1,2560
980,art_00981,title_only,5b18fb4ba5f6d83ca1d3ba0c4358e16b13b784ff79a1c8e3c3e4ea60eec18538,zembed-1,2560
981,art_00982,title_abstract,749180ab058013bb3a29a2a75a73175900940705f25c7d8ca2024e07a2195826,zembed-1,2560
982,art_00983,title_abstract,543f4015fd8c8ea8bf226116d9bdd71d72c57fbc18c1ebf2d8dbf768d7ebd99f,zembed-1,2560
983,art_00984,title_abstract,118ef5bea7ba57fabc0f5b6d64836e53369e5a030390c355b665e62341f90bb2,zembed-1,2560
984,art_00985,title_abstract,2c0dfbeeccaba06f914d0f8e9aa0e5b08cd8bfa0274b89052c82a334b4da6230,zembed-1,2560
985,art_00986,title_abstract,4166ae2ce46a9caba4f7be46ce5df0721e2393406d83b18b2129ba3655595847,zembed-1,2560
986,art_00987,title_abstract,3f0a7e6c835ebb67e52e306cbb5d49afdd83ea29057c55bb04d2a585f93ac092,zembed-1,2560
987,art_00988,title_only,3c1274b1e6fe6616af2040881682baf02dfb4a9f50ec36f5f6ab3b6776e5ccd3,zembed-1,2560
988,art_00989,title_only,63d3053896b6ca84cebced6404172b56c69b715e305a9f90cad82c996a1e5465,zembed-1,2560
989,art_00990,title_abstract,0b63b8679a007abfb7e2f60811e8d4f26e244915c3dc5cd6a79fffdb0c8cac6e,zembed-1,2560
990,art_00991,title_abstract,88fb26608e82fb58d82b1cb5afc97bd3c35256bd248fc84354d149613aa51007,zembed-1,2560
991,art_00992,title_abstract,e47c302bb27232b16cbbb5764a9eacb755c1059a9408ca1ee77ecd2dc7bbfd8d,zembed-1,2560
992,art_00993,title_abstract,53d1dabd3f31df9c40f189f2742ed3068d87fe7bad7c5e8e6d7c169609e72826,zembed-1,2560
993,art_00994,title_only,cef45d5b1f9abdc3112b6d7ae2f80d68619a37e5cff63037aa229e618901e6e5,zembed-1,2560
994,art_00995,title_abstract,410ad9eda0443e49e7416f5370788d5252a3dfaf2f8ab355120fee57ab2321d5,zembed-1,2560
995,art_00996,title_only,cf1cdce6d4866dac8eca0618a30ba9be64aab89c8f68cc9630e2b9472c12661a,zembed-1,2560
996,art_00997,title_abstract,acda00be73e491fa0b015767227ab51123f2e213f4acec0fe3eaa4d662ef81e4,zembed-1,2560
997,art_00998,title_only,7317fd8fd9d987fdc27c8b7e4ccd2d3d93d6946ff4484acad6b5c121c0c33443,zembed-1,2560
998,art_00999,title_only,8663f3555e0d5e2eb4b28536af0c0c525f2a5db92510c708269c850af0273a94,zembed-1,2560
999,art_01000,title_only,96028fbe7bb63947fc59a1b094c4f555fb0f64279542050ed5e1ef12e1e7c157,zembed-1,2560
1000,art_01001,title_only,a7ebc9f0847e6ca9d033bf94b236e38a6830a7df3f60f8f0edae82564a7eb64b,zembed-1,2560
1001,art_01002,title_abstract,1e5f66d73998c807c6600d4b7f2c300677478c953504531a63e5e86e7d3c2af4,zembed-1,2560
1002,art_01003,title_abstract,6761dc030ce956039cf22e1ddb3509ca1f32e5bfc0b01c9a4be17a8e62ac5899,zembed-1,2560
1003,art_01004,title_abstract,7b9bc1228f25d3574cefd695162fb3b4f60448a708db632e0dcafa5a1094b689,zembed-1,2560
1004,art_01005,title_only,903d4c2231c5a88197992b14c0aa8a1d3003a885113516d76fa0a18f8b1f5d42,zembed-1,2560
1005,art_01006,title_abstract,0089e7213b6147a068d432db4b6e3c4989ace429b233dcf6291a943c3931d3cb,zembed-1,2560
1006,art_01007,title_only,9cac8b8c7f650ef31bb9a936781bf720811863f552eeeeff55ba6d56c628603b,zembed-1,2560
1007,art_01008,title_abstract,4de176bdbc8f2c6b3e2e3302fa339551d8eec9471e196daf174954885a9d1cbf,zembed-1,2560
1008,art_01009,title_abstract,234d614896baf47557149f96675c602a79b0317442f4acf1e59f6c22ef0023bc,zembed-1,2560
1009,art_01010,title_abstract,b65a1fb69edb7a8e889b13f05a46b4c66504ebf2f2f4c78783eda91d3ecf5e8e,zembed-1,2560
1010,art_01011,title_only,c9fa5fb0962d383b54379a60d16d69b1f2508fc665e1efde9187da7491b74437,zembed-1,2560
1011,art_01012,title_abstract,dfb48902c96e068fc81eb4f3fe7bdb36be3e6db32427d44bdf9fe07665c8888b,zembed-1,2560
1012,art_01013,title_abstract,f33521735a700c864310e779edee6bf8ac275e84e5cc554e9c98cd9a6b02c9ed,zembed-1,2560
1013,art_01014,title_abstract,8080464b6c746846ed223ca8310e77c28b5c66bae1be8201012a6d85d6de3d33,zembed-1,2560
1014,art_01015,title_abstract,b8b341462bc509af99429de3b317e6ce94df182283a9d2359cf12c43b5cc6b83,zembed-1,2560
1015,art_01016,title_only,d774d74b9770312635a57be14bd8f320ccea1ab395c1ff60d7138d39742b2b97,zembed-1,2560
1016,art_01017,title_only,473e8602a392eba41de754aee60f9dce12cb2214c638dae317cbb90fba6ce477,zembed-1,2560
1017,art_01018,title_abstract,53ea79d7700cebd7c7c7a408776da2ce5f4b69af3a760adabf9b17664804e4a0,zembed-1,2560
1018,art_01019,title_abstract,b4c4bd11a69d21415a814872cf29b7c3202ec1ceeb29adfa163f9a3b8c16c794,zembed-1,2560
1019,art_01020,title_only,1db404a97eaadf31cd184d4eaa915a5ea44e1dafe3479eba3c0c3c61d7f61cf2,zembed-1,2560
1020,art_01021,title_only,446d7169808e8702f55f7e205f5491fbc287c6731f53b01ae64dbb96533198e9,zembed-1,2560
1021,art_01022,title_abstract,da1fc9a57d16e22d262f67f747005628bc6594440a318d62aa8d435d84595c77,zembed-1,2560
1022,art_01023,title_abstract,e025e770fee75f67f4d677114a05ba249bb13a50dcc83a2df778a8909cc8b7b8,zembed-1,2560
1023,art_01024,title_abstract,b2c1b114d387590e0f336dc68ddced1c98e135d439abd6891c376485523959cf,zembed-1,2560
1024,art_01025,title_abstract,d43cf53fe69da647ce8cd990d852e3a626337924ff2928224eae8d204ddfa57f,zembed-1,2560
1025,art_01026,title_abstract,4056c3e44619c1a1b3e9f318aafbfd721518f9096134cfbff9e271f9ece80fa1,zembed-1,2560
1026,art_01027,title_only,96a57843eaaa1f06c5f106b8b1a95626608260b516138fe263c79d33fa45ece6,zembed-1,2560
1027,art_01028,title_abstract,1c5a21030a81542507e3dd46341380acd3c0422c02c5129e8728f52b910f7d05,zembed-1,2560
1028,art_01029,title_only,707130c3e84c56655b2d1255146a7f22818be98cfb5baf109cf21e47eb9182f7,zembed-1,2560
1029,art_01030,title_abstract,8d1a0319e4f3acd077867d744d0ca6b562b67b4e67f8b0c672a8be5f9bdc6da8,zembed-1,2560
1030,art_01031,title_abstract,b5ab0dc0fab699c431d7d365c49b661e7d4b29d3e256d54b2107b0caf485b986,zembed-1,2560
1031,art_01032,title_only,288ecb7be11841b76de83ac179f732e27cd48d86ac4e5529e4848b65da73d2a1,zembed-1,2560
1032,art_01033,title_only,6fabba1224142b6ca3a04e6baa34620a33e7c1ac9158be14c7ba7749e96200d5,zembed-1,2560
1033,art_01034,title_only,4d5bf56891c361ca36313818abadb5a0d8c6435951fe5e12b72192ae15ca1d6c,zembed-1,2560
1034,art_01035,title_only,e192a97c71e3f49e739ab7a91827e524c8611e4998c19ac0dee9c12a2aa46c1a,zembed-1,2560
1035,art_01036,title_abstract,625b3eae4354cf836c6aff847165ccc120be393813f9e5eaa2998daebf3b4fc9,zembed-1,2560
1036,art_01037,title_abstract,b8c5825c4fc6d22db5a1b5adf00d7fcb099c72a9dfad26159f959e7628c1a57f,zembed-1,2560
1037,art_01038,title_abstract,ee32ff58d87429193672011997a95e864b310a1ed8323a936832ee08ddce6c75,zembed-1,2560
1038,art_01039,title_only,6638ea163903bb0ff621420882d7c2910f3dcc86950d26dc153a2a9b4a2ac74a,zembed-1,2560
1039,art_01040,title_abstract,67dd0ead708a6246208cf21f5517e2e25334235f0b39ed04d4eacb0e336b23d7,zembed-1,2560
1040,art_01041,title_only,4faedb1d7989d249f21a459d66ac785b2a8c0a6282c0fb60017b01cdb3e14f34,zembed-1,2560
1041,art_01042,title_only,f2746188a8931f05fae172985ba11a198fe515fa6793f96f3df92eac6528a6c1,zembed-1,2560
1042,art_01043,title_abstract,abb43a3fdfd0fe6757aebb1d331f098856b8b9a8ef6986906e7847cfccd7e98a,zembed-1,2560
1043,art_01044,title_abstract,3f56e2fd1bdcfe721905eeaa6eaa645744e6e8cf689c619546b85531bd7393f5,zembed-1,2560
1044,art_01045,title_only,6a5064ef8df8f439830e716be74d0b90718afd33ba3f0bf5dc7279793053f9e0,zembed-1,2560
1045,art_01046,title_abstract,468dcfd7a4823128163bfb63e3588189f49fb8eef9a1c55831bc082da7d29abd,zembed-1,2560
1046,art_01047,title_abstract,6401b401fb836c66f15265fcc15e9c21cac6dd55d4008c5b7fd286a163a0232e,zembed-1,2560
1047,art_01048,title_only,a216a2cb82ccc6b23338fc4fc39d18b23f7b42b503f590c28fc66f382d8a8da8,zembed-1,2560
1048,art_01049,title_abstract,c16050f72de3a2375600c6a608f93361ed92495ec58aae5cd82f7155e3fb0b44,zembed-1,2560
1049,art_01050,title_abstract,95437267fe7640bcec68b77b61e2d189ad7552aec0db484a573488d03e8fb797,zembed-1,2560
1050,art_01051,title_abstract,48da203de27ad1f4ff6ecc1a8ac9da41c6f9211b6361de82d702f1c7d3b54efe,zembed-1,2560
1051,art_01052,title_abstract,b465716373b010b612266f7cc4921ed95bce9a6ed5fe7da9148e7c4e02270d85,zembed-1,2560
1052,art_01053,title_abstract,3323f47f1e4844fc81730cf9c98ae8001ea78f7c05348ffeb4e02deeaaba2fa7,zembed-1,2560
1053,art_01054,title_abstract,e91a295669d789354b88286a6c13c09fcbd5f2f3576d6ae5a2ad165e4f05d478,zembed-1,2560
1054,art_01055,title_abstract,5a5c340cb3832d1a9e4590edc0d659e37ae776775cb2911158c6459f8eef9084,zembed-1,2560
1055,art_01056,title_abstract,24397af4f60ab5a34df23f54503842de2c8a0fb8957e9021be32174652feb48d,zembed-1,2560
1056,art_01057,title_abstract,86820b30eb9eb65034f34170806c85a70ca25bf211bfb550129935ff96e2c57d,zembed-1,2560
1057,art_01058,title_abstract,3f27f93e0967756e8939fcf633ac750e3ae5797ed26073f7ac7a0f62ddc66575,zembed-1,2560
1058,art_01059,title_abstract,7245265b2366d2353272337539a272d042cd3eead380c1d186a65ad0a926c3bb,zembed-1,2560
1059,art_01060,title_abstract,14592c0d12e763315d5d244b5d11e9989aeb47aaf9656208d706c99b8db571db,zembed-1,2560
1060,art_01061,title_only,b0581d50d5aa690ccf658bd0ac53aab0e513bdc9dddb4809c84367e0e7722f53,zembed-1,2560
1061,art_01062,title_abstract,81b7ae4045a6e527928c47e5de524a8dbc28fa8dbbe564b9ff9c908c918acf32,zembed-1,2560
1062,art_01063,title_abstract,c14d97107b9e49f33425804ad843cae0ce9b010fad4ba4d3a6e64bc714a8a4af,zembed-1,2560
1063,art_01064,title_only,826fdce54dc6887671fc826ccd1e23efc989731d58e1c887f584782019a93033,zembed-1,2560
1064,art_01065,title_only,eab0cd567bf7c814b08887fd0dd4aeed15606b0dcb48d345b391b8331d3c9e55,zembed-1,2560
1065,art_01066,title_abstract,d0d70e86ec5337d9ae98ca7a914cc26e746023b9105ad91046a37ed6e873169c,zembed-1,2560
1066,art_01067,title_abstract,5c6f09a17cd1869047a187ec5b5fe20226033c0fff50816c5e8de649e2d773dd,zembed-1,2560
1067,art_01068,title_abstract,af4903614283061695651a611ef7c2db677d416b346592c0a97a9d84a62de5ff,zembed-1,2560
1068,art_01069,title_abstract,49b35a89ab26d35ddfc8b12f025a57bd0fc03156a23656841e9572e606d6d64f,zembed-1,2560
1069,art_01070,title_only,287c030ee4732054f6fe5200461925a9143c461646f0a10802422f5f042a8a4e,zembed-1,2560
1070,art_01071,title_only,1a8a53ddfaee9a6f78b7e414059c53635e66f76714da29c101ea03de3c2411b8,zembed-1,2560
1071,art_01072,title_only,bb37803df2c03ff2e7e3a2f0f9384485ef415d5692edfdc033732f126f648da6,zembed-1,2560
1072,art_01073,title_only,2cff98f2bea072f1546f2631a17320f07a724aa626386e330bdb4874536fd98c,zembed-1,2560
1073,art_01074,title_only,61ddd41788629da3deefcdcc1a54da988f33331fbe762f27c651701c9d2ac029,zembed-1,2560
1074,art_01075,title_only,3322f304212f3127c960a28258d8e6f3000a71b9fb302426a3025b98e037fda9,zembed-1,2560
1075,art_01076,title_abstract,9b4db73b33cbf36c56b28a1f7ac0d74380cd768d9e5edf21ee4b636a88ba8ec6,zembed-1,2560
1076,art_01077,title_abstract,0889f09c9498d7016f244d235d57dbbae32413615b28c40077c015984ae34aad,zembed-1,2560
1077,art_01078,title_only,cadf86af2e73c1469472acbeb19fc88ae7d72772e4e522d457215de545f3d2b0,zembed-1,2560
1078,art_01079,title_only,9783bcfeeedf87840762fc85da8a112a8ac921d092995202142815868bd9ab0f,zembed-1,2560
1079,art_01080,title_only,abc12fe10bc9a24650182df0da31f4ce905fab7dc896dcfe9999bf781457973f,zembed-1,2560
1080,art_01081,title_abstract,1e6019421d18f5e44440c092f444628fc73ca6e512d286baa3d55d8ef03c7997,zembed-1,2560
1081,art_01082,title_abstract,614ee000f6e13de166ca8b25ea154cf4fa0c2bf0c702f0ba5d6e42aaf490b26c,zembed-1,2560
1082,art_01083,title_abstract,496b6e03f7c00cfd4a9e006c91e0d189ed4010f3d7dbe6b60eb4305960a8ad22,zembed-1,2560
1083,art_01084,title_abstract,e9ec54ca7c1270604c4dcc4646ec921d032f5274644d2af760da30ce86e955ea,zembed-1,2560
1084,art_01085,title_abstract,312ae906dee30888120f9149e194289fca2b1435cf6861a9f0c874364eb669e3,zembed-1,2560
1085,art_01086,title_abstract,023e17510bbbb2ae243fe9f03ae9c369b78a624d8964d57f9959fba5eb9f4bfa,zembed-1,2560
1086,art_01087,title_abstract,a1b2292c3f6749b0754431d21b47faa0ab9094eb1be3e53cec9567c2ac6a5535,zembed-1,2560
1087,art_01088,title_abstract,b5d624999dec17aa3cdeffa50c4872a77dee6016d9dee16703ac484c3366879b,zembed-1,2560
1088,art_01089,title_abstract,e81fda52c80dc781350012323833003536cf89a3b0a6bbb423a1ca4b06ffc217,zembed-1,2560
1089,art_01090,title_abstract,edde786b235820a09a5bee5b82436eff9dedf54e2036c74597b9719753b1bcfc,zembed-1,2560
1090,art_01091,title_abstract,e013fcd80bfb81f37ac909f8f006dd95065a04b86ca8b2cede1c993e868ee991,zembed-1,2560
1091,art_01092,title_abstract,9151a7927a0714e03c0151700bf4483d17aa3645893615448e09cc06dfb104ed,zembed-1,2560
1092,art_01093,title_abstract,72dc2eeaa3cd77d179619bfa9cd6ff1349d4ace01577eea9e9ea9ae50dec1b25,zembed-1,2560
1093,art_01094,title_abstract,5b0626d84d28b76a497333e3a743838efe5b0fd948cb0dd52407a37f5efeead6,zembed-1,2560
1094,art_01095,title_abstract,76345dc0f65d02ee8ad845ad9f45649f273963f2b7c4a4aa1befbeac008da289,zembed-1,2560
1095,art_01096,title_abstract,90f0bee9c41546c3bec3b54a7e55bb1570a1556d55487cca74a3418f10b53281,zembed-1,2560
1096,art_01097,title_abstract,9415e0afd64ea42d8d5fb5a356b0635a2179ad85160db82a4c5439b611a57dde,zembed-1,2560
1097,art_01098,title_abstract,05ff55353a5a4e62b568d576369a6462d44a97575b50c1d179dae467a3ee9143,zembed-1,2560
1098,art_01099,title_abstract,0ef57b01b062039edbff7af00e4c387812f65a4496684ee8be52d687fc310db7,zembed-1,2560
1099,art_01100,title_abstract,f0d8ca09148ddce69a2060897bfa081696c91bb5d4ab5cc5a3bf3ebc17edfbb7,zembed-1,2560
1100,art_01101,title_abstract,4ce0ca64e7e67b1caa7cc5207333fff6b0d585c5321a0c4438ad6dcbaebf8890,zembed-1,2560
1101,art_01102,title_abstract,357af5e80d792a7bcd03f928ce25e1652f4e3bcf703f67654aa46407d4c2d936,zembed-1,2560
1102,art_01103,title_only,f5f49f841366a6907efa89ecfb8fa6fbde3fd19ed03a685635aa56b9fa67240a,zembed-1,2560
1103,art_01104,title_abstract,48cba8139913359f883fbafbb058193504e71984b17aa9daf5d06acb4ff7a960,zembed-1,2560
1104,art_01105,title_abstract,c846a6428212013ccd2d381fd4bc800c930bab1a1eb0e0fc0793e753fa7b2811,zembed-1,2560
1105,art_01106,title_only,31bd31bacedf77620853e59c686a44729b65400d0a4110a87bbc067ad6d73c4b,zembed-1,2560
1106,art_01107,title_abstract,2d245818a784013de9d4c869bc7a0630710fdc2a6d99137ca93646cb92e5bfba,zembed-1,2560
1107,art_01108,title_abstract,2f4168bc5c6f7a81ef6fda9278fb4d822718b7475eb61e525ad6f4088cf3613a,zembed-1,2560
1108,art_01109,title_only,eb1a97a290a3e7629ed433d5916c091c4909cdbb1904929f814c5885e6efe3de,zembed-1,2560
1109,art_01110,title_only,48c750b6f23db3cd1f98a9662c8ce354cd05de2158dc58d82f0f1da025b53665,zembed-1,2560
1110,art_01111,title_abstract,2171c34460c8c290d1c9fca3b7e37a13b3f49723eac58b9af70039e4131bd408,zembed-1,2560
1111,art_01112,title_only,5163f69fbd74c8bf45e1f98e32e42725fd02f957451c9576ff3f19f8344772c0,zembed-1,2560
1112,art_01113,title_only,85b2f6005feacb6bf52ee10ba45db36b33f13d00a589e021d95eab3eeb935b6a,zembed-1,2560
1113,art_01114,title_abstract,4b851b37c6c9d623045d2a36bcd181da4a42d32166435d20e37f307f08bf538c,zembed-1,2560
1114,art_01115,title_abstract,4ce2ec60a6a77654a63f15087baf8d0951bacc106c2f0b5671b9f84cf69d49d4,zembed-1,2560
1115,art_01116,title_only,cc5d0ef665f1c6f65707c349dcde2af7c487ee27cadf831549b5f337de1a059e,zembed-1,2560
1116,art_01117,title_abstract,3139ed617dfe9aaa37c2e9f57facacdc942fb35fd25ba5bd3fbbdcca4673e5ad,zembed-1,2560
1117,art_01118,title_abstract,d18a25d2689fea6e456f40b0fd453b9d9b0330e48eca17220ae4c87d292be273,zembed-1,2560
1118,art_01119,title_abstract,ed702bf9a7c20afe729efa60ec423abb2ba06491570670c7bc705772a25493ed,zembed-1,2560
1119,art_01120,title_abstract,736dcd9157e428ed140ab34203d45ac1a2f2c61b92bc89658e41d6c2641bf5a8,zembed-1,2560
1120,art_01121,title_abstract,969c8845dbdd5e8db88ffeef6f1eb6315e123e5beefc2c160a7bdda96cf42fff,zembed-1,2560
1121,art_01122,title_abstract,af422618eea8b7439e5239948ffc247224e785f26deeb3830a8c2d05572384c4,zembed-1,2560
1122,art_01123,title_abstract,97c4d4276dfffc0c3e6748e2affeeefde21a6cee170256085148e271f82255e5,zembed-1,2560
1123,art_01124,title_abstract,96dd934df9fd77ff4c7592a667f55e0fbe22ed88438ab6b3a6c3004d77950780,zembed-1,2560
1124,art_01125,title_abstract,5cf60f8e1b236a0a464b93c4a12e54902efcf9e94868779b4ad2be9911468a9c,zembed-1,2560
1125,art_01126,title_abstract,70e140a2e54e4aa970777eb129c332d1923b28d9f964a401c45f6b1acd382187,zembed-1,2560
1126,art_01127,title_abstract,5064910ae4f7eaf283d3baa7dba2276d42d4011e73b535b70c86a73bc6bcbcad,zembed-1,2560
1127,art_01128,title_only,38dd2650e5f325433ae7f95c34787c7b5ff8037a2690d5771442d7aece9d371c,zembed-1,2560
1128,art_01129,title_abstract,930d1063c5752d1f00936755f748dbc7852bb2429b0b1c4f173ce629caaad85d,zembed-1,2560
1129,art_01130,title_abstract,18b89b8944e3ce9ff552d0cb70568c7e261539ae8c5ae8c2937d9f777812b2f0,zembed-1,2560
1130,art_01131,title_abstract,f8867127671a2ebe9ab1f1cc06627d5b1c1ee422bd836a46d9107af1f8dcf93f,zembed-1,2560
1131,art_01132,title_only,fd759057aa36e328aacee198dfe4676f9cafed237b452199defeedd04a72a651,zembed-1,2560
1132,art_01133,title_abstract,1b203c9888dbc0da49101102a2d48167ac6e82a9ce11833a392a16a4df2a5c16,zembed-1,2560
1133,art_01134,title_abstract,6a9d5117a857c1513e1c18514a50d2cc8b53bac8eff9e0efb4fa9916d4962d32,zembed-1,2560
1134,art_01135,title_abstract,cba68cdfdc32e1aa35d0cbca2c6915ec64c86da8d19a14f0317f249b0f94d177,zembed-1,2560
1135,art_01136,title_abstract,be46548a23e9bfeda89921bf8f01cddc9cfc1a6304fc1e34dcac8cbf8010e57f,zembed-1,2560
1136,art_01137,title_abstract,1aab5f90c07f384944651377afbfd155ba428a0b3e9bede95d34678208ea4516,zembed-1,2560
1137,art_01138,title_abstract,2bf84266a02790317dbe31fc4420cc97cce4aecd11f37cc5e7483e2c6ad2a5fd,zembed-1,2560
1138,art_01139,title_abstract,f8cbd622a2fd6d4d294c7aeef5cff14e6d0bb7db3d5e8a3b71654f912935547c,zembed-1,2560
1139,art_01140,title_only,ea04c9aaa24d6878b4d749d7b2d2a1c600c5bfefcd71a6eed221f91db247cd87,zembed-1,2560
1140,art_01141,title_abstract,5a432ae1b198d697d918f2d5c7368a83ff1265c959a19dc18568ebd413c14a80,zembed-1,2560
1141,art_01142,title_only,b5d872bf2ede350f91d0e13736c4fa62bbde7bb5c239ff6b03072c08f437dcc1,zembed-1,2560
1142,art_01143,title_abstract,3da275141801f99cae95390c762299654685b4f66ae2ff14f47b82b9bb7c2c19,zembed-1,2560
1143,art_01144,title_abstract,2d21c2b48789e316cb3090f48eb4932b3bf3391315505607f6d8dc7a050c1a4b,zembed-1,2560
1144,art_01145,title_abstract,8b3f48efb4ff8a8d7d9d9422a38461406f895f9ad45b7d9eb90bb3e333449025,zembed-1,2560
1145,art_01146,title_abstract,cbdd6d05a4f8d21ff3344a7d7bcfda4c054cc3fba1788f39bd07f27a6cb84c28,zembed-1,2560
1146,art_01147,title_abstract,0959b805a40e3d53bf4dd091012906499d0ec3b61ad6269926f9e3fbef13e1ea,zembed-1,2560
1147,art_01148,title_abstract,0112f5791767f4e78cc1ab332943070a75d00ebec2bcd4d661db27e199eb3e1e,zembed-1,2560
1148,art_01149,title_abstract,5c130c7c3d4000a6bbf4b3f2e8f91f7b905410cf8921471144ab889b49190163,zembed-1,2560
1149,art_01150,title_abstract,13a0b421ee77b9414bf206cc2b9b8ed6542e5ec490a19280eaed0e87f2cdb9a7,zembed-1,2560
1150,art_01151,title_only,5a239142992d4b880880a88cf5e99efe3204cf41d66a71bb097f55c5e8e249f8,zembed-1,2560
1151,art_01152,title_only,5fe1f64644aaa79c6078086b8b74b96eeece61412122b661dcd0bef93d8d5e8e,zembed-1,2560
1152,art_01153,title_abstract,abea061d82bf426a3ad1671e60251afb50b8a6ca95b0294b98990fe928e85bd1,zembed-1,2560
1153,art_01154,title_abstract,de161af95a120f3f96215ad73259727ccb20fa91510529d3f466b0df54ea50ae,zembed-1,2560
1154,art_01155,title_abstract,dec030f6c632e786838a835c5010978737d73fa8f67ee95fbd26cc76b0493266,zembed-1,2560
1155,art_01156,title_only,0ed1529d09ecf57815b15f9383bcc656caea9e31d771777e794fad078d690dc2,zembed-1,2560
1156,art_01157,title_abstract,b88b4cfcd443e1acd64a87752143c717d06366ce794e5518bea705c00e55896e,zembed-1,2560
1157,art_01158,title_abstract,cf9efe5fe7eb9dfdea5a8e0519fde32c7e4480544c21d0b6d5623a0d2d103387,zembed-1,2560
1158,art_01159,title_only,cc5b6b0048a89b3c111455bf7e314085e59aa16bea117582a184e0a538e4c4e7,zembed-1,2560
1159,art_01160,title_only,b814ff9ac4228bb44bfefe65dc0f1b64e9366b0c79637367071596f15a21e1b2,zembed-1,2560
1160,art_01161,title_abstract,ee05db3f8a5f1e34e430cab1b8455ab311314ef95bb341954dde415bc48cca2b,zembed-1,2560
1161,art_01162,title_abstract,4c842a34daf2214620d3994461abd784517d97103d2b6e819e9228622f1d1da3,zembed-1,2560
1162,art_01163,title_abstract,d688a8d7b90484f82f388608361e396b0739e2d10f7c5f618d154147b07f944c,zembed-1,2560
1163,art_01164,title_abstract,f6fdcdba04f9b0aeff9ec64b28f48dfc2ec5afc2c2ec77ff30f2da7cb8808c6e,zembed-1,2560
1164,art_01165,title_abstract,4e16a63a60c6eddf446ece1f5357de36bbbd21877375554c39e76bde7ba2d9ed,zembed-1,2560
1165,art_01166,title_abstract,fafb90e19754659f0bf1198b5eb004ac730f47f45631a6ab5aeb31c4008968da,zembed-1,2560
1166,art_01167,title_abstract,b4bebfdccda3135b04dcbde508d5cc15c9e86fda58d83c7d2c4f023aecb29f16,zembed-1,2560
1167,art_01168,title_abstract,9554162e58aeb0071ca8f410588d266fd2c24293184dddfcc8d2dde6b782996c,zembed-1,2560
1168,art_01169,title_abstract,03c80b6d8535281af5b71504dce284e1ff466bd82ab8aa0d5d0aba2bfc940378,zembed-1,2560
1169,art_01170,title_abstract,749050f56161c178d5d26f22530f8b1eec6ae3a6dfbcb39811f78a2dae07f51b,zembed-1,2560
1170,art_01171,title_abstract,4e4346980bff4184724b09f9a01d82fe08f76903218380ab1bdca69a6f5f92b5,zembed-1,2560
1171,art_01172,title_abstract,77f1e349b5affb53f35f79876c539aa5bbe6635f46c2b3bda64c74c5914aff02,zembed-1,2560
1172,art_01173,title_only,9b102e35fefef50dac66a7636641ca23064e2a8b9f12b6eb112014372b1bc45c,zembed-1,2560
1173,art_01174,title_abstract,9bee4c0bc74c5af5fdfcc0611012a2ba195780fcfc372e7d59a4414ee47c9523,zembed-1,2560
1174,art_01175,title_only,5cba5e6ec3976163b49d84a673f728209918ed6f444f0b5f699679580b8f186d,zembed-1,2560
1175,art_01176,title_abstract,53ff14866c6d9f67e4946be06af07ee53e9817372977e68f8d1e61d5351196a3,zembed-1,2560
1176,art_01177,title_abstract,7ddae6bd790eea76505ae33232ab912e7d6d6c199784e6efd07b5d555abb2243,zembed-1,2560
1177,art_01178,title_abstract,66984576d3f4138dd0c22df90921a1a56f9514dd6315d872b99463a2590765ce,zembed-1,2560
1178,art_01179,title_only,88501e3f4820a99c5e31bf88280a066398898d903f5921f4a1043b3946e85bf2,zembed-1,2560
1179,art_01180,title_abstract,54832dc2d1a927e99579feea7e4c119b98eaded23e8319ccc21f684eb3eeaa71,zembed-1,2560
1180,art_01181,title_only,b01995e220ff4ad5982e319283a8ab721a5fc314d7331b5770de38c259ef72d7,zembed-1,2560
1181,art_01182,title_only,54ed6537d7cc2cc4c570e438fb0c3c62544dfe61e7cf807ad89876d85953beb3,zembed-1,2560
1182,art_01183,title_abstract,7dbf592d37bd7115faa4bc80b5eb9b93b3ef6f1f842707e8918ec99754ead358,zembed-1,2560
1183,art_01184,title_abstract,f935a90fa2cba40c66e19d1d21f22a92e87b03dc128422b298cd07ae9e5d3556,zembed-1,2560
1184,art_01185,title_abstract,58726a3be56cda720f211109256e61dba59cb3d9fa02d9e12a967264287d408e,zembed-1,2560
1185,art_01186,title_abstract,27c40e031ddedd2d44cf505b26e3395887063138cbfcc303e8af7df46528588f,zembed-1,2560
1186,art_01187,title_abstract,03388d3f19d49270f3891cd5b7d19b688386331d221e791ac12389cf0ebbb676,zembed-1,2560
1187,art_01188,title_only,347a2834c15dc857d3bb03c2290b85971e2f3970d16d20be5ac9fc43809376f7,zembed-1,2560
1188,art_01189,title_abstract,ce1f53636512fb426002705b651041e006f386f3ab59104991320b807db9ebd6,zembed-1,2560
1189,art_01190,title_abstract,90be30f557c2eb0324cc5da8234f2002ba259b9a9644ac2a6675c4b22f73c87d,zembed-1,2560
1190,art_01191,title_only,dd1fb8771bf223be1badb08819c2679e4c1009c81d65494fa941382960323c01,zembed-1,2560
1191,art_01192,title_abstract,488dde996b59939352bd172183b41eb46ccbf78688bb5df32d59c96e080d6cf7,zembed-1,2560
1192,art_01193,title_only,344d4bc7001df04705a643b1780b1d290a55509a56404a12947be02387a758f0,zembed-1,2560
1193,art_01194,title_abstract,2450d24e777a3012b6f09a5ab53422bab004e8b65fd9438be4e7e7b9846eb6b7,zembed-1,2560
1194,art_01195,title_only,8cc0bab92fbc00b95fcbac8cdeb9f503a8df319ae5f05ddc24ebc0e33ee01a82,zembed-1,2560
1195,art_01196,title_only,67f88b252f9246cf49b006669b3442e053403068f6bc3b13f4ee6b4fe0c3304f,zembed-1,2560
1196,art_01197,title_abstract,eb36a9f8025d22d9c73d92fca8033c2f05d9878c4fdb43174d862285c2856926,zembed-1,2560
1197,art_01198,title_abstract,9130915d7913ed0f63e49d090391f24aa00a40ac93c1f8267ca54d671595422a,zembed-1,2560
1198,art_01199,title_abstract,0251cba57b357b5eca65b0be357fe76451cb8945399f9f0c638ba7a159a6fe9f,zembed-1,2560
1199,art_01200,title_abstract,3f55b34a73c29e443aadf282b52be23fb80254e01311b889bbe6b27d4fdf0c57,zembed-1,2560
1200,art_01201,title_abstract,f94ba77cbc80b1ad5361af302e7fcd96c8f251fd4d499a20107fede21f163f29,zembed-1,2560
1201,art_01202,title_abstract,63462e6947c56f6808ba02eb4613d4e25ecfc07f982a6ba2d2fa908a389a8ba6,zembed-1,2560
1202,art_01203,title_abstract,1091930842c8d3efaf11dde23dc2d5951e5f3b6be0d61402a475b2d4945bae35,zembed-1,2560
1203,art_01204,title_abstract,a13529b78a92729f2e49b698cf75dd5b6fadcd01c41f5181b636520b3e2840f8,zembed-1,2560
1204,art_01205,title_abstract,891e0506d18b810bfd65958f95c2a65299c04d81a5de6039b316541dba7a5053,zembed-1,2560
1205,art_01206,title_abstract,269221d7b2b7bf2b0493260265f71fc4d55a995beda3dcd5db8681484cf6df2f,zembed-1,2560
1206,art_01207,title_abstract,4e15d17c877770426f4130ea140c83d0ea81f836f7d219107fe002eb175a917e,zembed-1,2560
1207,art_01208,title_abstract,7f468acabd777f3f77ceeaf58522557cde0067b9bef159dfe744b95035ed97d1,zembed-1,2560
1208,art_01209,title_abstract,cdc6aada0e4aa8cd566d4229d191ba05eade8846d79c4b3d06df9f5d5a387fd8,zembed-1,2560
1209,art_01210,title_abstract,31c3b6612154b8c69323e9c63506b6ac628f5ed608e1721f32368df5a2a3a0ac,zembed-1,2560
1210,art_01211,title_only,0b157a93918baec0ab9290e4c33f0728a944d194538740f627778044896a8b7e,zembed-1,2560
1211,art_01212,title_abstract,96e3df85f4845e8347de598c8dee3d76b7a4ba3bc6f7ebb1e72f4006b128c259,zembed-1,2560
1212,art_01213,title_abstract,a023c9aa7f10a4755e230069c1377db13c28551d03bdafdb0135a7952f562dc6,zembed-1,2560
1213,art_01214,title_abstract,6d78deee2cef9f672977a2d34bc7c1162a7387389bc881c7afb11a1fcd9698c9,zembed-1,2560
1214,art_01215,title_abstract,89fb9abb2baa392c64777f7e435aebbe54045d39805ac5e96ffd9131d203aac5,zembed-1,2560
1215,art_01216,title_abstract,d207aa3e2a718821eb0f2845469c4c3abd570683155c5a7504597fbc9849fa1c,zembed-1,2560
1216,art_01217,title_abstract,ebcddaa48cba72807842214379907655594b951eab3bd9648738f5f0f781ee49,zembed-1,2560
1217,art_01218,title_abstract,45b6b4bfce747a92906bb013639765daec206e2fe224f92fa99be0674c2cc0aa,zembed-1,2560
1218,art_01219,title_abstract,e16a30b60391a7a4c9c8a3ab138346a7de33e0bf6b54feb0d0b962259bbcdfa7,zembed-1,2560
1219,art_01220,title_abstract,02068598263d7b3aebe0eb80da69f1a4fa098cea4fa6a09851365ae3f55da96b,zembed-1,2560
1220,art_01221,title_only,da32830e66a6060a9ce3000d6fb92b5ef640a3f2a9d011f96f887e947110d0c9,zembed-1,2560
1221,art_01222,title_abstract,866dee8984d38da2b5c4992d9ad49bbf4441d3d8e8dc66894c9c090b81c74028,zembed-1,2560
1222,art_01223,title_abstract,d91141e49378b4aac0bb00d037f6772cf3574d4d761db71bff78a94361b82233,zembed-1,2560
1223,art_01224,title_abstract,50727e68508e7676dd3b9a66a5d6385a98dfc1ce0a05c48e63beed5c03703f02,zembed-1,2560
1224,art_01225,title_abstract,db0855e8ea8e48fd51fd30603e40e5ed78b42be1add955aa865d55bad310dda3,zembed-1,2560
1225,art_01226,title_only,cbbe39e36e688578ad2253fcd0b773fe0cb4ef92cc808a01bacb8f0270ac2d1f,zembed-1,2560
1226,art_01227,title_only,31426068999168854ba40db9a58da695ea720f94f00c362c6d8c980102713eed,zembed-1,2560
1227,art_01228,title_only,357e2716a7c2a7dc6fb6e72132df26cf1066f830dcc786b8452aba90a612a32a,zembed-1,2560
1228,art_01229,title_only,5a1a77ee73211b0c3779037e00096d6221eea2de6de2b9fe987a4575d56f41b2,zembed-1,2560
1229,art_01230,title_abstract,cb39494f6580d8058c12e92ef2fb7251497f1719b0fdc5f9f6f5527982719fc0,zembed-1,2560
1230,art_01231,title_abstract,020718475cb01662175c39b1cb51baf7575e23a40c34e9797d57ed01cc0dbfe2,zembed-1,2560
1231,art_01232,title_abstract,9500f22bd7996c13834295c54ce4c9f619fb9572bae100c18cdf9ffe95d7c251,zembed-1,2560
1232,art_01233,title_abstract,b214db1054f0d8dd8011ddb08750e0c30958e430b94f52bc47f8babd955acd6e,zembed-1,2560
1233,art_01234,title_abstract,1cfa7a7c4a47ac7db10bc2e6f99938b9d5ccf5d0c9064f71a7691bc3dd70b010,zembed-1,2560
1234,art_01235,title_only,45f788fb856dff682195cf3ba3d9aba8622b181fcbb491ce07fb84280674c243,zembed-1,2560
1235,art_01236,title_only,06060ad13cec557956887f761376157571320845ea576a6b9c017d9f04874007,zembed-1,2560
1236,art_01237,title_abstract,5d84b3de4f8b08dcb9e73703868392a4b85cc3a4dc0558c1bd73a387c6eb9523,zembed-1,2560
1237,art_01238,title_abstract,380a07f2c7b88837c8cf9ffbeb4607eff7ff173ba2be7effbb985b7f2d212913,zembed-1,2560
1238,art_01239,title_only,80cd5a9c587323a958b077c3833e77d7f76a7560ce751a23017f0c7d03d5aeb9,zembed-1,2560
1239,art_01240,title_only,46c2782f285f1ec76a04fe970fcc59d4469d132172971b852fcaab7e508b0e0f,zembed-1,2560
1240,art_01241,title_abstract,fccfc83da4b27f34d025f51a5e5a04bef6f5f205db60bfaedb24d83fbf58bade,zembed-1,2560
1241,art_01242,title_abstract,3b5fb7f3ca5bd03d64b4ebd2bf02a1a7c5f9f2e57ffd2c802ea6ee3e1eea5b92,zembed-1,2560
1242,art_01243,title_only,f9a9b46bc37c65eee9addc761308eb0ae5c15320c7380957344e66d92d966d54,zembed-1,2560
1243,art_01244,title_abstract,43e71f09a36b30260f3d881aa2492b35b84fbb3d466f8c9a28c65fb5ab839301,zembed-1,2560
1244,art_01245,title_abstract,80b214f6fc3673e037fd5e0510e18baa3dec7963a5570fa5ee495a86f88a5d06,zembed-1,2560
1245,art_01246,title_abstract,573f7826774664643fcb1d51a8430c0e020e8d6af12a0573a182b547c5162973,zembed-1,2560
1246,art_01247,title_abstract,287a158e02b3a40f43bfe978c38aa77809f08d2f405e5205a37322e4bee51b4a,zembed-1,2560
1247,art_01248,title_abstract,4007865e724e043dcf9e8bd73696ec34a9bce61a25baba01813d2776ddbfb006,zembed-1,2560
1248,art_01249,title_only,51e11f36b5fda25c3faf7db2ef1a47edbf5a56351f4f97ace0b9d615a40cf454,zembed-1,2560
1249,art_01250,title_only,e0bb35defb4a4eb3eaaa9a98fddc0ec517b9ee6c2ae02a2fd6ebf20d3ee54e0e,zembed-1,2560
1250,art_01251,title_abstract,9373403b226a52d1255e880a8bdeb6cfa315a0869f58eedab1e80898609cc584,zembed-1,2560
1251,art_01252,title_abstract,1cf2cf4f78bc98edda4a3ff317eb71b0c36d750b089fbda11716005b9de218e8,zembed-1,2560
1252,art_01253,title_abstract,a8d019909830eb30d93f228ea502ca6e3d43f522658b53d42fe93dd79e7df7dc,zembed-1,2560
1253,art_01254,title_only,cf9b5e65c537bdd65d2e89cf08d507346c868b012d4dbbed9bf3b1885ec20cc9,zembed-1,2560
1254,art_01255,title_only,ac2f6cc833a7f3538bd781f07b77d88686d52a0f9a238de5873e4c46a17f57eb,zembed-1,2560
1255,art_01256,title_abstract,2c095948bba7a433ad18b6a201758d1f13e38148c2ab0de2be00d296e4583730,zembed-1,2560
1256,art_01257,title_abstract,3d6b1bb807ce1527e6501eb7f1577945aceb26b6d072f0e2f83841758c42e631,zembed-1,2560
1257,art_01258,title_abstract,55d17dbf1015d6ede3753ae2cc6c0b306c22f1a8c1a5e3824a9932c294b4fbe1,zembed-1,2560
1258,art_01259,title_abstract,d1f711246055f6b81a96c06c8fdd4a21a803cfad97a5cf53b249ab758794a396,zembed-1,2560
1259,art_01260,title_abstract,71063b61d5c7e1708d7559f7138ca7bb320ec86a34ce242b24b99569a4eb34db,zembed-1,2560
1260,art_01261,title_only,6eae1d4e191bb710c4c2d5d5d2def2a5c21cd7fd2061ca6fe4dc3f1bd185411d,zembed-1,2560
1261,art_01262,title_only,633fe19a6b62d7e1287beeef407a38aeb76ff735015a563d2930aa082939ef71,zembed-1,2560
1262,art_01263,title_abstract,fa79410e43cb8b5d9bc7f7364240330f98ef224b4fe9b9b17672910f06605455,zembed-1,2560
1263,art_01264,title_only,f660352a6df5b3e2bb7434cc872447cd004ea7bccd6714f4a0093e093c2e8e9b,zembed-1,2560
1264,art_01265,title_abstract,d5e201c566071bdf4765b1a936c1fc67cfa8afc415d667d6a51e51c7b05e5c96,zembed-1,2560
1265,art_01266,title_abstract,8c7d830a809523cc52512a272390e9fc2f92b96e92613b9ef289fe3d68f3ca72,zembed-1,2560
1266,art_01267,title_abstract,b42743c7966c2a1d21d135d123fb3525915d9bff9da146450ec895b0be85ef9b,zembed-1,2560
1267,art_01268,title_only,fa07c343eeaa988c7f8f797f0754a3e9ee115fe4652460faa03b63aa5d2a021c,zembed-1,2560
1268,art_01269,title_only,ae97a5439ed3356076a10012293621715cba88c7870d8650ff3cf3f4303d198c,zembed-1,2560
1269,art_01270,title_abstract,b8fa1231b01ec1d60ca8d51b16893b0445ff917d62b839324a64a810352c8925,zembed-1,2560
1270,art_01271,title_abstract,c494c4433fdd03482fa8f2df5e1ff0a177c19448b279889dc10acae6be15c535,zembed-1,2560
1271,art_01272,title_abstract,34dd1571b1931443c88c9bb3a4b7d83340340f8627433c0262cf802e999ede8d,zembed-1,2560
1272,art_01273,title_abstract,36cd939896b373bbf0c0febe101071746e30853036fce28800bada98eefad0bd,zembed-1,2560
1273,art_01274,title_abstract,5dfc0408468992ec095fc700161bea9bfdd83c755fc4d5ef5ac5bc08b25f88b5,zembed-1,2560
1274,art_01275,title_abstract,8d25bb47244cacc323e09c3315ecd3f5b643fd2e9bff3256fb32b22955765dac,zembed-1,2560
1275,art_01276,title_abstract,8195a9667595be90d3e9c0a99261669fd3c2e29e8e0c7b49e03a2e553710b022,zembed-1,2560
1276,art_01277,title_abstract,be68fe2560d964e5e36d13aa4ab4c72365255dd0a4792c4c4c8089d5c2a2a093,zembed-1,2560
1277,art_01278,title_only,aabb4804f6324aeb8fd2e4ab3f695591a4291b435e5ff9581d59f8b4d9fd55ff,zembed-1,2560
1278,art_01279,title_abstract,5f1b1750d2f35b73d5be1cfda5d25dda43df515ed62057b0a65e56ca71b17725,zembed-1,2560
1279,art_01280,title_abstract,ba10ee7966d677361ade4ffb6c342ae910d4f86f9394ad97aa1c3e6dd0ecec41,zembed-1,2560
1280,art_01281,title_abstract,8cf0162ddb2a1f8c59406cee59bce33bfd9fd7299c050be3c95d0b62402ac6d6,zembed-1,2560
1281,art_01282,title_only,fb371c3ab23832d45abc1c5d20cff4b2257ecf2ccd0d00e15d45cd25eb4b9153,zembed-1,2560
1282,art_01283,title_abstract,8b80aa303911b4b78426dc9f04e1a3ddd3fac14136cc74442328f9d21b0ea72b,zembed-1,2560
1283,art_01284,title_abstract,346250d3550a59346d969f19a7bbf38296dd2a54505d57531e116937eefba60c,zembed-1,2560
1284,art_01285,title_abstract,0541c425ae24d2055c770d1b534dc8db03bee5b7e92913abd8a2da6e223e4075,zembed-1,2560
1285,art_01286,title_abstract,503f312ce6815dba699be0f32c35a9b6bab24209496f6059319cea347bf36e42,zembed-1,2560
1286,art_01287,title_only,95cb1c15b31f4a0475cdda421e566cdffc00069aa9094357edd9943e6e804550,zembed-1,2560
1287,art_01288,title_abstract,f9dcdea5002a6b7740fa72c027f8faeeffd4238c29b8850e0e75a2f1fa8571d7,zembed-1,2560
1288,art_01289,title_abstract,ccb34623b830798b1fff43b76b482285b9dfceb44e587d8016522fb648906d88,zembed-1,2560
1289,art_01290,title_abstract,103f9b27c7ec9bd6d09ea726050053c26578b54bcad6acf23b93baf6f23a311c,zembed-1,2560
1290,art_01291,title_abstract,3756ca21cbf485f6fa72dd6e2de7d67bfb6d08f8b7ba9bb6a84993d0eda74bfc,zembed-1,2560
1291,art_01292,title_abstract,45eb6f2763186bb2fde64d21a8b06a63505fa1f0d490dee0409392c4064d2cbd,zembed-1,2560
1292,art_01293,title_abstract,e551282325cc273e51d5aab1f740cc4048009d500c16247902a178550f46c91b,zembed-1,2560
1293,art_01294,title_only,b28e33de0e519e955e07bf0d2f3cb919f790486e01559ce9627c131e3046d793,zembed-1,2560
1294,art_01295,title_only,52a251b25b1eb4ee6d5f4c9b3555caea775d60c3d9fd34c37175b44fbab3a985,zembed-1,2560
1295,art_01296,title_only,831a36baf65417d95a0db10d5c42356131e199e8722e21ff1d551aeb485f9349,zembed-1,2560
1296,art_01297,title_only,faef64d9a432f69f3442a386269e97fd0a35a9b6d7edf86f9558d2e72765a790,zembed-1,2560
1297,art_01298,title_abstract,29f17bffe9f4a7ba1620809965c32536e9cdbeb424f89c0d74347f80afa16511,zembed-1,2560
1298,art_01299,title_only,b206e6d00ea71f9a31da933964c52a9be7e2571efd6d596b51ec4d724d1815aa,zembed-1,2560
1299,art_01300,title_abstract,fc7749cae2044ae2044cafa09cc80c576b502834ecd3d5b7ba9ecb3225ac3686,zembed-1,2560
1300,art_01301,title_only,1474efc1fcd7be9317f9736fcc91e71908c014141123ed32390679422746cb9e,zembed-1,2560
1301,art_01302,title_abstract,90add3878b32e43017435c850920491c1aebe3bac9d6ef3e032d6e244f9a9b84,zembed-1,2560
1302,art_01303,title_abstract,6cf57efcadd4f942e46ff0bc6032607b2f7ee791b203ce9c3f0cd4139c7e5ebc,zembed-1,2560
1303,art_01304,title_abstract,c4eea52dca09e1acecfade08a9ef111ca8dc3edd8c794b7341a3b9e3b9e25325,zembed-1,2560
1304,art_01305,title_abstract,6b74b0405d81ffc94227df0e86fdac549697ebec3f6ff19c9f72389e4dd1a0a1,zembed-1,2560
1305,art_01306,title_abstract,95551c731efd777e88477491a667174639c9b12b7b8214db5a9b0af1ba1a23ff,zembed-1,2560
1306,art_01307,title_abstract,1e9b1e80e897e85972b619affea2ac597593afc3c81ab56b8308416734a17701,zembed-1,2560
1307,art_01308,title_only,3e9511827aec73306e138801ec11a7f25caae449ec1db62fdabd82ce380961d6,zembed-1,2560
1308,art_01309,title_only,1e5fab29582655a1ce58fdaea8e682ca83eb8b90a36a2aad786f1653b0dc33f2,zembed-1,2560
1309,art_01310,title_abstract,eaf294061db625d12e2966ba65393cb0bcdb61bf3381aad3aee0c4713b6f7de1,zembed-1,2560
1310,art_01311,title_abstract,4372ff1dd9f7573a6b811f2cbd84e40ed5eeab27160077ac09d8841a8eb6b6ba,zembed-1,2560
1311,art_01312,title_abstract,cee99bb4219da5cf553408bf670677f9681d6bd4f6aca84b2ae195269e6612e7,zembed-1,2560
1312,art_01313,title_only,9c130c221750f48ed08f047339dbf33ea3fbdd245811b2cee6964fabb3f90e1a,zembed-1,2560
1313,art_01314,title_abstract,fe0d178b4b72e65ddced3cab87ec5ed4ed37cd73527bc9a6f39207f7d1f27d85,zembed-1,2560
1314,art_01315,title_abstract,b369972d5879f07f8f10222f09fb8aabcf4ee65e0189907e362558d16bee288d,zembed-1,2560
1315,art_01316,title_abstract,ba87c55972c3436c0e72b904db10af7c857bd66d13b9c4a873d22121b88fcb30,zembed-1,2560
1316,art_01317,title_only,906dea92300b5463bd242a733586574ae77874d3e8b6afdbaa782c59d30952ea,zembed-1,2560
1317,art_01318,title_only,6347fdaa403c49d6f08317ff50d89797538b55bd59a0cd1e12dc3eec77f76961,zembed-1,2560
1318,art_01319,title_only,f307be54656e50b86a611b90bb9e213da06997922b5c774cf5456cdb0f2875c5,zembed-1,2560
1319,art_01320,title_abstract,cfd5f35820a52bb4ee62d0aa9225836baeb4727c71f451b0b6b639925c342b8f,zembed-1,2560
1320,art_01321,title_abstract,82ec3874ab63f769457f8794a702b75644806ad2bcabf3b5a56fe5453ca47029,zembed-1,2560
1321,art_01322,title_only,37a066a0d351262d46a1fdac2ba85174050c1a7b6950c7bf142be3b06a924f29,zembed-1,2560
1322,art_01323,title_abstract,011c3be2b808a6cab1093e5e9d3be510348c8df7d4736bbe99b625c920d8f712,zembed-1,2560
1323,art_01324,title_abstract,078f41039d712f066941bf6fa60a40d207dc0b1c30151861d0624c626545254b,zembed-1,2560
1324,art_01325,title_abstract,c7ccdba78b02e8f1e553d5a247035b337019b255a49f680a15f569a0e68e0d5a,zembed-1,2560
1325,art_01326,title_abstract,cab0f1a4cdb13b631bb28d7ccc1fd9f224dcf28f8f92563ed6dae44725b5d8a7,zembed-1,2560
1326,art_01327,title_abstract,cdc51652c3c5a9b0fe484d325f9859ac1a3ba7cc39312f95259b7f3f0982b6ce,zembed-1,2560
1327,art_01328,title_abstract,0ad31b7218da39bde748249ed31df0b956b1e293ec0de331dd12d9b2ec560f1a,zembed-1,2560
1328,art_01329,title_only,af91a24435419823b2444aadf1abd910a76057325029615878d6011812b67fef,zembed-1,2560
1329,art_01330,title_only,3ae04d3a7de74fd133f629dbab3a1f9281c3397360e71467415faefc53c49d5f,zembed-1,2560
1330,art_01331,title_abstract,bcbff9bdd3434e2b3c5645c7d6dada9a09ac48f6ff78a680ba4c4c068ca884ba,zembed-1,2560
1331,art_01332,title_abstract,dc397cfb62946f0777d6d4ad40a95f6871374dbf18d08d115492e64ce6857b68,zembed-1,2560
1332,art_01333,title_abstract,91e1c28dd159c52c2099796b7714932e350a9028a2c45d698fc947fab89ed972,zembed-1,2560
1333,art_01334,title_only,8cd3793ab51fb0fb12b38a8093c10db50287f6e0b50822c4c4fabae013134445,zembed-1,2560
1334,art_01335,title_only,c6dd7ace4fc484aeee9f9494216eb8ca3c39fd0e7b43b27543bdff77e790bb8c,zembed-1,2560
1335,art_01336,title_abstract,ccc7bc2bcab5f8a3b17b5997d42a249e954246352dbb78ef9adab1f90c28c399,zembed-1,2560
1336,art_01337,title_only,480c3ff29dc9e98092e46c11964b374d6374880d3a0dffd8a5eb869c07d4ca7a,zembed-1,2560
1337,art_01338,title_only,bb3732898767466476bfa116592fe26394899950a20fa5351fe56acb6387e26c,zembed-1,2560
1338,art_01339,title_abstract,2afd6e011560fa6ed5b879ace0fc4b7b26c5a660cbed9c2f4150fae72db1563f,zembed-1,2560
1339,art_01340,title_only,d50aa5ed7d176a281efada0f6ae65c86ba12cd4c92bc790a4e694c8d7fd63d62,zembed-1,2560
1340,art_01341,title_only,a3f1a45dd500d6d3334e675f434e30cd9eb699d3b66f481b8718e0618efb86c1,zembed-1,2560
1341,art_01342,title_only,db8b419cb26713883a4d6d0d28ae27a9cba4dea21e768df319400a79b14b9fad,zembed-1,2560
1342,art_01343,title_only,0b22ca334173dd1ff0fb5be68ee2715cf53714f096c0287e8e8392f0679ece70,zembed-1,2560
1343,art_01344,title_abstract,28e458d575d120ef7b20880601c8d9acec95a44d2304d6c154f08420b6777bdb,zembed-1,2560
1344,art_01345,title_abstract,fa9f9570672442df44e7e9dfecbdc7aaa3aae35b2e0ee39b06892befe593b104,zembed-1,2560
1345,art_01346,title_only,e559be9f525b38cc3bd23351c13e57c2b5033e8beb8740788017033fb9d0d1d5,zembed-1,2560
1346,art_01347,title_abstract,ab7b0e57c20365ff5acb3d43792067807b193d2793dd6afa67d44d6ad9a88ecf,zembed-1,2560
1347,art_01348,title_abstract,4f0d192824d6d4efa2a084efc38acba44c258ff4c6c06b10b2fcb74d94730987,zembed-1,2560
1348,art_01349,title_abstract,ebdc86024c7bd4adeb25ef9de9989ed16f9b6dc8bd26001984336150192e8dde,zembed-1,2560
1349,art_01350,title_abstract,b95b6cd1b7041c38e677600a61ea499ee9390366a03a1461d07761a611abbf3f,zembed-1,2560
1350,art_01351,title_abstract,7e740832c022a9386df673fa9ed7c545953047b1f95e7cadcb7914f347ce0dc8,zembed-1,2560
1351,art_01352,title_only,f2a0884c5462dc6e506af36b361a1ad8b93d41273e3b826a5800c6f66a85f49a,zembed-1,2560
1352,art_01353,title_only,25ee0c8af6521a054565575f2303ff6de27efd7f5e779579de4a616c7eadd141,zembed-1,2560
1353,art_01354,title_abstract,7a524d989ddfd5460b4427646e9fcc048b08a889ec49e813c1554a159625fb09,zembed-1,2560
1354,art_01355,title_only,6253ec30b9729babf1b4d45ef9b69f656924986b85d4c14aac6861a6c46f33c8,zembed-1,2560
1355,art_01356,title_abstract,13db79a4ac477de6f81de61975c3aa313f11954364441ded8fadee007f46f9e9,zembed-1,2560
1356,art_01357,title_abstract,4823563f181f4c4d4257bfd51c937d985d27bdcc55192bf1f41dddb7c475c862,zembed-1,2560
1357,art_01358,title_abstract,5fe33ae558cb6f42f56c8f89128f09f0b87e8dfa2395c80073adaac86daae5c7,zembed-1,2560
1358,art_01359,title_only,20830c86f2f059e375a5c25dbf9ee7d4386e24c79fbc7031df8525da9825be2c,zembed-1,2560
1359,art_01360,title_abstract,cec6f57913571801bc5fc7f71fdf4b7c3ab4641a9e25f859d61b856855ecbc6a,zembed-1,2560
1360,art_01361,title_only,ad7931a8c82564b1150579c8944a40371a207a3bda398c3b7f43cf1aea767995,zembed-1,2560
1361,art_01362,title_abstract,ed78724e6124ee04a47d94e1e4d53934051fa43c0cc94e06fce5e25b407a1e16,zembed-1,2560
1362,art_01363,title_abstract,affc0de90de19a2fc1c902277a50b818783813d9d270d8bf10f16c58bc46e64c,zembed-1,2560
1363,art_01364,title_abstract,cd757c9f15d1ecca7d92a0e99c43d1aaa44bb82f55d6636be357e2e5e07140b4,zembed-1,2560
1364,art_01365,title_only,c39949385345d58458a612f2a0be3a515433525f5155f3a344a8735b175f56dc,zembed-1,2560
1365,art_01366,title_abstract,e15603caef0b3d144cda7cdaac5aac1230789c18f051002478c45b76219d0d94,zembed-1,2560
1366,art_01367,title_abstract,ae898407bd3165be56925f8cfb1003fc9ca239cf714b4fce45d0b17d5386b6d6,zembed-1,2560
1367,art_01368,title_abstract,c70100ab78fbbbac00d40b8a74c15fb9cb3db20630e801b9d5aaf6439757c81a,zembed-1,2560
1368,art_01369,title_only,2c30fa456e3c3bb56f00059a64ed10c85285c64a09155214505a6b55eadc4dd0,zembed-1,2560
1369,art_01370,title_abstract,8f5bd9a9f597e8715a28d51cf5a1290b22dd1e403d6168975e215790df5b2f79,zembed-1,2560
1370,art_01371,title_abstract,aefc72aaeea52182c1bbf67bab5b6bc0e89cc32e7e1f1eb892b0de94a6bfa74e,zembed-1,2560
1371,art_01372,title_only,94579f5c43cfe0a24f91da467a539acbab6a7b90d58acb05b77bc8248ac79672,zembed-1,2560
1372,art_01373,title_abstract,d60ecaf1fc21ea56f89a80b7e84ac1c3f85d338e526db026577641ff8358d802,zembed-1,2560
1373,art_01374,title_abstract,14c57d82a76b7359c20492a373c122ed5c8e0230271f52747593e18d4fb94e0b,zembed-1,2560
1374,art_01375,title_abstract,a7ac6acae1773d82b62b96eaf61ddcd5b8d7bae208a63b4df50217d2ce765296,zembed-1,2560
1375,art_01376,title_abstract,c07a68d3b3f1d9ad5e6b96323d9f04e162a9864a0a541d3e48b6c0f2ae8a3508,zembed-1,2560
1376,art_01377,title_abstract,d14406d365cae86ab6a8bc49efe815eb5cf3517862ce73bcb529b6894d324019,zembed-1,2560
1377,art_01378,title_abstract,490f1f3d292205ca6ea9b4d949cf11f6f44c97e9fc404c8e17788ddd009c632d,zembed-1,2560
1378,art_01379,title_only,50c4b3497ef153ffa73c55ff36b098b810875dcc598c6cc32f3fc8e9970902c7,zembed-1,2560
1379,art_01380,title_abstract,dabf60867389be1e85814cc6bf6f08552b256af0d59fff52d83f612eee344a22,zembed-1,2560
1380,art_01381,title_abstract,292722e636fb5ca5f5d1e2338be11c826cda8a5dc2c38f3024dd8821421ca632,zembed-1,2560
1381,art_01382,title_abstract,d1244785b67caa7f06483079b6e65531c05bd96dd0b7a44415562ae90d0ee556,zembed-1,2560
1382,art_01383,title_abstract,c421377b711035c37d8e672fac99b3e233b9e27c7d7f02d1e94aea8d40d80b12,zembed-1,2560
1383,art_01384,title_abstract,67b82b931f922f26be2fb33c381278518a6a2b5b0f96eec42b2ce575c441a4cd,zembed-1,2560
1384,art_01385,title_only,c3c9bc8b83b8eec894c7a352d147e9c753efe5e5e3fee356d2ea8a5b905f7695,zembed-1,2560
1385,art_01386,title_abstract,f5256569e1c31d42ef14817b62258bef2e57726548ce184e199d14f515d7bff6,zembed-1,2560
1386,art_01387,title_only,234a67c04500527b2e4af56f4607e5f493a65973e45fc35f282c630336246acb,zembed-1,2560
1387,art_01388,title_abstract,23c75b497ff363288a1f5fd81f12d0abec856694733621a4838f13b7f91b6e3b,zembed-1,2560
1388,art_01389,title_only,c75244f635aed0866b17889517803f43ba61e03b238d23811f4ed4a19678a900,zembed-1,2560
1389,art_01390,title_only,1d64e1fff38065470f5bbf6aec7646c7c4cd50ed36d5634589189e41c289ab59,zembed-1,2560
1390,art_01391,title_only,a2518b89c6d300f3e6821c4be200a4357071e1e720c83b63159ac49c38409929,zembed-1,2560
1391,art_01392,title_abstract,70476495370a9db15159469277bcc0f73b711b659221174001e3321133cc4ee7,zembed-1,2560
1392,art_01393,title_abstract,4f63c4865c8e6c80674150c410163076c10b9cf70292053b33e9d16e8347ff1f,zembed-1,2560
1393,art_01394,title_only,81043bb68a5c396c74893c4a746fa855f7103ef29ec4e8840aced793763326a6,zembed-1,2560
1394,art_01395,title_abstract,40559f1d1d97e73eea768f85d759a13ad6672bba2a7e91b353c0ff8cbcc936fb,zembed-1,2560
1395,art_01396,title_abstract,20940fedc4ccf5c5fd1553b1f132d637f49aebe3965ac7bd086270fb5ae5d2a6,zembed-1,2560
1396,art_01397,title_only,d865cc43060286280dc8d23acd6a3388774ca29250a2bc67d15b127d874cd722,zembed-1,2560
1397,art_01398,title_only,acbf87cccb3c6ac8fcffbe5023b79d23a99275b80894dafca16bcedec5cfa85b,zembed-1,2560
1398,art_01399,title_abstract,0d06c70c421fab7a415efee7de9a291533fd1ad8e47545d94da89a78c78fe199,zembed-1,2560
1399,art_01400,title_only,e4d2e22b63c87e39165122b25459949b40ba3a972029317587e9070d557f3c1a,zembed-1,2560
1400,art_01401,title_only,245dd34bea28d498b4b68cfa1c13d33ed9238184ecbd051bf8c26836f9184ec9,zembed-1,2560
1401,art_01402,title_abstract,b03bf0cc5d68faffb324fd6afd5e6c6921493e0a752c357f637023e463fdb192,zembed-1,2560
1402,art_01403,title_only,5b5747b4fb8c6f95c74ae87652dcca28d24034291def906f0242b4bddb3ccb21,zembed-1,2560
1403,art_01404,title_abstract,223cb0b0399d1ed46fdac70dee20a35fd2869add3c4530c6dcec0b0a9171a4ed,zembed-1,2560
1404,art_01405,title_only,ebd2fe76aab3b04044788185e7efbcd73407329e48dea07cf48b6848e75e8823,zembed-1,2560
1405,art_01406,title_abstract,7eaec700cef3c9429f71ef4cfb7c6b32f6ae8c1062f291f507566763e15c03a5,zembed-1,2560
1406,art_01407,title_only,ad4a3399ce68224ecb13e27fa7694b154dafe361f961f62a472484c101da64e4,zembed-1,2560
1407,art_01408,title_only,179f04ba882e5447f5b4bd54a73c67e632ea0ac196ef72d77857c84a648d706d,zembed-1,2560
1408,art_01409,title_only,c7acb4549963357754fff1436e95fb4f50b8b363e0be96de4ed12a4edd640d9c,zembed-1,2560
1409,art_01410,title_only,6bf077675ffe53cc727a96788298d1e9fb39d8cec647e5e929fdac5d3f6a28c6,zembed-1,2560
1410,art_01411,title_abstract,6d3e7945b6179fb5969291c8ce806341aa7a62c0c65e5e143702c2dfe9300065,zembed-1,2560
1411,art_01412,title_only,8e5ea4c94c739e3ba1754bba4a22c7aa1cb72c37f560536a4ccfc8d2866db1e4,zembed-1,2560
1412,art_01413,title_abstract,5f564003e2d920c1375c5442147e298bf2e7181fc903766bbf4124e14386ee31,zembed-1,2560
1413,art_01414,title_abstract,14d69c455b8259e800140a2948cf940588d8bf7448820b169fea442a2f44fe21,zembed-1,2560
1414,art_01415,title_only,54e08da7e88a85c26dac7d75a727b09537cae4e908b7ea6b1ff2a4a3f8bd4e87,zembed-1,2560
1415,art_01416,title_abstract,6fe3e949fc53f0a6e9d9c7e63d563753d44cf930a4a40f75488dd11236462242,zembed-1,2560
1416,art_01417,title_only,9182ac7be6c5cba40b30abe31526569cd546f32fe6818d5f7e215e838e84e891,zembed-1,2560
1417,art_01418,title_abstract,47a4febc86e155968e411dabd03ce9260686a7ab04abf8d85684cae71d818fd1,zembed-1,2560
1418,art_01419,title_abstract,dd20efdc099ae1b39d5dcd77425108060c16a0be3b8e91a82cfe218502d6a96f,zembed-1,2560
1419,art_01420,title_abstract,40ab64d15179d32d74a4185db9ac06b6bb221d012025f99242347837520f8e5d,zembed-1,2560
1420,art_01421,title_only,0835d95266a85484621242508482840dc7208b1c9182380c89ae151c626633c7,zembed-1,2560
1421,art_01422,title_abstract,b065a672197d6dbf57413f59aeff59193c8f022e40dca5e1e23cddb485e57248,zembed-1,2560
1422,art_01423,title_only,b5da22ac49928b52c7561bec70f787282209f6bcf741e364847b57f4d8ce06b7,zembed-1,2560
1423,art_01424,title_only,45a7a5bb62fbcecb988beb76843f6fa56a1123c88a007ce27c06565b48d9bb9c,zembed-1,2560
1424,art_01425,title_abstract,6a56b354f716bb71454922d0b8f23fee521d781507195364d0fe27921d4b5491,zembed-1,2560
1425,art_01426,title_abstract,db137a0d8da5b73aee7d36edec7f83de60d3e1edb4fe2afc859dddeb171580df,zembed-1,2560
1426,art_01427,title_abstract,d2a0cb85748706480a4dcaa3c3d00bcdc98ba8cd5e0c82628a7f4bd2d885f6ba,zembed-1,2560
1427,art_01428,title_abstract,ba2fda1b871646069f7039c73a71ed8398ee204785ee7f6b559072ad18aa3cd9,zembed-1,2560
1428,art_01429,title_abstract,2c4a388b3918068ce6ffc8a7fea796d7d2bc7201a3cdd46eb3258c000f740efb,zembed-1,2560
1429,art_01430,title_only,f8d41bcb1f666e6b063018a88efaacc8f940d6ad5f757c9f5c729097b81982a3,zembed-1,2560
1430,art_01431,title_abstract,1004658a775fb59a1ebea87a18232b5391e582e1e8f9163f5793ea1bbfef8e57,zembed-1,2560
1431,art_01432,title_abstract,661e30a06e35a9b2f890c6c9980f76a73e15ef48f87cd04fcef3ded105b8a676,zembed-1,2560
1432,art_01433,title_abstract,65069fda6b9bb434d0d3ca31ba4a27facd8088dec37921d621d647b0fcc9263b,zembed-1,2560
1433,art_01434,title_abstract,ace75ea01b5a114c1e6114cfc248ddcb6eebf853ecde3f86471e1fedad5d4969,zembed-1,2560
1434,art_01435,title_abstract,bdc779879f62bf71cbed0bc9200209b90b31e0bcb23f889fad4fe50e98a9251b,zembed-1,2560
1435,art_01436,title_only,fe00f16b0214a25e24d4ff0fcfa2a8f59714e9f690c23683b924245ab324c256,zembed-1,2560
1436,art_01437,title_abstract,a9b92e597c6aff3acefbbee9594764b0b6c2468c28cc4adaf55f41badf7e2fda,zembed-1,2560
1437,art_01438,title_abstract,e118237842d1afcdaf315480903ebd21aaf6eb794db19ec0e1c954f9729e521b,zembed-1,2560
1438,art_01439,title_abstract,53ea86abd69c75504a3d21f9e4049c7d374f2485503135f7c73c082e84c9aa75,zembed-1,2560
1439,art_01440,title_abstract,8363c7c217f7ad06db8bf2ee87d2b129bc633523c72c020fc62caba62095a3e7,zembed-1,2560
1440,art_01441,title_abstract,2704bf6cda46b44492e10e13d1fee87c17f519c312316fc25de867ff8a09ec87,zembed-1,2560
1441,art_01442,title_abstract,b6c95253ce7377a1b17d9cd69795ca7d98797604ec93d7b482b07f1c8cf5d278,zembed-1,2560
1442,art_01443,title_abstract,2bddd535e1e9cb01306354a1abc6fc595016c4b11f010eb5f51cedcbe8d6c357,zembed-1,2560
1443,art_01444,title_abstract,ebb8488d369f4985e402ed9fe81cb9972eef4a2455992da226fc4a62d5519b99,zembed-1,2560
1444,art_01445,title_only,58853af31c46752c3381f908546754b1bdc28623f3ea17fe325ba1df2988a665,zembed-1,2560
1445,art_01446,title_only,cfdc7cae7d2e7b0bd4d1807a657de6b5b8919abec55014836e0599944bbfa9d8,zembed-1,2560
1446,art_01447,title_abstract,b67f2d2cc2dc487eaae6f345f3f79f35954f28628ae6c1af746b00eeb320e125,zembed-1,2560
1447,art_01448,title_abstract,24756870c08093d1386542ceb7131d66ef74134d868641b4bdc451499de84fd4,zembed-1,2560
1448,art_01449,title_abstract,8639ea978f1171955ba1bd2993d54cb5d0f01fb3579703186e754f2692e0e0b2,zembed-1,2560
1449,art_01450,title_abstract,74b0e85bd15f941781c5a87d610f784bc54b6d8c67c0482e119e45ac3df692e1,zembed-1,2560
1450,art_01451,title_abstract,67d1fda8339a403ee466cff3a315c4e1183df33ae5067ae94ee595516e1b1c7e,zembed-1,2560
1451,art_01452,title_abstract,2d45cb21a37d696ddcfaa78548ca0da729738b168cb64b96e27a86f1e0c80cae,zembed-1,2560
1452,art_01453,title_only,f9f14298039d231c7b59aae89b5e20f9354e3134e0e8f63f71535e33c5f8eef1,zembed-1,2560
1453,art_01454,title_abstract,30b2fb0fead8cbfad25508212b9a119f4f63d0992411ce70e589a6c882f9e75b,zembed-1,2560
1454,art_01455,title_abstract,f092072cf3dd2d5c44457a910dc34d62c1522602baaf024ab6832a4f933ab62f,zembed-1,2560
1455,art_01456,title_abstract,7ca33b71567fda8d25e942e3ac17e442f0c06e21f51882fc67f4c12ebb3e0faa,zembed-1,2560
1456,art_01457,title_abstract,36f5ca07dd44436279d1d95dcc76b500ef01ad0bcf49b36f8155cb807264c3cf,zembed-1,2560
1457,art_01458,title_abstract,8cfd84373fa4e802f5fa2f3f92a779bce16d3abf05e0f506dec736ed3613ab55,zembed-1,2560
1458,art_01459,title_only,7f3a196177364b5be38cb0178c3d5849e7678ceb1a973c64571595ae21a2c2e4,zembed-1,2560
1459,art_01460,title_only,75157a827e782f50f1e1752a93b90d20cbfd092242f060b23eb4abbcb05245a8,zembed-1,2560
1460,art_01461,title_abstract,4fed92905c4a7ebdfcbded8b434888c20d04ded3f5e7559d4720f6f089adf7fa,zembed-1,2560
1461,art_01462,title_abstract,318bc2c67d8f2b5939359a0b0d7219fb0ab6035b7eafa3bf2a1a3621bbc2bdc1,zembed-1,2560
1462,art_01463,title_abstract,5c301379b56ab384c6864211976ba362ee47d92351065561c363b210a67a36af,zembed-1,2560
1463,art_01464,title_abstract,4188132ce98b2516cee1e2f58779d523e413f2e97705f0d41291996d674486de,zembed-1,2560
1464,art_01465,title_only,ce95b189a55e416de70994dd45716b2b7cb45d064c6c0a86db7f5507914ddbef,zembed-1,2560
1465,art_01466,title_abstract,f0881e512ea8a48d3271e0c09076a527789e62a4438c62679e44be842ec1aafa,zembed-1,2560
1466,art_01467,title_abstract,953a8a6b43c798ccd76371a8fdd0815a8ef43d560e13145f97cfa4de0168e29e,zembed-1,2560
1467,art_01468,title_only,f5aa2b56f12a227bdc9c6e1a407f6b4bb006f2d37f52debf3af08821cc4d109a,zembed-1,2560
1468,art_01469,title_only,441d081395881c69a628653040a11e22b14c6b0e8a3da7a130c4d5ef0f2c1634,zembed-1,2560
1469,art_01470,title_only,6d1b01b5efa5758e81a429babffa217ca93291f6fc6beb80b91865fda3d2ae34,zembed-1,2560
1470,art_01471,title_abstract,e85921dc3e54dd5e3b4d18613cc9993f57c3c02dbf8f5052e75af9bba2876742,zembed-1,2560
1471,art_01472,title_only,3f8b4810cde00644f94f55055307db2d57be3bf2f7b57d1a906eb9b55a298e4f,zembed-1,2560
1472,art_01473,title_only,0ba937905d27dc73a62713d3390e5b36d6197fbfe914460c381d1d79e8194ea3,zembed-1,2560
1473,art_01474,title_only,a413aabe9e6857ee550fe166b0ffa919494d7ad9b3976c0f306b0e6f7539ae6c,zembed-1,2560
1474,art_01475,title_only,80bd26692d32afb559beb6892662818bf216c31c11389dc73b55562ae2b57044,zembed-1,2560
1475,art_01476,title_only,022ed2f5a43c37f32a678196911d8f6b67f3eb1a5123097ed1e1cba99b165587,zembed-1,2560
1476,art_01477,title_only,90aff77fb7b9a27cc33f4ef265ddbc64396a09157c34fd6234bbf84ecf6d0356,zembed-1,2560
1477,art_01478,title_only,1b780911ef581da32e15d28f47195d36a50c9c0571909b20dd66ee488da1768d,zembed-1,2560
1478,art_01479,title_abstract,f0da09d556bb2707c06d3e37696d12eed3406b80073aac4afceb7594cf647714,zembed-1,2560
1479,art_01480,title_abstract,0c95b706786a65f7279fd42a2e4aed94e3951b9c2557d627397869419d9aed3c,zembed-1,2560
1480,art_01481,title_abstract,5bb05c9844f0edaf5418203d855ab77091fc951e83d8169139a734c1c08ff9a7,zembed-1,2560
1481,art_01482,title_abstract,b7a70c37f74054b7997d40e98b7dc9ac73781f78a3dc94565d83c7a62bd88eb0,zembed-1,2560
1482,art_01483,title_only,f726244d59a2590ba5d633b01d7ade7a8eb7a32ca610475418710ded2e189804,zembed-1,2560
1483,art_01484,title_abstract,3998afc34e6a824d1411098cc2661781001f65fda989fa10d386856d5fc0e752,zembed-1,2560
1484,art_01485,title_abstract,5d9b6b297fceb0fe6b19dc5f90f0e0adf10a12759b4efcfa70c3227e4e40f1a9,zembed-1,2560
1485,art_01486,title_abstract,4d36e8c3decea4c98b7ae875d6349c96c17eab715ea5f4daae30253c1e5dc0da,zembed-1,2560
1486,art_01487,title_abstract,5b58a06bf2dec9ef291d1c16603ee6e1d93d3a98a5fdb6b49ce0b10cb0ca3c40,zembed-1,2560
1487,art_01488,title_only,23ee16c6df482331e8d2b17b4594ea75011fdc6fcba8a12188f07502f1d441e5,zembed-1,2560
1488,art_01489,title_abstract,b34f7c8d9b686795033cdb3ce39b84ab03f398484a1ef6a5def4e34d154a63db,zembed-1,2560
1489,art_01490,title_abstract,4db23f404c2c00e469f7179e3ce8cea16abbeefa245601e146a546e05e7af9b9,zembed-1,2560
1490,art_01491,title_abstract,d7b192f5e9e943ed6668efaf6f1643aff91404adedae4421056eb3976c9887d8,zembed-1,2560
1491,art_01492,title_abstract,54e8df5baabc155f9ff1aa62e2d60ca22dd3f426d8889ed27e0f03a4f426d67e,zembed-1,2560
1492,art_01493,title_abstract,f1516a748f6927df081ddafa2d2801152671da15a7b51a682234bbe160a7e625,zembed-1,2560
1493,art_01494,title_abstract,1fb29f8c8e52a025e36b8d786c3ebbfcfbc4b0884d2534262cc58e5affcb5118,zembed-1,2560
1494,art_01495,title_only,fa84688720bb953f2dcf00b04ff5865f845f966b6a95956973da67b526516a21,zembed-1,2560
1495,art_01496,title_abstract,2151dd6f50596c7b3e9bed4923124458676dd887cae541685face6f523ef3428,zembed-1,2560
1496,art_01497,title_only,c782b28d8a057f202528aca96dd8e456977aa7e1cf724b35bf8e9422d4a16919,zembed-1,2560
1497,art_01498,title_abstract,0c6197411102afd44c13cbb7a1c1ff023fd8b62b04ce03a5b321b87826b64c9f,zembed-1,2560
1498,art_01499,title_abstract,9b01c1a6a343a458dded1666c679be6880073dc212f178b4e7ea1275285daf4f,zembed-1,2560
1499,art_01500,title_abstract,26aa7f163ee7c839c17defab9d2912f57eb6277c8be623f2b92b31976b31e44a,zembed-1,2560
1500,art_01501,title_abstract,cf015e89922b693f971f665d02278cfa4311c0c0521fd642ac618ed1277568c8,zembed-1,2560
1501,art_01502,title_abstract,a719914d8dce145178cfd640f77ffe8aa8a7fb67b40ca54173c6b17c04ee45d9,zembed-1,2560
1502,art_01503,title_only,20e7f5d9435a2d4d059965fd99bb772e636ece08e3ec953003ef349ec5afaaa7,zembed-1,2560
1503,art_01504,title_abstract,07b79cbdc068c6a7b569c2cddc129278f261ad67c5c803e810431e5c02bc307b,zembed-1,2560
1504,art_01505,title_abstract,65309f0e2389735b1b4934fb19eb047986211b749d624cb154377522bbd340da,zembed-1,2560
1505,art_01506,title_abstract,c5fcd777235ffe97e578ce35cdab689af2c52217998f6840aceffc1c3c073b1f,zembed-1,2560
1506,art_01507,title_only,63df199294bc5abe1a83d630e97e9ce7d1bcd2323993f91b484ea5ec9f12e2dd,zembed-1,2560
1507,art_01508,title_only,b7a974514ff2e4477870cc1404ffb40b0ae5c3883bc94bfeccde09c9b017ac23,zembed-1,2560
1508,art_01509,title_abstract,a99044123d8266d221678436722b1f4193c1a10357b26c2078abc9586f186e1f,zembed-1,2560
1509,art_01510,title_abstract,bfe721d97ac2257d982a7450957513114784054f69df0ef225e8b8c0da09c5c5,zembed-1,2560
1510,art_01511,title_only,8d0eeeee1c2c6b3393f90a90c8c3f5c0f67cb8244327da9bd3a1b977ca9ee636,zembed-1,2560
1511,art_01512,title_abstract,02e0938c2940ba2b3fde650c082b994809133acfe3db7cbf4c9f2513fd6c282c,zembed-1,2560
1512,art_01513,title_abstract,0b55d000b140ae1fbb96149443b21deadb6260c825659be58154190ecc54c180,zembed-1,2560
1513,art_01514,title_only,475d49568fc36c2fd0e5b0b2c3f38dcfaab32855f1f83f6174c374c0dd918a21,zembed-1,2560
1514,art_01515,title_abstract,1dc9d7fc6723d2b0c5463a681cd1165d6a25f60993fd26b4d34cce83518f4446,zembed-1,2560
1515,art_01516,title_abstract,77a7d83d968b1c307dbd48979ee30ab6dc436be478b59cea892824380dc99255,zembed-1,2560
1516,art_01517,title_only,ee9836b418b04fbedda9f990efdcaca152d153d19ada7ae684b371e89ef4b6e1,zembed-1,2560
1517,art_01518,title_abstract,dc696b08ffe802491e6f43ed6ae43c2e1162abaad554efc5e9c9ea6649958783,zembed-1,2560
1518,art_01519,title_abstract,185068587e377f7437acb6337f997a33367fc404f4467d24641191efa4c4d2a7,zembed-1,2560
1519,art_01520,title_abstract,3f742d9008895ac2b21d582e53ae080dbef446928e313b593e94fe5b14077b52,zembed-1,2560
1520,art_01521,title_abstract,c291fdcbba8c7b065c320ffc23833a964eb2e84655dc8ebac18a98081342ac8f,zembed-1,2560
1521,art_01522,title_only,32184006added57fd22d9f42d46a115bd197750e2bb3658ae005f2274a0f8beb,zembed-1,2560
1522,art_01523,title_abstract,701aca9be2360748a2d3545eb0f0aa77beae84ed9004669ce57ee79a091649e9,zembed-1,2560
1523,art_01524,title_abstract,4ef7abdbf745b2f3fe2933403fa3609dad5ba3821ebd487ccf16fbab4571dd71,zembed-1,2560
1524,art_01525,title_only,a7d6a9bfb907a7bbadcb2a1d71f4138fcad7d5eff488381a7ec93f43243615c4,zembed-1,2560
1525,art_01526,title_abstract,4c9b921010152f3f05bf0c8989b0d752c81ea24e97d762410c30f8fec4969297,zembed-1,2560
1526,art_01527,title_abstract,b1a87c5263164881926dfcdd0d3ed0e8818fe2374388947d8b827420354f5fb3,zembed-1,2560
1527,art_01528,title_only,f933dd8e428a6368034d36968a36f9ec4b5617fd7a227b7f96384a63e62a94b1,zembed-1,2560
1528,art_01529,title_abstract,76800f41b6d83b435876b7cd1de1717f006b62b219014904d522506408b0e625,zembed-1,2560
1529,art_01530,title_only,07e23715102a3770f4d05a53578af4b1b3b22b4c709f6e0b8b1119568db2a5f5,zembed-1,2560
1530,art_01531,title_abstract,9c6aec677d02c5a06283621325248c5fcab3ed7d8a908a73359cc00c93872ba7,zembed-1,2560
1531,art_01532,title_abstract,794d1c0a835acce2e596a0470de7b6ea0a8a64df24e407bae7640e533e8145c2,zembed-1,2560
1532,art_01533,title_abstract,b767cd392366a97534aab16486bb38eabf7fac98ecae37019b24558d693b657a,zembed-1,2560
1533,art_01534,title_abstract,c5de3f3de78c4f22dc8e59f25dac41ebde7cc35048a043a5d1a8eefeeb1cbad3,zembed-1,2560
1534,art_01535,title_abstract,e61bb32cf895fbc57c7ebf3cf9d50eafa9a48d1d3aed76203cd16f87097579d3,zembed-1,2560
1535,art_01536,title_abstract,c311c86d43c883db675dd7469fb7dec20d1dbd4c55c46e69817d8f8da7c0df59,zembed-1,2560
1536,art_01537,title_abstract,7273dad5b02c152fe9eb8243a0799719e8080e6aeebd62836f2cbd73926119a8,zembed-1,2560
1537,art_01538,title_abstract,4596f127bc8936770329a20e124b367adcb8abd491daa57098234012658952c8,zembed-1,2560
1538,art_01539,title_only,f535d5afabeabb81d4442a501fff2bf75efaa2d3be1234ace0c21a9c039d6c48,zembed-1,2560
1539,art_01540,title_abstract,bc7b51474d624fb6f1fed04b505bece666c8d89e23c30226a79c7b154be1172c,zembed-1,2560
1540,art_01541,title_abstract,5ff7c1fd367c829e822e3174f70fe410154f347424d27d8fd1d8ef24fc5d840f,zembed-1,2560
1541,art_01542,title_abstract,0c5343efee9e65a187e58266d4ea9ccd247bb2e129d2ca4b8cb4534e2815fc7c,zembed-1,2560
1542,art_01543,title_abstract,7276c6936f85557c5993d8f6986117e05b367e427caf20cab9a9f09215e90198,zembed-1,2560
1543,art_01544,title_abstract,f5d68135e7070ddfe3233363e8949bd02646fd177d975cfaa11a71e0373e8538,zembed-1,2560
1544,art_01545,title_abstract,92f7a7ac58779f7dc3c417488a2e267f85c860db8b8392d6ef71bcb4e97b7646,zembed-1,2560
1545,art_01546,title_only,dc1270a5a4b2c15b1e883dd86818f888211fc97d8634863d77d56abff2633588,zembed-1,2560
1546,art_01547,title_only,9a6c9f7f14fc3046bb953ccbfc9662fc6e157a68e5a87d7a81f2599fb0321b6e,zembed-1,2560
1547,art_01548,title_only,663fd5b71d74f3c4bc509c46e0e7fecfc70864bcfc5efbc292f2df375a85c4b9,zembed-1,2560
1548,art_01549,title_abstract,38fec2e5295d6f348d0eea9529aef513b27bfc687af259c73ed4effdabe5d4b3,zembed-1,2560
1549,art_01550,title_only,793e29e3b2ff0b82c2d05c3fc8770762cdef2089c0aad6c2726cded63de57121,zembed-1,2560
1550,art_01551,title_only,d464d4d8932389bf799b3d47659e7ed11055320fb04e2d2e28647806a352551f,zembed-1,2560
1551,art_01552,title_abstract,31e627ad415dc8b8852b40f61de7dc9a58b0a476368d0b08ed03f6177cb5045e,zembed-1,2560
1552,art_01553,title_abstract,b5b2f8a91862538ffd0b8c9914427b7b97f7b3963f5696616959e027708c0312,zembed-1,2560
1553,art_01554,title_abstract,2d7fdf917a7511445719aaa8e84324420255148ec6e2920a836280f9fb00d957,zembed-1,2560
1554,art_01555,title_only,a2ef03e455382b98d5084e2e4a64ffd6e5dd1c45cb3352a8d20797e078a9dd32,zembed-1,2560
1555,art_01556,title_abstract,d5379981422a47dc6510b1b228e09ede910f0fdba8b107ea682d02c1fb5153bb,zembed-1,2560
1556,art_01557,title_abstract,e20e9f1583abb421c2190a85d581c38d5eb300dbf2eceda50d65e1bb5c21a646,zembed-1,2560
1557,art_01558,title_abstract,d2ec6a445865fc38a79ec5ec9045558e420769ab773d19fa7f55a06a8436dc31,zembed-1,2560
1558,art_01559,title_abstract,d11830854ea370f61e5e677ce58da5f1e022fba396bb11131d2b6e780fc51893,zembed-1,2560
1559,art_01560,title_only,cca0d012000dc8770029201666e70f57f3311ed3b98ca7054c330692235e1778,zembed-1,2560
1560,art_01561,title_abstract,2e336d256d1e3884394f1742ecaa4d2322ec04a14c93776f19965d6aaeebee44,zembed-1,2560
1561,art_01562,title_abstract,eb58caeb04a9037465c1eb7bde1216fcda7973358f7a38af8473794050f3c6c4,zembed-1,2560
1562,art_01563,title_abstract,a507a5ee5b7c0b73cc59510b0478145f232986d5b992bb2f7f97a99f70c5c9c0,zembed-1,2560
1563,art_01564,title_only,a35a297bda641232ed93d9d3ff64ba63e275299279c83cc4f3a8a35d30245927,zembed-1,2560
1564,art_01565,title_abstract,a4dd78602bfb80ca488380dfbb96b879c2072f286913b0180b2ff839b580647c,zembed-1,2560
1565,art_01566,title_abstract,f99c24ee3108afe210caa946c0d77db3bd16fa28df87e23e4cac902948616295,zembed-1,2560
1566,art_01567,title_abstract,d033fbd48d2c580671e165821a4e152fe9641161c46ecf23d5543991094f27ae,zembed-1,2560
1567,art_01568,title_abstract,bbb9a6b16d4dd4d0e35e4664e978c454bc3262b400a12ec61542f00e792ebdd5,zembed-1,2560
1568,art_01569,title_abstract,ac975c013e85e19170524109d11d6cc828758aab77c941bcd32a637fa9ff0e09,zembed-1,2560
1569,art_01570,title_abstract,bb1e6bfb604f558f87c18ce32cc7c862b3ad433b15ae2c7d2cea238c44f4fd85,zembed-1,2560
1570,art_01571,title_abstract,0bf671ef82c667a8cbab5fa9e8bcf156d2cec1b083efbc213314ec2d0e5e33a0,zembed-1,2560
1571,art_01572,title_only,c92634a0beb12aa037d19b2a892ed72b071f7935233acb635d611a3f22e400a2,zembed-1,2560
1572,art_01573,title_only,f73931d2225c6ca549eb48ee2b94133231822d53058855402d06953f9645d94b,zembed-1,2560
1573,art_01574,title_only,6665348a61d00ac41f1fd3832e8722217f75712c1eaa58f38f9d602a43b72bc8,zembed-1,2560
1574,art_01575,title_only,590ba97438271b80d3e01ec95523c55fddca73af53834cea0f6263375ff0aa15,zembed-1,2560
1575,art_01576,title_only,e02ac3620ba899874d2832f2ef06d5767b79f01f36f7baacc7aad086172f228c,zembed-1,2560
1576,art_01577,title_abstract,0f8b5159751cc54983c80a42cb46c82fa2f0d4917c5edecc0d826ec2bde7a112,zembed-1,2560
1577,art_01578,title_abstract,af64f0b0d48e26acffa9d962f6c91182e4f6772cdf716288bff1bb322070bb0f,zembed-1,2560
1578,art_01579,title_only,210b2b00bef9e217760d6a22540dca650c1d3956104d3f588edc0f97facd9b8a,zembed-1,2560
1579,art_01580,title_abstract,b167c8748b383a2b2fbba0d0a07ae616dec03aa0e861e431daf2f10aed4a313c,zembed-1,2560
1580,art_01581,title_abstract,51fe27ed1d75f3ccf79352a1b5385cff0076f685984f6f65f2939c583a17cec6,zembed-1,2560
1581,art_01582,title_abstract,38f2450fe2dc4ca813d0c4d7dfa76e84ef24fbe9ce61fef9c7b6beb62191de49,zembed-1,2560
1582,art_01583,title_abstract,aaa6bac05aff9c055ed5c8e5b014571d4056ff69729bbde5987554aa1d9d9496,zembed-1,2560
1583,art_01584,title_only,f2d6bbdfd9e2c94441f87c24d48767d1ea24e6b754b2528068dba1a94bfd1e1f,zembed-1,2560
1584,art_01585,title_only,890a8ad86e73efa0e165706dd725544032ae6a6bfb6c6984cc9ce70fe6512c7e,zembed-1,2560
1585,art_01586,title_only,2633adf1a3d3d8c09fd0fa05a2d458a2734f7c5a10f12cfbf8521a46e1861383,zembed-1,2560
1586,art_01587,title_abstract,2ab1835ecd3843ec7ad5d827a175db69d69468ed8127406459d9c061ff7c222d,zembed-1,2560
1587,art_01588,title_only,981029211d92d8e2adad59834879bfa574c298311be369b1e03821004c90aa67,zembed-1,2560
1588,art_01589,title_abstract,9290d873a3d190f228f72cdfcc87a1d1bf10faa498432691e3a9c377188f26d2,zembed-1,2560
1589,art_01590,title_only,17028a54119a5b575e0160ee0a7243d9d142c475b59dc73cc2ae7e8fa11a35e8,zembed-1,2560
1590,art_01591,title_abstract,4617c870f9d0524f83be86841e6429812b7e279dc68a0aaf41376888f4439555,zembed-1,2560
